[www.haravan.com/index.html]
[backblue.gif]
[fade.gif]
[index.html]
[hstatic.net/0/0/global/design/haravan/h_haravan_home/images/img_commont/favicon.png]
[theme.hstatic.net/1000001117/1001120712/14/sharefb-home9d62.png]
[file.hstatic.net/1000001117/file/2_website_chuyen_doi_cao.jpg]
[theme.hstatic.net/1000001117/1001120712/14/jquery.fancybox_v3-2018.min9d62.css]
[theme.hstatic.net/1000001117/1001120712/14/slick.min9d62.css]
[theme.hstatic.net/1000001117/1001120712/14/slicknav-v1.59d62.css]
[theme.hstatic.net/1000001117/1001120712/14/menumain-new.scss9d62.css]
[theme.hstatic.net/1000001117/1001120712/14/homepage-2025.scss9d62.css]
[theme.hstatic.net/1000001117/1001120712/14/jquery.cookie9d62.js]
[stats.hstatic.net/beacon.min.js]
[dev.visualwebsiteoptimizer.com/ee5ba7.gif]
[www.haravan.com/GET]
[www.haravan.com/haraweb.html]
[www.haravan.com/pages/thiet-ke-website-doanh-nghiep.html]
[www.haravan.com/pages/haravan-ai-chat.html]
[www.haravan.com/pages/chatbot.html]
[www.haravan.com/pages/crm-marketing-tong-quan.html]
[www.haravan.com/pages/phan-mem-quan-ly-khach-hang-haraloyalty.html]
[www.haravan.com/pages/giai-phap-do-luong-chuyen-doi-conversion-api-haravan.html]
[www.haravan.com/omnichannel.html]
[www.haravan.com/pages/phan-mem-ban-hang-facebook-harasocial.html]
[www.haravan.com/pages/phan-mem-ban-hang-livestream.html]
[www.haravan.com/pages/phan-mem-quan-ly-cua-hang-hararetail.html]
[www.haravan.com/pages/channels.html]
[www.haravan.com/pages/manage.html]
[www.haravan.com/pages/phan-mem-quan-ly-don-hang.html]
[www.haravan.com/pages/phan-mem-quan-ly-kho.html]
[www.haravan.com/pages/payment.html]
[www.haravan.com/ship.html]
[www.haravan.com/pages/phan-mem-quan-ly-thu-chi.html]
[www.haravan.com/pages/crm-marketing-quan-ly-khach-hang.html]
[www.haravan.com/pages/giai-phap-xuat-hoa-don-dien-tu.html]
[file.hstatic.net/1000001117/file/menu-banner2.png]
[www.haravan.com/pages/enterprise.html]
[www.haravan.com/pages/haravan-priority.html]
[www.haravan.com/pages/dich-vu-headless-commerce-enterprise-haravan.html]
[www.haravan.com/pages/pricing.html]
[www.haravan.com/pages/khach-hang-haravan.html]
[www.haravan.com/pages/contact.html]
[www.haravan.com/pages/onboarding.html]
[www.haravan.com/pages/haravan-all-in-one-tat-ca-tinh-nang.html]
[file.hstatic.net/1000001117/file/hero-preview-mb.png]
[file.hstatic.net/1000001117/file/logo-group.png]
[file.hstatic.net/1000001117/file/logo-maison.png]
[file.hstatic.net/1000001117/file/logo-bitis.png]
[file.hstatic.net/1000001117/file/logo-gearvn.png]
[file.hstatic.net/1000001117/file/logo-l_oreal.png]
[file.hstatic.net/1000001117/file/logo-thienlong.png]
[file.hstatic.net/1000001117/file/logo-abbott.png]
[file.hstatic.net/1000001117/file/logo-thecoffeehouse.png]
[file.hstatic.net/1000001117/file/1_trang_thanh_toan_thong_minh.jpg]
[file.hstatic.net/1000001117/file/3_do_luong_chuyen_doi_quang_cao.jpg]
[file.hstatic.net/1000001117/file/4_blog_chuan_seo.jpg]
[file.hstatic.net/1000001117/file/5_chot_don_tren_messenger.png]
[file.hstatic.net/1000001117/file/9_cap_nhat_ton_kho.jpg]
[file.hstatic.net/1000001117/file/12_van_hanh_cua_hang.jpg]
[file.hstatic.net/1000001117/file/17_quan_ly_nhieu_kho_san.jpg]
[file.hstatic.net/1000001117/file/col-img6.png]
[file.hstatic.net/1000001117/file/col-img7.png]
[file.hstatic.net/1000001117/file/col-img8.png]
[file.hstatic.net/1000001117/file/col-img9.png]
[file.hstatic.net/1000001117/file/col-img1.png]
[file.hstatic.net/1000001117/file/xu-ly-don-hang-thong-minh.png]
[www.haravan.com/pages/phan-mem-quan-ly-don-hang52db.html]
[www.haravan.com/pages/phan-mem-quan-ly-kho52db.html]
[file.hstatic.net/1000001117/file/dong-bo-ton-kho-da-kenh1.png]
[www.haravan.com/ship52db.html]
[www.haravan.com/pages/payment52db.html]
[file.hstatic.net/1000001117/file/logo-kiehl_s.png]
[file.hstatic.net/1000001117/file/logo-thegioiskinfood.png]
[file.hstatic.net/1000001117/file/logo-farmermarket.png]
[file.hstatic.net/1000001117/file/logo-lam-thao-cosmetics.png]
[file.hstatic.net/1000001117/file/logo-bluestone.png]
[file.hstatic.net/1000001117/file/logo-minhlong1.png]
[file.hstatic.net/1000001117/file/logo-dell.png]
[file.hstatic.net/1000001117/file/logo-vitadairy.png]
[cdn.hstatic.net/files/1000001117/file/logo-daohaisan.jpg]
[file.hstatic.net/1000001117/file/logo-baseus.png]
[file.hstatic.net/1000001117/file/logo-tinistore.png]
[file.hstatic.net/1000001117/file/logo-icondenim.png]
[file.hstatic.net/1000001117/file/logo-meoi.png]
[file.hstatic.net/1000001117/file/logo-unicef.png]
[file.hstatic.net/1000001117/file/logo-nutifood.png]
[file.hstatic.net/1000001117/file/logo-vuacua.png]
[file.hstatic.net/1000001117/file/logo-marc.png]
[file.hstatic.net/1000001117/file/logo-ghn.png]
[file.hstatic.net/1000001117/file/logo-aristino.png]
[file.hstatic.net/1000001117/file/logo-cachep.png]
[file.hstatic.net/1000001117/file/logo-rabity.png]
[file.hstatic.net/1000001117/file/logo-riobook.png]
[file.hstatic.net/1000001117/file/logo-nestle.png]
[file.hstatic.net/1000001117/file/logo-jump.png]
[file.hstatic.net/1000001117/file/logo-k-g.png]
[file.hstatic.net/1000001117/file/logo-greenoly.png]
[file.hstatic.net/1000001117/file/logo-the-myst.png]
[file.hstatic.net/1000001117/file/logo-langfarm.png]
[file.hstatic.net/1000001117/file/logo-coupletx.png]
[file.hstatic.net/1000001117/file/logo-cellphones.png]
[file.hstatic.net/1000001117/file/social_facebook.png]
[file.hstatic.net/1000001117/file/social_youtube.png]
[file.hstatic.net/1000001117/file/social_tiktok.png]
[file.hstatic.net/1000001117/file/social_linkedin.png]
[file.hstatic.net/1000001117/file/app_store.png]
[file.hstatic.net/1000001117/file/google_play.png]
[cdn.hstatic.net/files/1000001117/file/hrv_iso_img.jpg]
[www.haravan.com/pages/about.html]
[www.haravan.com/blogs/tin-tuc.html]
[www.haravan.com/blogs/su-kien.html]
[www.haravan.com/pages/partners.html]
[www.haravan.com/blogs/bao-chi.html]
[www.haravan.com/daily.html]
[www.haravan.com/pages/policy.html]
[file.hstatic.net/1000001117/file/bocongthuong1-min.png]
[theme.hstatic.net/1000001117/1001120712/14/owl.carousel.min9d62.js]
[theme.hstatic.net/1000001117/1001120712/14/plugins-js-v1.19d62.js]
[www.haravan.com/pages/quy-dinh.html]
[www.haravan.com/index.html]
[theme.hstatic.net/1000001117/1001120712/14/jquery.fancybox_v3-2018.min9d62.js]
[theme.hstatic.net/1000001117/1001120712/14/slick.min9d62.js]
[www.haravan.com/owl.video.play.html]
[theme.hstatic.net/1000001117/1001120712/14/script_main_js9d62.js]
[theme.hstatic.net/1000001117/1001120712/14/jquery.fancybox_v3-2018.min9d62.css]
[theme.hstatic.net/1000001117/1001120712/14/slick.min9d62.css]
[file.hstatic.net/1000001117/file/rive1.js]
[theme.hstatic.net/1000001117/1001120712/14/sfuitext-regular.woff]
[theme.hstatic.net/1000001117/1001120712/14/sfuitext-bold.woff]
[theme.hstatic.net/1000001117/1001120712/14/sfuitext-medium-italic.woff]
[theme.hstatic.net/1000001117/1001120712/14/sfuitext-medium.woff]
[file.hstatic.net/1000033225/file/hrv9nam-bg_b390fc687e4f4796a563e76ca138c774.png]
[theme.hstatic.net/1000001117/1001120712/14/slicknav-v1.59d62.css]
[theme.hstatic.net/1000001117/1001120712/14/sfuitext-semibold.woff]
[theme.hstatic.net/1000001117/1001120712/14/menumain-new.scss9d62.css]
[theme.hstatic.net/1000001117/1001120712/14/homepage-2025.scss9d62.css]
[www.googletagmanager.com/gtm5445.html]
[www.haravan.com/GET.html]
[theme.hstatic.net/1000001117/1001120712/14/sfuitext-semibold-italic.woff]
[hstatic.net/0/0/global/design/haravan/l_thitruongsi/css/css3-animate.css]
[theme.hstatic.net/1000001117/1001120712/14/soon.min9d62.css]
[theme.hstatic.net/1000001117/1001120712/14/sfuitext-heavy.woff]
[www.haravan.com/harawebd41d.html]
[theme.hstatic.net/1000001117/1001120712/14/haraweb-style_v2.1.scss9d62.css]
[www.haravan.com/finance.html]
[file.hstatic.net/1000001117/file/haraweb-thoitrang_96f9bbd773dc418ab59247aee8d0143a.png]
[www.haravan.com/pages/haraweb-features.html]
[www.haravan.com/pages/thiet-ke-website-thoi-trang.html]
[www.haravan.com/pages/thiet-ke-website-dien-thoai.html]
[www.haravan.com/pages/thiet-ke-website-me-va-be.html]
[www.haravan.com/pages/thiet-ke-website-dien-may.html]
[www.haravan.com/pages/thiet-ke-website-my-pham.html]
[www.haravan.com/pages/thiet-ke-website-trang-suc.html]
[file.hstatic.net/1000001117/file/hrweb-tab2_3b9649bab2c9403f86125cbee056d13d.jpg]
[file.hstatic.net/1000001117/file/hrweb-tab3_ef5030774b61429bbf29ffaff9617455.jpg]
[www.haravan.com/pages/thiet-ke-website-noi-that.html]
[file.hstatic.net/1000001117/file/hrweb-tab4_a7f0d3dc9ca84e8cb0481b2fa49ef4a4.jpg]
[file.hstatic.net/1000001117/file/hrweb-tab5_394f2cb3a49a44588bc8d8d332132b56.jpg]
[file.hstatic.net/1000001117/file/hrweb-tab6_a8ee7421f5904bc88409290141ff2164.jpg]
[file.hstatic.net/1000001117/file/logo_nous_grey-01_0916a61ce8b04bbeb0eca7c251c7b6f5.png]
[file.hstatic.net/1000001117/file/logo-ibasic_40883efbfa9c4df092bd5f607a4bc46a_small.png]
[file.hstatic.net/1000001117/file/retail-avt-ibasic_d40f428721094ec39da68a7784c5d120.png]
[file.hstatic.net/1000001117/file/retail-video-giaybom_c4c063721bc54e5cbe44d5e40d8febe5.jpg]
[file.hstatic.net/1000001117/file/retail-logo-giaybom_d1a660794f5449b69583c22223c68540.png]
[file.hstatic.net/1000001117/file/retail-avt-gboom_470a7589d3e943e389c342647ff834e2.png]
[file.hstatic.net/1000001117/file/retail-avt-aothun_1b7f8af4a8bd4273926662087860d727.png]
[www.haravan.com/haraweb.html]
[file.hstatic.net/1000001117/file/sharefb-doanhnghiep-min_db1eb882c57e49b3836812e736ca3957.png]
[hstatic.net/0/0/global/design/plugins/font-awesome/4.5.0/css/font-awesome.min.css]
[www.haravan.com/pages/pricing4ff7.html]
[www.haravan.com/fonts/glyphicons-halflings-regular.c6.delayed]
[www.haravan.com/fonts/glyphicons-halflings-regulard41d.eot]
[www.haravan.com/fonts/glyphicons-halflings-regular.woff2]
[www.haravan.com/fonts/glyphicons-halflings-regular.woff]
[www.haravan.com/fonts/glyphicons-halflings-regular.ttf]
[www.haravan.com/fonts/glyphicons-halflings-regular.svg]
[theme.hstatic.net/1000001117/1001120712/14/global-footer-hrv-v1.39d62.css]
[theme.hstatic.net/1000001117/1001120712/14/haraweb-industry-v1.scss9d62.css]
[theme.hstatic.net/1000001117/1001120712/14/materialize.min9d62.css]
[file.hstatic.net/1000001117/file/haraweb-business-slide5_c79f2ac89b1b4abeb1501cc2d4c65e94.png]
[hstatic.net/0/0/global/design/haravan/h_library/js/jquery-1.11.3.min.js]
[file.hstatic.net/1000001117/file/haraweb-business-slide3_687c826992d74b08a5e4c40866e5e7fc.png]
[file.hstatic.net/1000001117/file/haraweb-business-slide4_b25c5cb9d91b430380c4e3dc7a5eceac.png]
[file.hstatic.net/1000001117/file/haraweb-business-1_1efef106c4924f22af7629785b6a8113.png]
[file.hstatic.net/1000001117/file/haraweb-business-2_ce0739e33be84bd7a1195f5c642d7a8f.png]
[file.hstatic.net/1000001117/file/haraweb-business-3_97b04b12e6cb4ee0b4b6c4baf082b4f9.png]
[file.hstatic.net/1000001117/file/haraweb-business-4_0b4187c3b94e4436b31e20d23554b389.png]
[file.hstatic.net/1000001117/file/noi_that_d28453f888694bdd954b551e2703d3c3.jpg]
[file.hstatic.net/1000001117/file/gioi_thieu_doanh_nghiep_2517bd0ad6dc4e54b09f8245894cd239.jpg]
[file.hstatic.net/1000001117/file/du_lich_2c8cb0cd690d4e96ad96eceace15b2b9.jpg]
[file.hstatic.net/1000001117/file/khach_san_623f25959016455b83e1f77e8f2d0e90.jpg]
[file.hstatic.net/1000001117/file/xuong_may_db97f1811ad748fdbbaefce2b626e174.jpg]
[file.hstatic.net/1000001117/file/du_hoc_5139590f94f846309a4df4098c7f35c0.jpg]
[file.hstatic.net/1000001117/file/phong_kham_917a033f722744e2a3a685e1e20ce952.jpg]
[file.hstatic.net/1000001117/file/nha_hang_4686127693a44dd7ab549f41f7c5d557.jpg]
[file.hstatic.net/1000001117/file/spa_b4cf3cb01fc54ed2ac1532267de93b99.jpg]
[file.hstatic.net/1000001117/file/xay_dung_7ad43d234ede46bebf300fedcea1f3fa.jpg]
[file.hstatic.net/1000001117/file/bat_dong_san_2a38b55bd5ba4267ab4bae0ba4372b47.jpg]
[file.hstatic.net/1000001117/file/nha-hang-_2__692e75c3eb9d4363a692be6f20303c61.jpg]
[file.hstatic.net/1000001117/file/nha-may-thuc-pham_a63197bddd3b4239a14ecafc4ea5679e.jpg]
[file.hstatic.net/1000001117/file/khach-san_53ffbe94292d43dbaab50539638f0255.jpg]
[file.hstatic.net/1000001117/file/phong-kham_e23f28ca94de40bcad490084c14e2391.jpg]
[file.hstatic.net/1000001117/file/doanh-nghiep_ea4b9ae9a0d24b0e88ebbb9e9fec39b2.jpg]
[file.hstatic.net/1000001117/file/in_0afd41a8da6f4fc0a6e07fa870d06357.jpg]
[file.hstatic.net/1000001117/file/khoa-hoc_b4fec76b88b74bffa23607c9f4db4ca1.jpg]
[file.hstatic.net/1000001117/file/noi-that_001610a77bc2424cb57a2ad34ed334f9.jpg]
[file.hstatic.net/1000001117/file/bds_3273c00a23f94130a07d6e60c91a99d5.jpg]
[file.hstatic.net/1000001117/file/du-lich_d20393e8a568416093a863c32f93416a.jpg]
[file.hstatic.net/1000001117/file/studio_50defe1c1e174487b567a51f557695f0.jpg]
[file.hstatic.net/1000001117/file/xay-dung_7f90ea5092bf4f9f9abf52abdf7cf1d4.jpg]
[file.hstatic.net/1000001117/file/spa_309d44b55ccc4e329e9f35ba8326c0be.jpg]
[file.hstatic.net/1000001117/file/xuong-may_488fd814707e40beae6d7d2ddefef7b3.jpg]
[www.haravan.com/pages/thiet-ke-website-doanh-nghiep.html]
[theme.hstatic.net/1000001117/1001120712/14/hr-ai-chat-v1.scss9d62.css]
[theme.hstatic.net/1000001117/1001120712/14/plugins-js9d62.js]
[theme.hstatic.net/1000001117/1001120712/14/materialize.min9d62.js]
[www.haravan.com/pages/onboarding81a8.html]
[www.haravan.com/pages/tinh-nang-haravan-ai-chat.html]
[file.hstatic.net/1000001117/file/tab1-3-ban_hang_chot_don.jpg]
[file.hstatic.net/1000001117/file/tab1-4-khieu_nai_hang_loi.jpg]
[file.hstatic.net/1000001117/file/tab2-1-tu_van_khuyen_mai.jpg]
[file.hstatic.net/1000001117/file/tab2-2-goi_y_san_pham.jpg]
[file.hstatic.net/1000001117/file/tab2-3-them_gio_hang.jpg]
[file.hstatic.net/1000001117/file/tab3-4-tinh_trang_don.jpg]
[file.hstatic.net/1000001117/file/tab3-2-tinh_trang_thanh_toan.jpg]
[file.hstatic.net/1000001117/file/tab3-1-chinh_sach_doi_tra.jpg]
[file.hstatic.net/1000001117/file/tab3-3-tu_van_bao_hanh.jpg]
[file.hstatic.net/1000001117/file/modal-succes-thanks-min.png]
[file.hstatic.net/1000001117/file/modal-succes-vector-right-min.png]
[file.hstatic.net/1000001117/file/modal-succes-vector-left-min.png]
[www.haravan.com/pages/haravan-ai-chat.html]
[theme.hstatic.net/1000001117/1001120712/14/hrsocial-chatbot.scss9d62.css]
[www.haravan.com/pages/kich-ban-chatbot.html]
[file.hstatic.net/1000001117/file/b1_v1-min_5c0d8b36be4a4b999c8f4adfbadff5ea.gif]
[file.hstatic.net/1000001117/file/b2-min_bccc930e1aeb4f94b0194fa76b973a11.gif]
[file.hstatic.net/1000001117/file/b3-min_3ca3fb028793411db2d871c430c71f1c.gif]
[file.hstatic.net/1000001117/file/fb_business_partner_ddfbc62407494de1bfdeb1d72b6d19c1.png]
[file.hstatic.net/1000001117/file/chatbot-solution-1_236037733f8b44ce84f90f6bdb64e524.png]
[file.hstatic.net/1000001117/file/chatbot-solution-2_f56a77c2a0964eceaa80cbf640e0c2fb.png]
[file.hstatic.net/1000001117/file/chatbot-solution-3_42cfb755a3b24f778fe9719ff4ea2ca8.png]
[file.hstatic.net/1000377962/file/socialcommerce-logobitis_ee68d228b7e544cdbf9d1e75c233f632_large.10d.delayed]
[file.hstatic.net/1000377962/file/socialcommerce-logo-abbot_f7db401abdb0444cb2f36622763d5c96_large.png]
[file.hstatic.net/1000377962/file/socialcommerce-logo-lorael_5e052b801ead4525b0ae2902eaad73fb_large.png]
[file.hstatic.net/1000001117/file/aldo_logo__1_.png]
[file.hstatic.net/1000377962/file/socialcommerce-logo-dell_46bed678f4dd45278f27431292fce520_large.png]
[www.haravan.com/pages/chatbot.html]
[file.hstatic.net/1000001117/file/crm-home.jpg]
[theme.hstatic.net/1000001117/1001120712/14/hr-crm-marketing-v1.scss9d62.css]
[theme.hstatic.net/1000001117/1001120712/14/hr-crm-marketing-home-v2.scss9d62.css]
[www.haravan.com/pages/crm-marketing-omnichannel-inbox.html]
[www.haravan.com/pages/crm-marketing-broadcast.html]
[www.haravan.com/pages/crm-marketing-automation.html]
[www.haravan.com/pages/crm-marketing-report.html]
[www.haravan.com/pages/crm-marketing-tong-quan.html]
[www.haravan.com/pages/phan-mem-quan-ly-khach-hang-haraloyalty.html]
[theme.hstatic.net/1000001117/1001120712/14/hr-crm-marketing-haraloyalty.scss9d62.css]
[cdn.bitrix24.vn/b28710635/crm/form/loader_88.js]
[theme.hstatic.net/1000001117/1001120712/14/hr-conversion-api-v1.scss9d62.css]
[www.haravan.com/pages/giai-phap-do-luong-chuyen-doi-conversion-api-haravan.html]
[www.haravan.com/pages/giai-phap-gui-su-kien-chuyen-doi-tiktok-messaging-ads-haravan.html]
[theme.hstatic.net/1000001117/1001120712/14/omnichannel-style_v2.2.scss9d62.css]
[file.hstatic.net/1000001117/file/omnichannel-gif-1_c49747c889a14f43bb894be67746e80e.gif]
[file.hstatic.net/1000001117/file/omnichannel-gif-2_c0b62d5942d14da38e6065f3c543848e.gif]
[file.hstatic.net/1000001117/file/omnichannel-gif-3_471e1211311242de8979f95d581bd2c6.gif]
[file.hstatic.net/1000001117/file/omnichannel-main-4_5211da92228d49eba80d1f895c40351b.png]
[file.hstatic.net/1000001117/file/omnichannel-banner-benefits_b2de65cf730a473cbb1d300f764f278b.png]
[file.hstatic.net/1000001117/file/omnichannel-feature-mask_d8ef4a4c12664589acd4fda62b2319e3.png]
[file.hstatic.net/1000001117/file/omnichannel-feature-right_0188fae013d6460f820186a90a97f1ec.png]
[file.hstatic.net/1000001117/file/omnichannel-feature-2_0376113edbcb426bb6bf790a6bf93c64.png]
[file.hstatic.net/1000001117/file/omnichannel-banner-channel_2dae76df2ac541e49de3a768c1d79ed2.png]
[www.haravan.com/omnichannel.html]
[theme.hstatic.net/1000001117/1001120712/14/hrsocial-facebook-v1.scss9d62.css]
[www.haravan.com/pages/tinh-nang-phan-mem-harasocial.html]
[www.haravan.com/pages/mobileapp.html]
[www.haravan.com/pages/phuong-thuc-chot-don-tu-dong-livestream-facebook-cua-harasocial-live.html]
[www.haravan.com/pages/facebook-live-shopping-haravan.html]
[www.haravan.com/pages/marketing-message-tren-messenger.html]
[www.haravan.com/pages/mua-sam-su-dung-danh-muc-tren-messenger.html]
[file.hstatic.net/1000001117/file/inside-meta-business_0e626b9cc563443cb1d4c9fe6da3a099.png]
[file.hstatic.net/1000001117/file/hrsocial-baner-main_3febc737b9f54824925581da2fa5c6ad.png]
[file.hstatic.net/1000001117/file/hrsocial-benefit-1_92e9603668ac401ea72f9b032bef44d1.png]
[www.haravan.com/pages/facebook-reels.html]
[file.hstatic.net/1000001117/file/hrsocial-benefit-2_38d2933417dd42b2bb2c85262629a954.png]
[file.hstatic.net/1000001117/file/hrsocial-benefit-3_fb4721a5591146698b19003b70e71702.png]
[file.hstatic.net/1000001117/file/hrsocial-tabs-1_ce9992d4c8dd4f0e990cec619053f426.png]
[file.hstatic.net/1000001117/file/hrsocial-tabs-2_5a017ddeb40a44fca18ce64a27dd5d53.png]
[file.hstatic.net/1000001117/file/bn-live_a4cd20e8d4624ea9896f7ae252863220.png]
[file.hstatic.net/1000001117/file/report_57a5e1c9cb274fe9bcbdaf0b564fbdba.png]
[file.hstatic.net/1000001117/file/hrsocial-sell-1_6c88b1cc99c74c7bb2a2912d6c4db204.jpg]
[file.hstatic.net/1000001117/file/hrsocial-sell-2_d17f53eb18344b2cbcbde476a9141bb2.jpg]
[file.hstatic.net/1000001117/file/hrsocial-sell-3_c548e5e934d8496cba55a801ef3632aa.jpg]
[file.hstatic.net/1000001117/file/hrsocial-sell-4_52a1fa0855d44eab98dd520e8bb8c049.jpg]
[file.hstatic.net/1000377962/file/socialcommerce-logo-manulife_0c67af9725eb4fe69c285f71bb24a613_compact.png]
[www.haravan.com/pages/phan-mem-ban-hang-facebook-harasocial.html]
[file.hstatic.net/1000001117/file/1200x628-thumbnail-min_12b627e2e4ca4cc185e5ee8db84c3a3d.png]
[theme.hstatic.net/1000001117/1001120712/14/hrsocial-livestream-new-v2.1.scss9d62.css]
[file.hstatic.net/1000001117/file/1._live_-_tu_dong_gui_gio_hang_12107fa2dcbd4001962ddf9107b92dc6.gif]
[file.hstatic.net/1000001117/file/meta_bagde_efc796b1936441a18c21ec87bfccac6f.png]
[file.hstatic.net/1000001117/file/2._live_-__kh_tu_xac_nhan_don_e22e4a49acf94fb58ab7b63970263b53.gif]
[www.haravan.com/pages/tinh-nang-cua-harasocial-live-phan-mem-chot-don-livestream-facebook.html]
[file.hstatic.net/1000001117/file/3._live_-_chon_phuong_thuc_thanh_toan_va_van_chuyen_0196b6a894dd4426859eaacfa41da972.gif]
[file.hstatic.net/1000001117/file/4._live_-_tphan_hoi_xac_nhan_don_tu_dong_ee9dbc11cca94468b19f179552bdf54a.gif]
[file.hstatic.net/1000001117/file/5._live_-_phan_hoi_binh_luan_tu_dong_47a66cd437a244239235e9e5a6556e96.gif]
[www.haravan.com/pages/phan-mem-ban-hang-livestream.html]
[file.hstatic.net/1000001117/file/sharefb-hararetail-min_b3a4db0aaed64399a8ececaa4dc04f8f.png]
[theme.hstatic.net/1000001117/1001120712/14/hr-hararetail-v1.scss9d62.css]
[www.haravan.com/pages/phan-mem-quan-ly-cua-hang-thoi-trang-hararetail.html]
[www.haravan.com/pages/phan-mem-quan-ly-cua-hang-my-pham-hararetail.html]
[www.haravan.com/pages/phan-mem-quan-ly-cua-hang-me-va-be-hararetail.html]
[www.haravan.com/pages/tinh-nang-phan-mem-quan-ly-cua-hang-hararetail.html]
[www.haravan.com/pages/so-sanh-tinh-nang-phan-mem-quan-ly-cua-hang-hararetail.html]
[www.haravan.com/pages/phan-mem-quan-ly-cua-hang-thoi-trang-hararetail3b67.html]
[www.haravan.com/pages/phan-mem-quan-ly-cua-hang-my-pham-hararetail3b67.html]
[www.haravan.com/pages/phan-mem-quan-ly-cua-hang-me-va-be-hararetail3b67.html]
[file.hstatic.net/1000001117/file/why1-1_5198125a568c42b797546b954c838f6e.jpg]
[file.hstatic.net/1000001117/file/hr-qr.png]
[www.haravan.com/pages/phan-mem-quan-ly-cua-hang-hararetail.html]
[theme.hstatic.net/1000001117/1001120712/14/sharefb-haravan9d62.png]
[theme.hstatic.net/1000001117/1001120712/14/style-channels.scss9d62.css]
[www.haravan.com/pages/ban-hang-tren-tiktokshop.html]
[www.haravan.com/pages/channels-lazada.html]
[www.haravan.com/pages/ban-hang-tren-shopee.html]
[www.haravan.com/pages/channels-tiki.html]
[file.hstatic.net/1000001117/file/channels-image-1_add6e2419be84fd2833609c8a89b3f82.png]
[file.hstatic.net/1000001117/file/channels-image-2_bc053db23ae94b5eb64ca7d8deff3d73.png]
[file.hstatic.net/1000001117/file/logo-smilenuts_8012f11d4018430a8d78ca3999ef06cb.png]
[www.haravan.com/pages/channels.html]
[file.hstatic.net/1000001117/file/sharefb-management-min_6f5bca515b2b465fa469587e353f81ee.png]
[theme.hstatic.net/1000001117/1001120712/14/manage-style_v1.1.scss9d62.css]
[file.hstatic.net/1000001117/file/manage-banner-phone_f56794bbafef42fc802bf87dac1fbde0.png]
[file.hstatic.net/1000001117/file/manage-banner-table_3e1ceba92a904e189fbd51fe6948ec70.png]
[www.haravan.com/pages/ship-features.html]
[file.hstatic.net/1000001117/file/manage-banner-1_6fb09b88e9bc426083d50e943f421d16.jpg]
[www.haravan.com/pages/ship-pricing.html]
[file.hstatic.net/1000001117/file/manage-banner-1_6fb09b88e9bc426083d50e943f421d16_small.jpg]
[file.hstatic.net/1000001117/file/manage-banner-2_7c616d27082a48b58e9cefb2c7573ffb.jpg]
[file.hstatic.net/1000001117/file/manage-banner-2_7c616d27082a48b58e9cefb2c7573ffb_small.jpg]
[file.hstatic.net/1000001117/file/manage-banner-3-left_fa5af2d877154bed8987d89db2c4eedd.png]
[file.hstatic.net/1000001117/file/manage-banner-3-right_2618bfd42b844550873f76571de38652.png]
[file.hstatic.net/1000001117/file/manage-banner-4_bbf047eb909e4f95a6bd8a574b4200ea.jpg]
[file.hstatic.net/1000001117/file/manage-banner-4_bbf047eb909e4f95a6bd8a574b4200ea_small.jpg]
[theme.hstatic.net/1000001117/1001120712/14/jquery.waypoints.min9d62.js]
[www.haravan.com/pages/manage.html]
[file.hstatic.net/1000001117/file/1200x628_edfc94f711304a74ab1a696783570640.png]
[theme.hstatic.net/1000001117/1001120712/14/manage-orders-v1.2.scss9d62.css]
[file.hstatic.net/1000001117/file/img__9__72cf257527f1417392925fbcdf96905d.png]
[file.hstatic.net/1000001117/file/group_66__1_-min_a732158d382e4c819bc2beb12f08e1c1.png]
[file.hstatic.net/1000001117/file/group_66-min_d0d8d89afde14616b9c22be3868c4f82.png]
[file.hstatic.net/1000001117/file/omni-feature-one_c559d3cc34494c85bf6ee102eb9be559.png]
[file.hstatic.net/1000001117/file/omni-feature-two_f683d59d47c2414cbcd0d1e5d4dde430.png]
[file.hstatic.net/1000001117/file/popup-promotion.png]
[file.hstatic.net/1000001117/file/popup-richmedia.png]
[www.haravan.com/pages/phan-mem-quan-ly-don-hang.html]
[file.hstatic.net/1000001117/file/sharefb-mnginventory-min_c83274ea4707403785297ae6af9ffd58.png]
[theme.hstatic.net/1000001117/1001120712/14/manage-inventory-v1.1.scss9d62.css]
[file.hstatic.net/1000001117/file/inventory-banner-mobile-min_bec9eb24caec4f47afd27a673df846bf.png]
[file.hstatic.net/1000001117/file/inventory-banner-desktop-min_e98c330a47774ec8841bb2b182255d8c.png]
[www.haravan.com/pages/ghncc78.html]
[file.hstatic.net/1000001117/file/inventory-banner-1-min_091be3af66884b87b33b164e643c49ef.jpg]
[file.hstatic.net/1000001117/file/inventory-banner-2-min_4ef9edb46f7f46c79ec7e4fd52c1201c_small.jpg]
[file.hstatic.net/1000001117/file/inventory-banner-2-min_4ef9edb46f7f46c79ec7e4fd52c1201c.jpg]
[file.hstatic.net/1000001117/file/inventory-banner-3-min_215c09c6b24848ac99e54ae38c2b223e.jpg]
[file.hstatic.net/1000001117/file/inventory-banner-4-min_a16fe676f53b4ebba3e787886f411151.jpg]
[file.hstatic.net/1000001117/file/inventory-banner-other-left-min_c0e6322bfa2a4f15999a36e3b0869058.png]
[file.hstatic.net/1000001117/file/inventory-banner-other-min_3b2e497f971141e4a143634c264640db.png]
[file.hstatic.net/1000001117/file/inventory-banner-5-min_cb14c2cf07b14861b590c2c081322876.jpg]
[file.hstatic.net/1000001117/file/inventory-banner-6-min_74e6af56aaab4500b707e40de51a44bd.jpg]
[www.haravan.com/pages/phan-mem-quan-ly-kho.html]
[file.hstatic.net/1000001117/file/sharefb-payment-min_7df508fcd37143529d7003b9590e3300.png]
[theme.hstatic.net/1000001117/1001120712/14/payment-style_v1.4.scss9d62.css]
[www.haravan.com/pages/vi-tra-sau-momo-tra-gop-flik.html]
[www.haravan.com/pages/shopeepay.html]
[file.hstatic.net/1000001117/file/shopeepay_2024_a5b50829e6c645f683dc6507d8c7413b.png]
[www.haravan.com/pages/zalopay.html]
[www.haravan.com/pages/payoo.html]
[file.hstatic.net/1000001117/file/logo-sme_71fe0f1d7e834074b8acdbd8cda16d38.png]
[www.haravan.com/pages/kredivo.html]
[www.haravan.com/pages/fundiin.html]
[www.haravan.com/pages/tich-hop-phuong-thuc-mua-truoc-tra-sau-aftee.html]
[file.hstatic.net/1000001117/file/payment-logo-aftee_55f6a7ad045846c99cbc9fdba01670f5.png]
[file.hstatic.net/1000001117/file/500x500.vts_icon_tpbank-01__1__5ca70c8f89e24115bdff61cba1d2116b.png]
[www.haravan.com/pages/tich-hop-phuong-thuc-mua-truoc-tra-sau-lotte-cnf.html]
[file.hstatic.net/1000001117/file/logo-lotte-cnf.png]
[file.hstatic.net/1000001117/file/logo_hrv.png]
[file.hstatic.net/1000001117/file/logo_mbbank.png]
[www.haravan.com/pages/viet-qr-mbbank142c.html]
[www.haravan.com/pages/tich-hop-phuong-thuc-mua-truoc-tra-sau-lotte-cnf1f8b.html]
[file.hstatic.net/1000001117/file/payment-tab-lotte_cnf.png]
[www.haravan.com/pages/payoobc6a.html]
[file.hstatic.net/1000001117/file/payment-prmt-payoo_c777394950ba4518817c5f13f92a6665.jpg]
[file.hstatic.net/1000001117/file/payment-banner-form_ecb6954f6b8f4bfc977ec551a3949c01.png]
[file.hstatic.net/1000001117/file/payment-post-1_f724470fd40949d09fb5c7e9442f7358.jpg]
[file.hstatic.net/1000001117/file/payment-post-2_b19d5535b6f74268a3606ddf5ba4aae2.jpg]
[www.haravan.com/pages/payment-guides.html]
[file.hstatic.net/1000001117/file/payment-post-3_8347a5ea35df4844ab3125f4d1141d5f.jpg]
[file.hstatic.net/1000001117/file/payment-logo-lamthao_780a266de7f64ef3835733bab642ffb9.png]
[file.hstatic.net/1000001117/file/payment-logo-vstyle_dfa4ba65801f4fbf9e6c23b35f6cfad7.png]
[file.hstatic.net/1000001117/file/ship-logo-denim_3b781cb0dd4e492f8923e9cb1eb0489c.jpg]
[file.hstatic.net/1000001117/file/ship-logo-lamthao_eb8dace630ab494b887995ebc15c9e23.jpg]
[file.hstatic.net/1000001117/file/ship-logo-vnclo_9f143334bc5540f490966f058dec1bb6.jpg]
[file.hstatic.net/1000001117/file/ship-logo-sofia_cdc8dfdc897d48da857d2cd05917f1b4.jpg]
[file.hstatic.net/1000001117/file/ship-logo-somehow_d6c47f44076a4efba8fa141da235c6a8.jpg]
[file.hstatic.net/1000001117/file/ship-logo-swe_039519581acd46fdb1479fa9a7aec8b5.jpg]
[file.hstatic.net/1000001117/file/ship-logo-stickerfactory_152a9914d1e84b55a9238f2ba83b53ca.jpg]
[file.hstatic.net/1000033225/file/payment-popup_09cbcbd1dd9542f080ae3a0202066f7a.png]
[www.haravan.com/pages/payment.html]
[theme.hstatic.net/1000001117/1001120712/14/hrvship-general.scss9d62.css]
[theme.hstatic.net/1000001117/1001120712/14/hrvship-style_v1.3.scss9d62.css]
[file.hstatic.net/1000001117/file/image_6141e5b7d7294f908a0a4d410a9d25d9_grande.png]
[www.haravan.com/pages/ship.html]
[file.hstatic.net/1000001117/file/image_6141e5b7d7294f908a0a4d410a9d25d9.png]
[www.haravan.com/pages/ghn.html]
[www.haravan.com/pages/jtexpress.html]
[www.haravan.com/pages/supership.html]
[www.haravan.com/pages/ninjavan.html]
[www.haravan.com/pages/SPX.html]
[file.hstatic.net/1000001117/file/spx_orange_logo__1__91850f0e00d14fc3a23f074064032081.png]
[www.haravan.com/pages/tikinow.html]
[www.haravan.com/pages/lazada-logistics.html]
[www.haravan.com/pages/ahamove.html]
[www.haravan.com/pages/grabexpress.html]
[file.hstatic.net/1000001117/file/ship-infor-1_1455987915004975898e740b3ac8cd8a.jpg]
[file.hstatic.net/1000001117/file/shipping-tab-1_810616c25b14418aa8d41f8d3314d847_grande.jpg]
[file.hstatic.net/1000001117/file/shipping-tab-1_810616c25b14418aa8d41f8d3314d847.jpg]
[file.hstatic.net/1000001117/file/shipping-tab-1_810616c25b14418aa8d41f8d3314d847_thumb.jpg]
[file.hstatic.net/1000001117/file/shipping-tab-2_2735be160638488cb0ddea3353237812_grande.jpg]
[file.hstatic.net/1000001117/file/shipping-tab-2_2735be160638488cb0ddea3353237812.jpg]
[file.hstatic.net/1000001117/file/shipping-tab-2_2735be160638488cb0ddea3353237812_thumb.jpg]
[file.hstatic.net/1000001117/file/shipping-tab-3_98b364c1287d4f7884fda935db88e1b2_grande.jpg]
[file.hstatic.net/1000001117/file/shipping-tab-3_98b364c1287d4f7884fda935db88e1b2.jpg]
[file.hstatic.net/1000001117/file/shipping-tab-3_98b364c1287d4f7884fda935db88e1b2_thumb.jpg]
[file.hstatic.net/1000001117/file/shipping-tab-4_2feb426d8d74440d9217d51cb290e2f8_grande.jpg]
[file.hstatic.net/1000001117/file/shipping-tab-4_2feb426d8d74440d9217d51cb290e2f8.jpg]
[file.hstatic.net/1000001117/file/shipping-tab-4_2feb426d8d74440d9217d51cb290e2f8_thumb.jpg]
[file.hstatic.net/1000001117/file/shipping-tab-5_f71e684519304525986cc7264d49852d_grande.jpg]
[file.hstatic.net/1000001117/file/shipping-tab-5_f71e684519304525986cc7264d49852d.jpg]
[file.hstatic.net/1000001117/file/shipping-tab-5_f71e684519304525986cc7264d49852d_thumb.jpg]
[file.hstatic.net/1000001117/file/hrvship-tabs01-step--1_b302affb760b46938b51c8a14c0efa76.jpg]
[file.hstatic.net/1000001117/file/hrvship-tabs01-step--2_7611271b83d442b2b2a0a8675d986d1d.jpg]
[file.hstatic.net/1000001117/file/hrvship-tabs01-step--3_68f5635d367e46d2a2f377b21d8e8067.jpg]
[file.hstatic.net/1000001117/file/hrvship-tabs01-step--4_e01663063e4f4c23a5e81137fd41db8f.jpg]
[file.hstatic.net/1000001117/file/hrvship-tabs02-step--2_d3f45524a8b844b0860a5f2aaa8b7be6.jpg]
[file.hstatic.net/1000001117/file/hrvship-tabs02-step--3_d6cb3c349e3245edae3f8e7eeee21636.jpg]
[file.hstatic.net/1000001117/file/hrvship-tabs02-step--4_a1ba306b5bc8449a81e47a8bf60b0ebd.png]
[file.hstatic.net/1000001117/file/ship-quote-3_f609761318f74a1bb86584cbcdf8227a.jpg]
[file.hstatic.net/1000001117/file/ship-quote-3-logo_9861916f323e4ce5b5f1c735a81ac59d.png]
[file.hstatic.net/1000001117/file/ship-quote-1_1067fddf737442e3bdc3b67fe5bfb6d5.jpg]
[file.hstatic.net/1000001117/file/ship-quote-1-logo_becb367d83504575a74416d3b19118b1.png]
[file.hstatic.net/1000001117/file/ship-quote-2_8877b39e03a1471e984269ca2d85785c.jpg]
[file.hstatic.net/1000001117/file/ship-quote-2-logo_e3a8e8b9090f461aa60641a04a638bcb.png]
[file.hstatic.net/1000001117/file/ship-video-1_95f44013d245486db7dd717aa3105969.jpg]
[file.hstatic.net/1000001117/file/yt-icon.png]
[file.hstatic.net/1000001117/file/ship-video-2_b207f89e0326498dad0d98546414f8df.jpg]
[file.hstatic.net/1000001117/file/ship-video-3_631946765571448681dab2f07ccf73cc.jpg]
[file.hstatic.net/1000001117/file/ship-video-4_92a3cbf48dd24ec2b22a7720cfa47466.jpg]
[www.haravan.com/ship.html]
[file.hstatic.net/1000001117/file/sharefb_debt-min_aa3da373df3547208144381e8ab6002a.png]
[theme.hstatic.net/1000001117/1001120712/14/manage-debt.scss9d62.css]
[file.hstatic.net/1000001117/file/debt-banner-mobile-min_cf02ebaa79584e6eb4dc25986cc791f8.png]
[file.hstatic.net/1000001117/file/debt-banner-desk-min_f38989729f3145409f7eca91c47b1dac.png]
[file.hstatic.net/1000001117/file/debt-banner-1-min_881786c8216947ce9e03519c9784febe.jpg]
[file.hstatic.net/1000001117/file/debt-banner-2-min_81c6502a2c98421aadccdb711b955983.jpg]
[file.hstatic.net/1000001117/file/debt-img-left-min_ddf9fd18e3164768a795785c6f4107bd.png]
[file.hstatic.net/1000001117/file/debt-img-right-min_9992fdb31aeb4469b91e6f063ac41620.png]
[file.hstatic.net/1000001117/file/debt-banner-3-min_c4264c7302114db696740fb0ba1d4631.jpg]
[www.haravan.com/pages/thiet-ke-website-dong-ho.html]
[www.haravan.com/pages/phan-mem-quan-ly-thu-chi.html]
[file.hstatic.net/1000001117/file/haravan_27001_2022_certificate_en_grande.jpg]
[file.hstatic.net/1000001117/file/crm-social-crm.jpg]
[theme.hstatic.net/1000001117/1001120712/14/hr-crm-marketing-social-v1.scss9d62.css]
[file.hstatic.net/1000001117/file/nhomauto.png]
[www.haravan.com/pages/crm-marketing-quan-ly-khach-hang.html]
[file.hstatic.net/1000001117/file/nhomcrm.png]
[file.hstatic.net/1000001117/file/sharefb-einvoice-min_93886d8c8d1a435ea1cc1f92024d52ea.png]
[www.haravan.com/pages/thiet-ke-website-sach.html]
[www.haravan.com/pages/giai-phap-xuat-hoa-don-dien-tu.html]
[theme.hstatic.net/1000001117/1001120712/14/hr-invoice.scss9d62.css]
[file.hstatic.net/1000001117/file/font-awesome.min.css]
[theme.hstatic.net/1000001117/1001120712/14/global-enterprise-v1.4.scss9d62.css]
[file.hstatic.net/1000001117/file/enterprise-tmdt_dafa913f0e58481cb973814ecef5757b.png]
[file.hstatic.net/1000001117/file/enterprise-banner-intro_aa04e47bcd6a40b1b6d1f6f761b04c50.png]
[file.hstatic.net/1000001117/file/logo-vinamilk_ba3fabb93c55487a8f372ce5ff53120a.png]
[file.hstatic.net/1000001117/file/unicef_logo__1_.png]
[file.hstatic.net/1000001117/file/aeon_logo__1_.png]
[file.hstatic.net/1000001117/file/marc_fashion_logo__1_.jpg]
[file.hstatic.net/1000001117/file/bluestone-logo__1_.png]
[file.hstatic.net/1000001117/file/logo-jump_05b8695aff1f402797b4848ae58cbd3a.png]
[www.haravan.com/pages/enterprise.html]
[theme.hstatic.net/1000001117/1001120712/14/bang-gia-priority.scss9d62.css]
[www.haravan.com/pages/haravan-priority.html]
[theme.hstatic.net/1000001117/1001120712/14/soon.min9d62.js]
[cdn.bitrix24.vn/b28710635/crm/form/loader_32.js]
[www.haravan.com/pages/dich-vu-headless-commerce-enterprise-haravan.html]
[theme.hstatic.net/1000001117/1001120712/14/hr-headless-commerce.scss9d62.css]
[theme.hstatic.net/1000001117/1001120712/14/global-pricing-v3.8.scss9d62.css]
[file.hstatic.net/1000001117/file/icons8-double-right-30_c3dd176ff5594af9aa46a86d3f1246c8.png]
[www.haravan.com/pages/pricing.html]
[file.hstatic.net/1000001117/file/hr-customer-thumnail.jpg]
[theme.hstatic.net/1000001117/1001120712/14/hr-customer.scss9d62.css]
[theme.hstatic.net/1000001117/1001120712/14/hr-customer-home.scss9d62.css]
[file.hstatic.net/1000001117/file/cus-overview-img.png]
[product.hstatic.net/1000001117/product/vieshop_1aaefb849ebb4c26ae92594b397abe8b_1024x1024.png]
[product.hstatic.net/1000001117/product/nous_a72c5cfc4e274cdc84d1cfef3da4d574_1024x1024.jpg]
[www.haravan.com/pages/enterprise0053.html]
[product.hstatic.net/1000001117/product/jade-palace-min_49ce8dad6d8e479e9a0dc8e9be67db06_1024x1024.png]
[product.hstatic.net/1000001117/product/maison-online_81fe215e255c4a0299c6c98db7291089_1024x1024.png]
[product.hstatic.net/1000001117/product/nxbkimdong_6cea47c9e8ee420c831e842a3c9aacd5_1024x1024.jpg]
[product.hstatic.net/1000001117/product/pandora_6041d6cb67cc4807ae0104688a86cb6d_1024x1024.jpg]
[product.hstatic.net/1000001117/product/coopsmile-min_2526b9fb84494cb9b18736d1d2988212_1024x1024.png]
[file.hstatic.net/1000001117/article/customer.pdf__3__29fcca498ae545c2b5914077f31572d0_grande.png]
[www.haravan.com/blogs/cau-chuyen-thanh-cong-case-study-khach-hang/cau-chuyen-thanh-cong-shegan-haravan.html]
[file.hstatic.net/1000001117/article/customer.pdf__19__2100adda606c4303a50e2603ba82d5d9_grande.jpg]
[www.haravan.com/blogs/cau-chuyen-thanh-cong-case-study-khach-hang/the-myst-dong-khoi-khach-san-nghe-thuat-giua-long-sai-gon-haravan.html]
[file.hstatic.net/1000001117/article/customer.pdf__38__07585a57b025418fae9d7a73fc535855_grande.jpg]
[file.hstatic.net/1000001117/article/visual_d43dcf68f1a4425cb166658834a0d6d7_grande.png]
[www.haravan.com/blogs/cau-chuyen-thanh-cong-case-study-khach-hang/cau-chuyen-thanh-cong-juno-haravan.html]
[file.hstatic.net/1000001117/article/customer.pdf__43__19c354915f2c4b619c53cf60ebe64b4d_grande.jpg]
[www.haravan.com/blogs/cau-chuyen-thanh-cong-case-study-khach-hang/marc-fashion-x3-ty-le-quay-lai-mua-hang-voi-thong-bao-dinh-ky-tren-fa.html]
[file.hstatic.net/1000001117/article/customer.pdf__46__193ac2c38e6848fd9f87924a548545c5_grande.jpg]
[www.haravan.com/blogs/cau-chuyen-thanh-cong-case-study-khach-hang/cau-chuyen-thanh-cong-sollina-haravan.html]
[file.hstatic.net/1000001117/article/customer.pdf__41__00ab187241254b159a0e88c350d51d4a_grande.jpg]
[www.haravan.com/blogs/cau-chuyen-thanh-cong-case-study-khach-hang/cau-chuyen-thanh-cong-vymy-store-haravan.html]
[file.hstatic.net/1000001117/article/customer.pdf__5__767ce7c9f3eb4774b209e544b59e1c53_grande.png]
[www.haravan.com/blogs/cau-chuyen-thanh-cong-case-study-khach-hang/cau-chuyen-thanh-cong-biluxury-haravan.html]
[www.haravan.com/blogs/cau-chuyen-thanh-cong-case-study-khach-hang/cau-chuyen-thanh-cong-mia-vn-haravan.html]
[file.hstatic.net/1000001117/article/customer.pdf__33__f2cae1bb8bd5499894fabcab84b195aa_grande.jpg]
[www.haravan.com/blogs/cau-chuyen-thanh-cong-case-study-khach-hang/cau-chuyen-thanh-cong-thien-long-haravan.html]
[file.hstatic.net/1000001117/file/logo-daohaisan.png]
[www.haravan.com/pages/khach-hang-haravan.html]
[theme.hstatic.net/1000001117/1001120712/14/style-contact-v1.5.scss9d62.css]
[www.haravan.com/blogs/cau-chuyen-thanh-cong-case-study-khach-hang.html]
[hstatic.net/0/0/global/design/haravan/h_index/css/owl.carousel-min.css]
[hstatic.net/0/0/global/design/haravan/h_library/js/owl-carousel.js]
[hstatic.net/0/0/global/design/haravan/L_ThiTruongSi/js/waypoints.min.js]
[hstatic.net/0/0/global/design/haravan/L_ThiTruongSi/js/js.js]
[www.haravan.com/enterprise-c-commerce.247.delayed]
[cdn.bitrix24.vn/b28710635/crm/form/loader_38.js]
[www.google.com/recaptcha/api85f1.js]
[www.haravan.com/pages/contact.html]
[file.hstatic.net/1000001117/file/hr-onboarding-thumbnail.jpg]
[theme.hstatic.net/1000001117/1001120712/14/style-header-onboarding.scss9d62.css]
[theme.hstatic.net/1000001117/1001120712/14/onboarding_v8.scss9d62.css]
[www.haravan.com/blogs/huong-dan-van-hanh-checklist/huong-dan-van-hanh-he-thong-danh-cho-goi-standard-2025.html]
[www.haravan.com/blogs/huong-dan-van-hanh-checklist/huong-dan-van-hanh-he-thong-danh-cho-goi-omni-pro-2025.html]
[www.haravan.com/blogs/huong-dan-van-hanh-checklist/huong-dan-van-hanh-he-thong-haravan-danh-cho-goi-advanced-2025.html]
[www.haravan.com/blogs/huong-dan-van-hanh-checklist/huong-dan-van-hanh-he-thong-haravan-danh-cho-goi-grow-2025.html]
[www.haravan.com/blogs/huong-dan-van-hanh-checklist/huong-dan-van-hanh-he-thong-haravan-danh-cho-goi-scale-2025.html]
[www.haravan.com/blogs/huong-dan-van-hanh-checklist/huong-dan-van-hanh-he-thong-haravan-danh-cho-goi-business-2025.html]
[www.haravan.com/blogs/onboarding.html]
[www.haravan.com/blogs/onboarding/dang-tai-san-pham-len-website.html]
[www.haravan.com/blogs/onboarding/thiet-lap-giao-dien-website-haravan.html]
[www.haravan.com/blogs/onboarding/dang-noi-dung-chuan-seo-len-website-haravan.html]
[www.haravan.com/blogs/onboarding/tro-ten-mien-cho-website-haravan.html]
[www.haravan.com/blogs/onboarding/thiet-lap-website-doanh-nghiep-haravan.html]
[www.haravan.com/blogs/onboarding/thiet-lap-hoi-thoai-ban-hang-da-kenh-haravan.html]
[www.haravan.com/blogs/onboarding/huong-dan-cau-hinh-thue-va-phat-hanh-hoa-don-dien-tu-vat.html]
[www.haravan.com/blogs/onboarding/thiet-lap-va-xu-ly-don-livestream-chot-don-tu-dong.html]
[www.haravan.com/blogs/onboarding41a1.html]
[www.haravan.com/blogs/onboarding/chuan-bi-thong-tin-ban-hang-tren-website.html]
[www.haravan.com/blogs/onboarding/thiet-lap-cau-hinh-cho-kenh-website-haravan.html]
[www.haravan.com/blogs/onboarding/dang-ky-website-voi-bo-cong-thuong-haravan.html]
[www.haravan.com/blogs/onboarding/chuan-bi-thong-tin-ban-hang-tren-livestream-haravan.html]
[www.haravan.com/blogs/onboarding/chuan-bi-thong-tin-ban-hang-tren-mang-xa-hoi-cung-harasocial.html]
[www.haravan.com/blogs/onboarding/dang-san-pham-len-cua-hang-mang-xa-hoi-va-livestream-facebook.html]
[www.haravan.com/blogs/onboarding/thiet-lap-cua-hang-harasocial-va-cau-hinh-he-thong.html]
[www.haravan.com/blogs/onboarding/thiet-lap-tro-ly-chat-trong-harasocial.html]
[www.haravan.com/blogs/onboarding/thiet-lap-tin-nhan-marketing-trong-harasocial.html]
[www.haravan.com/blogs/onboarding/chuan-bi-thong-tin-san-pham-khi-ban-hang-offline-haravan.html]
[www.haravan.com/blogs/onboarding/dang-tai-thong-tin-san-pham-len-haravan-khi-ban-hang-offline.html]
[www.haravan.com/blogs/onboarding/thiet-lap-cau-hinh-kenh-ban-offline-tai-trang-quan-tri-myharavan.html]
[www.haravan.com/blogs/onboarding/thiet-lap-cua-hang-offline-tren-nen-tang-haravan.html]
[www.haravan.com/blogs/onboarding/chuan-bi-thong-tin-ban-hang-tren-san-thuong-mai-dien-tu-haravan.html]
[www.haravan.com/blogs/onboarding/ket-noi-san-thuong-mai-dien-tu-voi-haravan.html]
[www.haravan.com/blogs/onboarding/thiet-lap-cau-hinh-dong-bo-thong-tin-giua-haravan-voi-san.html]
[www.haravan.com/blogs/onboarding/dang-tai-va-lien-ket-san-pham-giua-haravan-voi-san-thuong-mai-dien-tu.html]
[www.haravan.com/blogs/onboarding/ket-noi-da-gian-hang-thuong-mai-dien-tu-voi-haravan.html]
[www.haravan.com/blogs/onboarding0cc1.html]
[www.haravan.com/blogs/onboarding/thiet-lap-va-chot-don-chien-dich-tin-ban-hang-tai-harasocial.html]
[www.haravan.com/blogs/onboarding/thiet-lap-va-chot-don-tu-danh-muc-san-pham-tren-messenger.html]
[www.haravan.com/blogs/onboarding/phan-chia-hoi-thoai-tu-dong-cho-nhan-vien-tai-harasocial.html]
[www.haravan.com/blogs/onboarding/xem-bao-cao-tren-harasocial.html]
[www.haravan.com/blogs/onboarding/quan-ly-cong-viec-nhan-vien-voi-harasocial.html]
[www.haravan.com/blogs/onboarding/thiet-lap-va-xu-ly-don-livestream-chot-don-sau-live.html]
[www.haravan.com/blogs/onboarding/thiet-lap-va-xu-ly-don-livestream-chot-don-thu-cong.html]
[www.haravan.com/blogs/onboarding/tong-quan-ve-ban-hang-livestream-facebook-haravan.html]
[www.haravan.com/blogs/onboarding/xem-bao-cao-ban-hang-tai-cua-hang-haravan.html]
[www.haravan.com/blogs/onboarding/xu-ly-don-online-va-don-giao-sau-tai-cua-hang-offline-cung-haravan.html]
[www.haravan.com/blogs/onboarding/huong-dan-nghiep-vu-ban-hang-tai-cua-hang-offline-cung-haravan.html]
[www.haravan.com/blogs/onboarding/xu-ly-don-hang-tren-san-thuong-mai-dien-tu-cung-haravan.html]
[www.haravan.com/blogs/onboardingf805.html]
[www.haravan.com/blogs/onboarding/quan-ly-san-pham-tai-trang-quan-tri-myharavan.html]
[www.haravan.com/blogs/onboarding/quan-ly-khach-hang-tai-trang-quan-tri-myharavan.html]
[www.haravan.com/blogs/onboarding/quan-ly-cong-no-tai-trang-quan-tri-myharavan.html]
[www.haravan.com/blogs/onboarding/quan-ly-thu-chi-tai-trang-quan-tri-myharavan.html]
[www.haravan.com/blogs/onboarding/quan-ly-khuyen-mai-tai-trang-quan-tri-myharavan.html]
[www.haravan.com/blogs/onboarding/quan-ly-ton-kho-cho-nha-ban-nhieu-kho-tai-trang-quan-tri-myharavan.html]
[www.haravan.com/blogs/onboarding/quan-ly-ton-kho-cho-nha-ban-mot-kho-tai-trang-quan-tri-myharavan.html]
[www.haravan.com/blogs/onboarding/thiet-lap-tinh-nang-gui-tin-nhan-tu-dong-haravan-marketing-automation.html]
[www.haravan.com/blogs/onboarding/thiet-lap-va-do-luong-hieu-qua-chien-dich-broadcast.html]
[www.haravan.com/blogs/onboarding/chuan-bi-thong-tin-truoc-khi-su-dung-haravan-loyalty-marketing.html]
[www.haravan.com/blogs/onboarding/thiet-lap-chuong-trinh-khach-hang-than-thiet-cung-haravan.html]
[www.haravan.com/blogs/onboarding/cac-thao-tac-xu-ly-bao-cao-khach-hang-rfm.html]
[file.hstatic.net/1000001117/file/ob-z7-img1.png]
[file.hstatic.net/1000001117/file/ob-z7-img2.png]
[file.hstatic.net/1000001117/file/ob-z7-img3.png]
[file.hstatic.net/1000001117/file/ob-z7-img4.png]
[www.haravan.com/pages/onboarding.html]
[www.haravan.com/pages/haravan-all-in-one-tat-ca-tinh-nang.html]
[www.haravan.com/pages/phan-mem-quan-ly-don-hang52db.html]
[www.haravan.com/pages/phan-mem-quan-ly-kho52db.html]
[www.haravan.com/ship52db.html]
[www.haravan.com/pages/payment52db.html]
[theme.hstatic.net/1000001117/1001120712/14/owl.carousel.min9d62.css]
[theme.hstatic.net/1000001117/1001120712/14/style-about9d62.css]
[file.hstatic.net/1000001117/file/about-maibanner_a470ff89b9b34462bf2459e11d5ca74c.png]
[file.hstatic.net/1000001117/file/about-producthrv_22bdf698ac334fe5a281b7e4be6cb6d1.jpg]
[file.hstatic.net/1000001117/file/about-phattrien_191ba3badaa94927a91753b52e5e02c4.png]
[file.hstatic.net/1000001117/file/about-gallery1_357a775741dc40ac96cc05c7005def50.jpg]
[file.hstatic.net/1000001117/file/about-gallery2_67c4810a8346416ca4ac4f3d6556eba2.jpg]
[file.hstatic.net/1000001117/file/about-gallery3_edef7f7bef7c476ea8a91ba090cab8c3.jpg]
[file.hstatic.net/1000001117/file/about-gallery4_5c34fc3420af4e4a9a5de52ca78d0df1.jpg]
[file.hstatic.net/1000001117/file/about-gallery5_ce32ef047d134380bcb5109c7ea3f4f0.jpg]
[file.hstatic.net/1000001117/file/about-gallery-6_fe2c1096014f4e73863b419d53fe22b8.jpg]
[file.hstatic.net/1000001117/file/about-gallery-7_294a56319fc54afb9d50a16720dde536.jpg]
[file.hstatic.net/1000001117/file/about-gallery-8_acfb7c0a3b50412c8a09d977fa23009a.jpg]
[file.hstatic.net/1000001117/file/about-careers2x_234b4d4c0d794194a29e1850eecd2f7c.jpg]
[file.hstatic.net/1000033225/file/vinamilk_8232198c60cd40048242abce52f44204.png]
[file.hstatic.net/1000001117/file/partner-mbp_a2d7d6c0b8284465be8a0c90009dca08.png]
[www.haravan.com/pages/about.html]
[theme.hstatic.net/1000001117/1001120712/14/style_blogs_v1.1.scss9d62.css]
[file.hstatic.net/1000001117/article/tiktok-1200x628-10012025_afaedfda3ebe455681e328283c378a89_large.png]
[file.hstatic.net/1000001117/article/tiktok-1200x628-10012025_afaedfda3ebe455681e328283c378a89.png]
[www.haravan.com/blogs/tin-tuc/quang-cao-tin-nhan-tiktok-chinh-thuc-ra-mat-tai-viet-nam-tich-hop-voi-haravan.html]
[file.hstatic.net/1000001117/article/post_1_-_thumbnail_62655cd1c8a3413e825d5ab29dc2413d_large.png]
[file.hstatic.net/1000001117/article/post_1_-_thumbnail_62655cd1c8a3413e825d5ab29dc2413d.png]
[www.haravan.com/blogs/tin-tuc/haravan-cung-tiktok-ra-mat-tinh-nang-tiktok-instant-messaging-ads.html]
[file.hstatic.net/1000001117/article/27092024-_9_nam_hn-1200x675__1___1__3e8ecb3c397742cc910dac91472de28c_large.png]
[www.haravan.com/blogs/tin-tuc/khuyen-mai-linh-dinh-mung-haravan-ha-noi-len-9.html]
[file.hstatic.net/1000001117/article/27092024-_9_nam_hn-1200x675__1___1__3e8ecb3c397742cc910dac91472de28c.png]
[file.hstatic.net/1000001117/article/hanh-trinh-10-nam-make-commerce-better-1_f79b118a634f4356ab1447c2922e712c_large.jpg]
[file.hstatic.net/1000001117/article/hanh-trinh-10-nam-make-commerce-better-1_f79b118a634f4356ab1447c2922e712c.jpg]
[file.hstatic.net/1000001117/article/bang_gia_24-1200x675-30012024-2_32800b173dba4dbf90ca49189164e1bf_large.png]
[file.hstatic.net/1000001117/article/bang_gia_24-1200x675-30012024-2_32800b173dba4dbf90ca49189164e1bf.png]
[www.haravan.com/blogs/tin-tuc/haravan-va-hanh-trinh-10-nam-make-commerce-better.html]
[file.hstatic.net/1000001117/article/best-solution-awards-2023-7_3b1f43923a4645a4b3548ae89ad2b97a_large.jpg]
[www.haravan.com/blogs/tin-tuc/haravan-ra-mat-goi-dich-vu-moi-omni-advanced.html]
[www.haravan.com/blogs/tin-tuc/haravan-vinh-danh-tai-le-trao-giai-best-solution-awards-2023.html]
[file.hstatic.net/1000001117/article/best-solution-awards-2023-7_3b1f43923a4645a4b3548ae89ad2b97a.jpg]
[file.hstatic.net/1000001117/article/101023-1200x675-cm_815e9ab42f7b4977962736783368b9e1_large.jpg]
[file.hstatic.net/1000001117/article/101023-1200x675-cm_815e9ab42f7b4977962736783368b9e1.jpg]
[file.hstatic.net/1000001117/article/051023-1200x675-8nam_a9b3823dd6d94fb0a7dc6c10ab989b05_large.jpg]
[www.haravan.com/blogs/tin-tuc/harravan-chuc-mung-ngay-doanh-nhan-viet-nam-13-10-2023.html]
[www.haravan.com/blogs/tin-tuc/haravan-ha-noi-8-nam.html]
[file.hstatic.net/1000001117/article/051023-1200x675-8nam_a9b3823dd6d94fb0a7dc6c10ab989b05.jpg]
[file.hstatic.net/1000001117/article/-vinh-du-dat-danh-hieu-cong-ty-co-moi-truong-cong-nghe-tot-nhat-2023-9_14212a3bec464fc197ac6702f87fd28a_large.jpg]
[file.hstatic.net/1000001117/article/-vinh-du-dat-danh-hieu-cong-ty-co-moi-truong-cong-nghe-tot-nhat-2023-9_14212a3bec464fc197ac6702f87fd28a.jpg]
[www.haravan.com/blogs/tin-tuc/haravan-thuoc-top-6-cong-ty-co-moi-truong-cong-nghe-tieu-bieu-2023.html]
[file.hstatic.net/1000001117/article/untitled-1_753d600816074f7cbf275d39486d1a28_large.jpg]
[file.hstatic.net/1000001117/article/untitled-1_753d600816074f7cbf275d39486d1a28.jpg]
[www.haravan.com/blogs/tin-tuc/haravan-thong-bao-cap-nhat-nghi-dinh-bao-ve-du-lieu-ca-nhan.html]
[file.hstatic.net/1000001117/article/tiktokshop-haravan_540bb237ff524697872cda74ccec4629_large.png]
[file.hstatic.net/1000001117/article/tiktokshop-haravan_540bb237ff524697872cda74ccec4629.png]
[www.haravan.com/blogs/tin-tuc/canh-bao-gia-danh-nhan-vien-haravan.html]
[cdn.hstatic.net/shared/noDefaultImage6_large.gif]
[www.haravan.com/blogs/tin-tuc/haravan-tich-hop-thanh-cong-tiktokshop.html]
[file.hstatic.net/1000001117/article/frame_29_0d54a1b11c9f4407b1447280e23428c2_large.jpg]
[file.hstatic.net/1000001117/article/frame_29_0d54a1b11c9f4407b1447280e23428c2.jpg]
[www.haravan.com/blogs/tin-tuc/tang-tien-quang-cao-google.html]
[file.hstatic.net/1000001117/article/meta-2022-750x3902452022_4_a5fc30fe31d74067beb776ac3db5fe25_large.jpg]
[www.haravan.com/blogs/tin-tuc/meta-ra-mat-tinh-nang-gui-thong-bao-dinh-ky-cho-khach-tren-facebook-me.html]
[file.hstatic.net/1000001117/article/meta-2022-750x3902452022_4_a5fc30fe31d74067beb776ac3db5fe25.jpg]
[file.hstatic.net/1000001117/article/160522-uudai-1200x630_c43a45637ce3475a9f57f9656cd03f06_large.jpg]
[file.hstatic.net/1000001117/article/160522-uudai-1200x630_c43a45637ce3475a9f57f9656cd03f06.jpg]
[www.haravan.com/blogs/tin-tuc/kbank-haravan-giam-20-tai-haravan-store.html]
[www.haravan.com/blogs/tin-tuc4658.html]
[www.haravan.com/blogs/tin-tuc9ba9.html]
[file.hstatic.net/1000001117/article/tiktok-1200x628-10012025_afaedfda3ebe455681e328283c378a89_small.png]
[file.hstatic.net/1000001117/article/post_1_-_thumbnail_62655cd1c8a3413e825d5ab29dc2413d_small.png]
[file.hstatic.net/1000001117/article/27092024-_9_nam_hn-1200x675__1___1__3e8ecb3c397742cc910dac91472de28c_small.png]
[file.hstatic.net/1000001117/article/hanh-trinh-10-nam-make-commerce-better-1_f79b118a634f4356ab1447c2922e712c_small.jpg]
[file.hstatic.net/1000001117/article/tiktok-1200x628-10012025_afaedfda3ebe455681e328283c378a89_grande.png]
[www.haravan.com/blogs/tin-tucaf4d.html]
[www.haravan.com/blogs/tin-tuc.html]
[cdn.hstatic.net/files/1000001117/article/jr5_7151_df97b140cd824a64a8ec08b2b4b7e110_large.jpg]
[cdn.hstatic.net/files/1000001117/article/jr5_7151_df97b140cd824a64a8ec08b2b4b7e110.jpg]
[www.haravan.com/blogs/su-kien/social-marketing-day-2025-dan-dau-xu-huong-but-pha-mua-mega-sales.html]
[www.haravan.com/blogs/su-kien/haravan-tai-su-kien-meta-marketing-summit-2025-don-dau-xu-huong-tuong-lai-cua-marketing-trong-thoi-dai-chuyen-doi-so.html]
[file.hstatic.net/1000001117/article/blog_thumbnail_8ba2e14dcb3b49b9a8c3af7a036cafb6_large.png]
[file.hstatic.net/1000001117/article/blog_thumbnail_8ba2e14dcb3b49b9a8c3af7a036cafb6.png]
[www.haravan.com/blogs/su-kien/haravan-tai-vobf-2025-cung-doanh-nghiep-vuot-song-ai-dan-dat-xu-huong.html]
[file.hstatic.net/1000001117/article/img_5158_2__1d584c6221d444e8a7c8a7a771bded6b_large.jpg]
[file.hstatic.net/1000001117/article/img_5158_2__1d584c6221d444e8a7c8a7a771bded6b.jpg]
[file.hstatic.net/1000001117/article/thiet_ke_chua_co_ten__1__7522279788ab42c49b24192470f0d867_large.png]
[file.hstatic.net/1000001117/article/thiet_ke_chua_co_ten__1__7522279788ab42c49b24192470f0d867.png]
[www.haravan.com/blogs/su-kien.html]
[www.haravan.com/pages/partners.html]
[file.hstatic.net/1000001117/article/haravan-va-hanh-trinh-10-nam-make-commerce-better-1_f507742243c3447783ea9aed8fd0283d_large.jpg]
[file.hstatic.net/1000001117/article/10-nam-haravan-dong-hanh-cung-nha-ban-hang-da-kenh-1_822768c944d44792ba464514d23ca72b_large.jpg]
[file.hstatic.net/1000001117/article/-vinh-du-dat-danh-hieu-cong-ty-co-moi-truong-cong-nghe-tot-nhat-2023-9_0f9640da4d2f41c2b684e849f801f924_large.jpg]
[www.haravan.com/blogs/bao-chi/haravan-va-hanh-trinh-10-nam-make-commerce-better.html]
[www.haravan.com/blogs/bao-chi/10-nam-haravan-dong-hanh-cung-nha-ban-hang-da-kenh.html]
[file.hstatic.net/1000001117/article/130722-750x390-bc_036247028a7c4a32adcebaff9b23a661_large.jpg]
[www.haravan.com/blogs/bao-chi/haravan-duoc-vinh-danh-cong-ty-co-moi-truong-cong-nghe-tot-nhat-2023.html]
[file.hstatic.net/1000001117/article/130722-750x390-bc_63af7e24e6a543558cc5cd72489b7442_large.jpg]
[www.haravan.com/blogs/bao-chi/haravan-enables-multi-channel-e-commerce-world-for-vietnam-smes.html]
[file.hstatic.net/1000001117/article/capture_67515cc82a414017a32f5d062e7c52a2_large.png]
[www.haravan.com/blogs/bao-chi/haravan-vuon-tam-thuong-mai-online.html]
[file.hstatic.net/1000001117/article/capture_e2e888104b104592a67ca2d3640f849b_large.png]
[www.haravan.com/blogs/bao-chi/haravan-chinh-thuc-nang-cap-harasocial-tro-thanh-giai-phap-quan-ly-ban.html]
[www.haravan.com/blogs/bao-chi/muon-kieu-kho-khan-khi-bat-dau-ban-truc-tuyen-khi-doanh-nghiep-di-cu.html]
[file.hstatic.net/1000001117/article/capture_25bfb73699a54eb49250d0d31262afae_large.png]
[www.haravan.com/blogs/bao-chi/ceo-haravan-time-to-market-phai-la-uu-tien-so-1-cua-doanh-nghiepb.html]
[www.haravan.com/blogs/bao-chi/ceo-haravan-doanh-nghiep-nhu-mot-chiec-o-to-nguoi-chu-la-nguoi-dinh-huong-nhung-de-chay-hieu-suat-cao-cong-suat-lon-di-du-xa-thi-can-co-may-du-tot.html]
[file.hstatic.net/1000001117/article/ceo_nha_em_9aa0f2bafa68411a9471fcad014432cf_large.png]
[www.haravan.com/blogs/bao-chi/vinamilk-ra-mat-website-thuong-mai-dien-tu-giac-mo-sua-viet.html]
[file.hstatic.net/1000001117/article/shot_202016-12-07_20at_202.37.48_20pm_b2b09b09648a4bd38a5b31fcf08b7f4f_large.png]
[www.haravan.com/blogs/bao-chi/launchpad-program-accelerator-google-developes.html]
[file.hstatic.net/1000001117/article/1479978233-i3_c3bdb75ebaeb4bada40e7c9db40fbd4a_large.jpg]
[www.haravan.com/blogs/bao-chi/google-chon-haravan-elsa-trong-chuong-trinh-dao-tao-giup-phat-trien-cong-ty.html]
[file.hstatic.net/1000001117/article/mot_phan_website_haravan_large.jpg]
[www.haravan.com/blogs/bao-chi/cong-ty-khoi-nghiep-thu-2-o-viet-nam-duoc-google-do-dau.html]
[file.hstatic.net/1000001117/article/haravan_trien_khai_hop_tac_cung_vinamilk_large.jpg]
[www.haravan.com/blogs/bao-chi/vinamilk-dua-sua-tuoi-len-ban-online.html]
[file.hstatic.net/1000001117/article/banner_1200x628__1__large.png]
[www.haravan.com/blogs/bao-chi/nguoi-kinh-doanh-do-xo-tham-du-hoi-thao-khach-o-dau-ban-o-do.html]
[hstatic.net/0/0/global/design/haravan/h_haravan_home/images/img_commont/vnelogo-min.png]
[hstatic.net/0/0/global/design/haravan/h_haravan_home/images/img_commont/cafebizlogo-min.png]
[hstatic.net/0/0/global/design/haravan/h_haraweb/images/lg_developers-min_medium.png]
[hstatic.net/0/0/global/design/haravan/h_haravan_home/images/img_commont/ictnewslogo-min.png]
[hstatic.net/0/0/global/design/haravan/h_haravan_home/images/img_commont/techasialogo-min.png]
[hstatic.net/0/0/global/design/haravan/h_haraweb/images/logo_zing-min.png]
[www.haravan.com/blogs/bao-chi4658.html]
[hstatic.net/0/0/global/design/haravan/h_haravan_home/images/img_commont/saigonlogo-min.png]
[hstatic.net/0/0/global/design/haravan/h_haravan_home/images/img_commont/doanhnhanlogo-min.png]
[www.haravan.com/blogs/bao-chi.html]
[hstatic.net/0/0/global/design/haravan/h_harapage/images/sharing_daily.png]
[hstatic.net/0/0/global/design/plugins/bootstrap/3.3.6/css/bootstrap.min.css]
[hstatic.net/0/0/global/design/plugins/font-awesome/4.6.3/css/font-awesome.min.css]
[theme.hstatic.net/1000033225/1000999465/14/global_daily.v1.2df1d.css]
[theme.hstatic.net/1000033225/1000999465/14/global-promotion.scssdf1d.css]
[theme.hstatic.net/1000033225/1000999465/14/global_footer_v1.7df1d.css]
[hstatic.net/0/0/global/design/member/js/jquery.cookie.js]
[hstatic.net/0/0/global/design/plugins/bootstrap/3.3.6/js/bootstrap.min.js]
[hstatic.net/0/0/global/design/plugins/owlcarousel133/owl.carousel.css]
[hstatic.net/0/0/global/design/js/fixheightproductv2.js]
[hstatic.net/0/0/global/design/plugins/owlcarousel133/owl.carousel.min.js]
[hstatic.net/0/0/global/design/haravan/plugin/js/jquery-1.12.4.min.js]
[theme.hstatic.net/1000033225/1000999465/14/jquery.ui.touch-punch.mindf1d.js]
[www.google-analytics.com/analytics.js]
[hstatic.net/0/0/global/design/plugins/fancybox/jquery.fancybox.css]
[hstatic.net/0/0/global/design/plugins/fancybox/jquery.fancybox.js]
[hstatic.net/0/0/global/design/member/fancybox/helpers/jquery.fancybox-media.js]
[hstatic.net/0/0/global/design/haravan/h_index/images/logo-haravan-w-min.png]
[hstatic.net/0/0/global/design/haravan/l_daily/images/logo_daily-min.png]
[theme.hstatic.net/1000033225/1000999465/14/jquery-ui.mindf1d.js]
[hstatic.net/0/0/global/design/haravan/l_daily/images/ic01-min.png]
[hstatic.net/0/0/global/design/haravan/l_daily/images/ic02-min.png]
[hstatic.net/0/0/global/design/haravan/l_daily/images/ic05-min.png]
[hstatic.net/0/0/global/design/haravan/l_daily/images/ic07-min.png]
[hstatic.net/0/0/global/design/haravan/l_daily/images/ic_md_1-min.png]
[hstatic.net/0/0/global/design/haravan/l_daily/images/ic_md_2-min.png]
[hstatic.net/0/0/global/design/haravan/l_daily/images/ic_md_3-min.png]
[file.hstatic.net/1000033225/file/logo_haratop-min.png]
[file.hstatic.net/1000033225/file/agency-hrplus_191d1c58353d4885bd9bc0a892f78707.jpg]
[file.hstatic.net/1000033225/file/haravip-logo_439dbe0fa67f4b3da9d17fc7018e2979_compact.png]
[file.hstatic.net/1000033225/file/logo-bit-group_c9a1562e11be43f3ae09cd0e472ccfcb.png]
[file.hstatic.net/1000033225/file/logo-salesdesign_84833ffed65a4dedbcfce9670ba07493.png]
[file.hstatic.net/1000033225/file/maxdata-logo_53df94079f954389955f2cbbe4df3e5c.png]
[file.hstatic.net/1000033225/file/logo-zidital_5921de8d19bb4723bd2c4ec2db98afb8.png]
[file.hstatic.net/1000033225/file/logo-oneads_b60527a228ce4b6085f371799550d895_compact.png]
[hstatic.net/0/0/global/design/haravan/h_haravan_home/images/img_commont/vnelogo.png]
[hstatic.net/0/0/global/design/haravan/h_haravan_home/images/img_commont/cafebizlogo.png]
[hstatic.net/0/0/global/design/haravan/h_haravan_home/images/img_commont/tgvtlogo.png]
[hstatic.net/0/0/global/design/haravan/h_haravan_home/images/img_commont/ictnewslogo.png]
[hstatic.net/0/0/global/design/haravan/h_haravan_home/images/img_commont/techasialogo.png]
[hstatic.net/0/0/global/design/haravan/h_haravan_home/images/img_commont/laodonglogo.png]
[hstatic.net/0/0/global/design/haravan/saigonlogo.png]
[hstatic.net/0/0/global/design/haravan/h_haravan_home/images/img_commont/doanhnhanlogo.png]
[hstatic.net/0/0/global/design/haravan/l_daily/images/logo_intel_den-min.png]
[hstatic.net/0/0/global/design/haravan/l_daily/images/logo_intel_mau-min.png]
[hstatic.net/0/0/global/design/haravan/l_daily/images/logovecom_den-min.png]
[hstatic.net/0/0/global/design/haravan/l_daily/images/logovecom_mau-min.png]
[hstatic.net/0/0/global/design/haravan/l_daily/images/logo_ghn_den-min.png]
[hstatic.net/0/0/global/design/haravan/l_daily/images/logo_ghn-mau-min.png]
[hstatic.net/0/0/global/design/haravan/l_daily/images/logo_5giay_den-min.png]
[hstatic.net/0/0/global/design/haravan/l_daily/images/logo_5giay_mau-min.png]
[hstatic.net/0/0/global/design/haravan/l_daily/images/logo_wtt_den-min.png]
[hstatic.net/0/0/global/design/haravan/l_daily/images/logo_wtt_mau-min.png]
[hstatic.net/0/0/global/design/haravan/l_daily/images/zalora_den-min.png]
[hstatic.net/0/0/global/design/haravan/l_daily/images/zalora_mau-min.png]
[hstatic.net/0/0/global/design/haravan/l_daily/images/coccoc-den1-min.png]
[hstatic.net/0/0/global/design/haravan/l_daily/images/coccoc-mau1-min.png]
[hstatic.net/0/0/global/design/haravan/l_daily/images/lgbluehouse_den-min.png]
[hstatic.net/0/0/global/design/haravan/l_daily/images/lgbluehouse_mau-min.png]
[hstatic.net/0/0/global/design/haravan/l_daily/images/izi_den-min.png]
[hstatic.net/0/0/global/design/haravan/l_daily/images/izi_mau-min.png]
[hstatic.net/0/0/global/design/haravan/l_daily/images/logodgm_den-min.png]
[hstatic.net/0/0/global/design/haravan/l_daily/images/logodgm_mau-min.png]
[hstatic.net/0/0/global/design/haravan/l_daily/images/logoaothun_den-min.png]
[hstatic.net/0/0/global/design/haravan/l_daily/images/logoaothun_mau-min.png]
[hstatic.net/0/0/global/design/haravan/l_daily/images/logo_ict_den-min.png]
[hstatic.net/0/0/global/design/haravan/l_daily/images/logo_ict_mau-min.png]
[file.hstatic.net/1000033225/file/bigsun-black-min.png]
[file.hstatic.net/1000033225/file/bigsun-min.png]
[file.hstatic.net/1000033225/file/ezbiz-black-min.png]
[file.hstatic.net/1000033225/file/ezbiz-min.png]
[file.hstatic.net/1000033225/file/kingweb-black-min.png]
[file.hstatic.net/1000033225/file/kingweb-min.png]
[file.hstatic.net/1000001117/file/haravan-27001-certificate_afdc43895d404cf0a15684831e010866_large.png]
[www.haravan.com/daily.html]
[theme.hstatic.net/1000001117/1001120712/14/style-service9d62.css]
[www.haravan.com/pages/policy.html]
[www.haravan.com/pages/quy-dinh.html]
[www.haravan.com/harawebd41d.html]
[hstatic.net/0/0/global/design/haravan/l_thitruongsi/css/css3-animate.css]
[theme.hstatic.net/1000001117/1001120712/14/soon.min9d62.css]
[file.hstatic.net/1000001117/file/sharefb-finace-min_78b21b9bf2c64c93807058e37ce8455a.png]
[theme.hstatic.net/1000001117/1001120712/14/finance-style_v1.1.scss9d62.css]
[www.haravan.com/v/index.html]
[www.haravan.com/pages/haravan-finance.html]
[file.hstatic.net/1000001117/file/finance-main_956d275a4db144cdacd08ea988271f50.png]
[www.haravan.com/pages/kbank.html]
[www.haravan.com/pages/validus.html]
[file.hstatic.net/1000001117/file/kbank-logo_c99dec68991a478399346a63882216df.png]
[file.hstatic.net/1000001117/file/finance-banner-intro_ff1f120b33fc458aa9a759b9b78d6b4a.jpg]
[file.hstatic.net/1000001117/file/finace-solution-1_2d4780f969b44ec4a08006b5b609c20a.jpg]
[file.hstatic.net/1000001117/file/finace-solution-2_4c4bdac17d94443f88c16e108e0838c1.jpg]
[file.hstatic.net/1000001117/file/finace-solution-3_dc260b2ae83147c38eca9d34f78b5e4e.jpg]
[file.hstatic.net/1000001117/file/finace-solution-4_5ae34a3a9a2f4a2b93ddb1e755196f23.jpg]
[file.hstatic.net/1000001117/file/buisontam_65edafd33da440918cb837fcf3a75aac.png]
[file.hstatic.net/1000001117/file/letienduong_7b7696bf5a134fcf979f11c29be4a481.png]
[file.hstatic.net/1000001117/file/finance-popup-tb_187abd24be264ab084de2e829db7f7d2.png]
[www.haravan.com/pages/kbank7afc.html]
[www.haravan.com/finance.html]
[theme.hstatic.net/1000001117/1001120712/14/haraweb-style_v2.1.scss9d62.css]
[file.hstatic.net/1000001117/file/share-fbhrweb-2019-min_5f84d553209045b6b34225a5f0976b7d.png]
[theme.hstatic.net/1000001117/1001120712/14/haraweb-features9d62.css]
[file.hstatic.net/1000001117/file/hrweb-feature1-min_7c1e9bf31c934ac0be74e381cf2b34e8.jpg]
[file.hstatic.net/1000001117/file/hrweb-feature1-1-min_5688bc12ae114d0f91ffa33a50cfae7f.jpg]
[file.hstatic.net/1000001117/file/hrweb-feature2-min_9d81cd1e2c2c4ae28013b2ab5c4154b4.jpg]
[www.haravan.com/pages/kbank8426.html]
[file.hstatic.net/1000001117/file/hrweb-feature3-min_59345a2dc6514b748060c713b338bf8e.jpg]
[file.hstatic.net/1000001117/file/hrweb-feature4-min_209d0c17e35b4134bcf03dea957cc276.jpg]
[file.hstatic.net/1000001117/file/hrweb-feature5-min_348e907085a24697bdbfbc39d7e56cf8.jpg]
[file.hstatic.net/1000001117/file/hrweb-feature6-min_47ae4272f729464b81cf9afda2774d3b.jpg]
[file.hstatic.net/1000001117/file/hrweb-feature7-min_18248f63156d4a20a6653170a722cacc.jpg]
[file.hstatic.net/1000001117/file/hrweb-feature8-min_e50f118a827146228506833af38bd254.jpg]
[file.hstatic.net/1000001117/file/hrweb-feature9-min_156187db88744ee29dcebf5dfd7b847d.jpg]
[file.hstatic.net/1000001117/file/hrweb-feature10-min_ec52f9713efb4594be04403161004d5a.jpg]
[file.hstatic.net/1000001117/file/hrweb-feature11-min_e9ba0431761946e1b48d510f5b515f15.jpg]
[file.hstatic.net/1000001117/file/hrweb-feature12-min_777b16c11ce64516bb90d253faa2e2e8.jpg]
[file.hstatic.net/1000001117/file/hrweb-feature13-min_fa29be2bb1ad4059a4b36d90ba394740.jpg]
[www.haravan.com/mobileapp.html]
[file.hstatic.net/1000001117/file/hrweb-feature14-min_8a7311edea3245629c8d282922942517.jpg]
[www.haravan.com/pages/haraweb-features.html]
[file.hstatic.net/1000001117/file/sharefb-thoitrang-min_e3186ee6eecc48b882e09e7be021a18e.png]
[theme.hstatic.net/1000001117/1001120712/14/haraweb-industry.scss9d62.css]
[file.hstatic.net/1000001117/file/hrweb-fashion-slider2_d139ed2ed6314892a9ca5505e558883a.png]
[file.hstatic.net/1000001117/file/hrweb-fashion-slider4_b874954b6b304f908b71338d173e655e.png]
[file.hstatic.net/1000001117/file/hrweb-fashion-slider1_fae4d1b69ee24a7c90701729c6ee5956.png]
[file.hstatic.net/1000001117/file/haraweb-fashion-2_75089e9307c64605a139a2a309d216c5.png]
[file.hstatic.net/1000001117/file/haraweb-fashion-3_b16e57cf33934b2bbfe2743371d5fd76.png]
[file.hstatic.net/1000001117/file/haraweb-fashion-4_3c185024d0764fe99af6e87898811261.png]
[file.hstatic.net/1000001117/file/hrweb-fashion-5_4823f707ab8e42d0b30810f6c91173fb.png]
[file.hstatic.net/1000001117/file/hrweb-fashion-6_12bfbbe6c70a49c6b94f4f67cc8fc859.png]
[file.hstatic.net/1000001117/file/slider-index-loreal-2x_97b991deb7764202a20f803b996ed158.jpg]
[www.haravan.com/pages/thiet-ke-website-thoi-trang.html]
[file.hstatic.net/1000001117/file/sharefb-mypham-min_d5cdc8c0b3fc43a79604171445c4c5ab.png]
[file.hstatic.net/1000001117/file/haraweb-cosmetics-banner2_6307e621cae04e1ab02aaed4e0687658.png]
[file.hstatic.net/1000001117/file/haraweb-cosmetics-1_d80b7d39d99e44b1a2c14f1ae61fd760.png]
[file.hstatic.net/1000001117/file/haraweb-cosmetics-2_b9b431053d534c8892a23a0e40f2c4ac.png]
[file.hstatic.net/1000001117/file/haraweb-cosmetics-3_b68563f981be47368fb3a4e2b192476a.png]
[file.hstatic.net/1000001117/file/haraweb-cosmetics-4_6d1a911359404b62846cbc71aca5ac1a.png]
[file.hstatic.net/1000001117/file/haraweb-cosmetics-5_71d74c44b9944698b2e796f899177afd.png]
[file.hstatic.net/1000001117/file/haraweb-cosmetics-demo2_03a1611594894de7bc4dd3597f56bb39.png]
[file.hstatic.net/1000001117/file/haraweb-cosmetics-demo3_43e650248ccf4a1c826960f51796b2a1.jpg]
[www.haravan.com/pages/thiet-ke-website-my-pham.html]
[file.hstatic.net/1000001117/file/haraweb-cosmetics-demo4_d2cae0820527416090ca9dc3407ac4c2.jpg]
[file.hstatic.net/1000001117/file/sharefb-dienthoai-min_deaf29b879eb48c282e75094f8aef744.png]
[file.hstatic.net/1000001117/file/haraweb-phone-banner_03_08d0b0ef040844b685c99eb43e220cb7.png]
[file.hstatic.net/1000001117/file/haraweb-phone-1_59f52626a76a47b6895172624e7f5560.png]
[file.hstatic.net/1000001117/file/haraweb-phone-2_96fcdff4cccf424cbf9f3f46b2309fd1.png]
[file.hstatic.net/1000001117/file/haraweb-phone-3_7cea98ad760f4024bc03cff9864af6f8.png]
[file.hstatic.net/1000001117/file/haraweb-phone-4_0913f596896f4489a8c5729bdd29c8b7.png]
[file.hstatic.net/1000001117/file/haraweb-phone-5_8a0cef092b3c4d40b5452e045aca2319.png]
[file.hstatic.net/1000001117/file/haraweb-phone-demo1_592f932abe9841149479e6a89bea4da8.jpg]
[file.hstatic.net/1000001117/file/haraweb-phone-demo2_a2e5b278eaae46b58cd49c04959cd837.jpg]
[file.hstatic.net/1000001117/file/haraweb-phone-demo3_d45b0a0e456444b58cc8135109a9683b.jpg]
[file.hstatic.net/1000001117/file/haraweb-phone-demo4_17ae58fdd6aa4f49a60d87276c65140d.jpg]
[www.haravan.com/pages/thiet-ke-website-dien-thoai.html]
[file.hstatic.net/1000001117/file/sharefb-mevabe-min_c548d2da0459433ab565a78dfbb0234d.png]
[file.hstatic.net/1000001117/file/haraweb-mother-banner_03_8310d4aa646143418fac4ac8ca368d68.png]
[file.hstatic.net/1000001117/file/haraweb-mother-1_e6dc835ca0cd4eb4a09df04b054c8c4a.png]
[file.hstatic.net/1000001117/file/haraweb-mother-2_e02b582623574b56a1589b21a4b7a833.png]
[file.hstatic.net/1000001117/file/haraweb-mother-3_17d41e5e7ebe48a6b0c932f48950de1d.png]
[file.hstatic.net/1000001117/file/haraweb-mother-4_6642cd0fa0dd4c188b9396434be6404c.png]
[file.hstatic.net/1000001117/file/haraweb-mother-5_4a8d0e2a05a049e193748f1ade2c13d1.png]
[file.hstatic.net/1000001117/file/hrweb-webdemo-11_5e96a021734b4fed9837a240c5beade8.jpg]
[file.hstatic.net/1000033225/file/hrweb-webdemo-23_c7a668d42d024527ac8e7684a8ce76cf.jpg]
[file.hstatic.net/1000001117/file/hrweb-webdemo-14_d33ea13376564b1d881f61182099d47d.jpg]
[file.hstatic.net/1000001117/file/haraweb-mother-demo4_9b05d1ca1af0480f8dd0023de4b96a39.jpg]
[file.hstatic.net/1000001117/file/900x900-23012024_936474e93b7943c49e69763bc1ea7ae2_grande.jpg]
[file.hstatic.net/1000001117/file/900x900-23012024_936474e93b7943c49e69763bc1ea7ae2.jpg]
[www.haravan.com/pages/thiet-ke-website-me-va-be.html]
[file.hstatic.net/1000001117/file/sharefb-dienmay-min_c2c7bc1cb4584ff08360173f028dade0.png]
[file.hstatic.net/1000001117/file/haraweb-electronic-slide1_4195435294144ae38dc7b26975ced83a.png]
[file.hstatic.net/1000001117/file/haraweb-electronic-1_95b04edfc90c4d879ce4d3b5c27426c0.png]
[file.hstatic.net/1000001117/file/haraweb-electronic-2_9d394df1fd5341979d5db074e6be235e.png]
[file.hstatic.net/1000001117/file/haraweb-electronic-3_fbfcb1ec25214700a8fe5e0d5608600f.png]
[file.hstatic.net/1000001117/file/haraweb-electronic-4_9b1edd131dda43bd9f720be2240309d8.png]
[file.hstatic.net/1000001117/file/hinh_anh_cho_ldp_thiet_ke_website_dien_may.png]
[file.hstatic.net/1000001117/file/hrweb-webdemo-9_c108a3fd3bf64732a7fa084bb9f1fdae.jpg]
[file.hstatic.net/1000001117/file/hrweb-webdemo-7_c88086fe03a64579a0803a04adf0c6a6.jpg]
[file.hstatic.net/1000001117/file/hrweb-webdemo-8_f1cfd1c60b264876830bbbd48ac684b3.jpg]
[file.hstatic.net/1000001117/file/hrweb-webdemo-17_041d30f8bc4e4a08a593d3fddb319564.jpg]
[www.haravan.com/pages/thiet-ke-website-dien-may.html]
[file.hstatic.net/1000001117/file/sharefb-trangsuc-min_30bbbe7be97d4b9b9e23ffd62387464f.png]
[file.hstatic.net/1000001117/file/iphone-xs11_03_fb92d157d6b84365b6fc7b9ee5f5749d.png]
[file.hstatic.net/1000001117/file/haraweb-jewelry-1_3b97cfd4177e4225955c9f60d54cf029.png]
[file.hstatic.net/1000001117/file/haraweb-jewelry-2_4c862f94bf7a41eda7fcebdf03286e51.png]
[file.hstatic.net/1000001117/file/haraweb-jewelry-3_8e4557cd00e24254a58afb6b07ab1dfc.png]
[file.hstatic.net/1000001117/file/haraweb-jewelry-4_8adf274c6fc54734a10c2e339b7ab26a.png]
[file.hstatic.net/1000001117/file/haraweb-jewelry-5_4ae021a959a645b5ad5d71d7c29dcb33.png]
[file.hstatic.net/1000001117/file/haraweb-jewelry-demo1_77a8322bae6b49a3b5defec1f25c976f.jpg]
[file.hstatic.net/1000001117/file/haraweb-jewelry-demo2_96316f5640204f199f61201ec0fb0094.jpg]
[file.hstatic.net/1000001117/file/haraweb-jewelry-demo3_436a7a34954b46308b8a0ddddb437922.jpg]
[file.hstatic.net/1000001117/file/haraweb-jewelry-demo4_ef365579bd664e03b05735d4c82e12f7.jpg]
[www.haravan.com/pages/thiet-ke-website-trang-suc.html]
[file.hstatic.net/1000001117/file/sharefb-noithat-min_d086ecfcb24b4b4f9167ea9f99ee08e4.png]
[file.hstatic.net/1000001117/file/haraweb-furniture-banner_aa3b4215648e4c179ee98f9885179664.png]
[file.hstatic.net/1000001117/file/haraweb-furniture-1_1ddd1a29222a4c57b0e6dc065de0290a.png]
[file.hstatic.net/1000001117/file/haraweb-furniture-2_01f37f46f60746de8745aa62c3a1f3ed.png]
[file.hstatic.net/1000001117/file/haraweb-furniture-3_5b76f9533ba146cd9bffeec6b5f55a6f.png]
[file.hstatic.net/1000001117/file/haraweb-furniture-4_6a78681ba4084046a90caec0c0d3a085.png]
[file.hstatic.net/1000001117/file/haraweb-furniture-5_37f78a1da5bb4ae7aec5285895e9bd5e.png]
[file.hstatic.net/1000001117/file/haraweb-furniture-demo1_0478a0ed782242cc948ee613852edffa.png]
[file.hstatic.net/1000001117/file/haraweb-furniture-demo2_6260f469f9f04645876530c9e3cf46ec.png]
[file.hstatic.net/1000001117/file/haraweb-furniture-demo3_d80c514faca74887a7bc9d6554876565.png]
[file.hstatic.net/1000001117/file/haraweb-furniture-demo4_899f1db042794f298e16b16813372bb1.png]
[www.haravan.com/pages/thiet-ke-website-noi-that.html]
[file.hstatic.net/1000377962/file/customer-logo-mia_2884d9c83820454a91b22ef289560b0c.html]
[www.haravan.com/pages/pricing4ff7.html]
[hstatic.net/0/0/global/design/plugins/font-awesome/4.5.0/css/font-awesome.min.css]
[www.haravan.com/fonts/glyphicons-halflings-regular.html]
[www.haravan.com/fonts/glyphicons-halflings-regulard41d.html]
[www.haravan.com/fonts/glyphicons-halflings-regular-2.html]
[www.haravan.com/fonts/glyphicons-halflings-regular-3.html]
[www.haravan.com/fonts/glyphicons-halflings-regular-4.html]
[www.haravan.com/fonts/glyphicons-halflings-regular-5.html]
[www.haravan.com/pages/owl.video.play.html]
[theme.hstatic.net/1000001117/1001120712/14/global-footer-hrv-v1.39d62.css]
[file.hstatic.net/1000001117/file/haraweb-business-slide1-bkg_6ce6fa6b66f544dcabf17d6696dbd784.jpg]
[file.hstatic.net/1000001117/file/haraweb-business-slide2-bkg_14fbce88a1d94d6ab60b4ffce9240e9a.jpg]
[file.hstatic.net/1000001117/file/haraweb-business-slide3-bkg_9c1c3384663746669948e0612dabd450.jpg]
[file.hstatic.net/1000001117/file/haraweb-business-slide4-bkg_07f4089f8109439e9b451948705adf00.jpg]
[file.hstatic.net/1000001117/file/haraweb-business-slide5-bkg_6b00f78b64114a2d8f9c63166f04636f.jpg]
[file.hstatic.net/1000001117/file/haraweb-books-bkg1_03_6d2809a2685048ae88280ed91ef59b4e.jpg]
[file.hstatic.net/1000001117/file/haraweb-phone-bkg_03_e456a1b04f8a4a16a903ec257abb5f53.png]
[theme.hstatic.net/1000001117/1001120712/14/haraweb-industry-v1.scss9d62.css]
[theme.hstatic.net/1000001117/1001120712/14/materialize.min9d62.css]
[theme.hstatic.net/1000001117/1001120712/14/LeagueGothic-Regular3934.ttf]
[cdn.hstatic.net/files/1000001117/file/hr-ai-chat-more.png]
[theme.hstatic.net/1000001117/1001120712/14/hr-ai-chat-v1.scss9d62.css]
[www.haravan.com/pages/onboarding81a8.html]
[theme.hstatic.net/1000001117/1001120712/14/onboarding_v1.2.scss9d62.css]
[www.haravan.com/pages/tinh-nang-haravan-ai-chat.html]
[file.hstatic.net/1000001117/file/chatbot-vector-min_3dbebb21188c4521ad7c8cb698f1008d.png]
[file.hstatic.net/1000001117/file/chatbot-vector-bottom-min_f7b6a78326a9426e8a5c890ba47b6b80.png]
[theme.hstatic.net/1000001117/1001120712/14/hrsocial-chatbot.scss9d62.css]
[theme.hstatic.net/1000001117/1001120712/14/hrsocial-templates.scss9d62.css]
[www.haravan.com/products/bat-dong-san.html]
[www.haravan.com/products/chuoi-cua-hang-thoi-trang.html]
[www.haravan.com/products/cua-hang-balo-tui-xach.html]
[www.haravan.com/products/cua-hang-ban-giay-dep.html]
[www.haravan.com/products/cua-hang-ban-hoa-cay-canh.html]
[www.haravan.com/products/cua-hang-mat-kinh.html]
[www.haravan.com/products/cua-hang-me-va-be.html]
[www.haravan.com/products/cua-hang-my-pham-lam-dep.html]
[www.haravan.com/products/cua-hang-nhac-cu-am-nhac.html]
[www.haravan.com/products/cua-hang-thoi-trang-nam.html]
[www.haravan.com/products/cua-hang-thoi-trang-nu.html]
[www.haravan.com/pages/kich-ban-chatbot.html]
[file.hstatic.net/1000377962/file/socialcommerce-logobitis_ee68d228b7e544cdbf9d1e75c233f632_large.png]
[file.hstatic.net/1000377962/file/socialcommerce-logo-abbot_f7db401abdb0444cb2f36622763d5c96_large.png]
[file.hstatic.net/1000377962/file/socialcommerce-logo-lorael_5e052b801ead4525b0ae2902eaad73fb_large.png]
[theme.hstatic.net/1000001117/1001120712/14/hr-crm-marketing-v1.scss9d62.css]
[theme.hstatic.net/1000001117/1001120712/14/hr-crm-marketing-home-v2.scss9d62.css]
[file.hstatic.net/1000001117/file/crm-omni.jpg]
[theme.hstatic.net/1000001117/1001120712/14/hr-crm-marketing-broadcast.scss9d62.css]
[www.haravan.com/products/dat-pizza.html]
[theme.hstatic.net/1000001117/1001120712/14/hr-crm-marketing-omni-v1.scss9d62.css]
[www.haravan.com/pages/crm-marketing-omnichannel-inbox.html]
[file.hstatic.net/1000001117/file/crm-broadcast.jpg]
[www.haravan.com/pages/crm-marketing-broadcast.html]
[file.hstatic.net/1000001117/file/crm-mkt-auto.jpg]
[www.haravan.com/pages/crm-marketing-automation.html]
[theme.hstatic.net/1000001117/1001120712/14/hr-mkt-auto.scss9d62.css]
[file.hstatic.net/1000001117/file/crm-report.jpg]
[theme.hstatic.net/1000001117/1001120712/14/hr-crm-marketing-report.scss9d62.css]
[www.haravan.com/pages/crm-marketing-report.html]
[theme.hstatic.net/1000001117/1001120712/14/hr-crm-marketing-haraloyalty.scss9d62.css]
[file.hstatic.net/1000001117/file/ip_c474b77821574662b77ee3e7e7a09123.png]
[theme.hstatic.net/1000001117/1001120712/14/hr-conversion-api-v1.scss9d62.css]
[www.haravan.com/pages/giai-phap-gui-su-kien-chuyen-doi-tiktok-messaging-ads-haravan.html]
[theme.hstatic.net/1000001117/1001120712/14/omnichannel-style_v2.2.scss9d62.css]
[theme.hstatic.net/1000001117/1001120712/14/hrsocial-facebook-v1.scss9d62.css]
[theme.hstatic.net/1000001117/1001120712/14/hr-tiktok-v3.scss9d62.css]
[theme.hstatic.net/1000001117/1001120712/14/hrsocial-features_v1.1.scss9d62.css]
[file.hstatic.net/1000001117/file/hrsocial-features-main_4ec862c7c7b2403e81bdabc01af9fa32_grande.png]
[file.hstatic.net/1000001117/file/hrsocial-features-main_4ec862c7c7b2403e81bdabc01af9fa32.png]
[file.hstatic.net/1000001117/file/hrsocial-features-abouts_8f84b05df023422e947c81aac940b04e.png]
[file.hstatic.net/1000001117/file/hrsfeauters-aboutus-desktop_efc9f486fc3342e98628d9d24133cd06.png]
[file.hstatic.net/1000001117/file/hrsfeauters-aboutus-desktop_efc9f486fc3342e98628d9d24133cd06_thumb.png]
[file.hstatic.net/1000001117/file/hrsocial-features-section-1_646267025fdc40c6a8654427f605a83a.png]
[file.hstatic.net/1000001117/file/hrsocial-features-section-2_e4910dcac22d46fba6719eafeb754c21.png]
[file.hstatic.net/1000001117/file/hrsocial-features-section-5_89c03e93ca564460909bbe93698c9282.jpg]
[file.hstatic.net/1000001117/file/hrsocial-features-section-6_dc331c73626c43fe89df2787c41ec52c.jpg]
[file.hstatic.net/1000001117/file/hrsocial-features-section-7_c33ecc06ec2a4051a309597c00da8de6.png]
[file.hstatic.net/1000001117/file/hrsocial-features-section-8-1_471e7ae2b9844587a91c4bee55f8824e.png]
[file.hstatic.net/1000001117/file/hrsocial-features-section-8-2_86fafdffac204950b6708ab8d8fec266.png]
[file.hstatic.net/1000001117/file/hrsocial-features-section-8-3_2aac476bdafa49908243e0a3679a0f70.png]
[file.hstatic.net/1000001117/file/hrsocial-features-section-8-4_60abbc1851394c83abac6032212a74c3.png]
[file.hstatic.net/1000001117/file/hrsocial-features-section-9_858e18a53da041749d7ed4f7ec87d309.png]
[file.hstatic.net/1000001117/file/hrsocial-features-section-10-1_5bab4dcb775b4523857c06815d64619b.png]
[file.hstatic.net/1000001117/file/hrsocial-features-section-10-2_0cb5be2b02b94f3795274535a400c1ef.png]
[file.hstatic.net/1000001117/file/hrsocial-features-section-12_33508bc523944450aef20116d58d9f72.png]
[file.hstatic.net/1000001117/file/hrsocial-features-section-13_5851be27c9ee4cf3b05e9126a925c5f1.png]
[file.hstatic.net/1000001117/file/hrsocial-features-section-14_88421d17480c41eb99f8ea4922b936e9.png]
[file.hstatic.net/1000001117/file/hrsocial-features-section-16_263e59ba18e14ee8b71c3492ae392cf0.png]
[file.hstatic.net/1000001117/file/hrsocial-features-section-17_4a21cedef780468f9ec767bfb5f0ef28.png]
[file.hstatic.net/1000001117/file/hrsocial-features-section-17-2.png]
[file.hstatic.net/1000001117/file/hrsocial-features-section-18_1f671fe0b8d248ac96341a1c99bb72db.png]
[file.hstatic.net/1000001117/file/hrsocial-features-intro-bot_29d506c49d6746beb2bf6ee37088f64f.png]
[theme.hstatic.net/1000001117/1001120712/14/hrsfeature_post_1_image9d62.jpg]
[theme.hstatic.net/1000001117/1001120712/14/hrsfeature_post_2_image9d62.jpg]
[theme.hstatic.net/1000001117/1001120712/14/hrsfeature_post_3_image9d62.jpg]
[www.haravan.com/pages/tinh-nang-phan-mem-harasocial.html]
[file.hstatic.net/1000358402/file/sharefb-mobile-app_ed4a83c0208049b5bde6ae4dc0c33c21.jpg]
[theme.hstatic.net/1000001117/1001120712/14/hrsocial-mobileapp.scss9d62.css]
[file.hstatic.net/1000358402/file/hrsocial-app-banner2_c2c7641d7d7f404992bcc04f3f36187a.png]
[file.hstatic.net/1000358402/file/chot_don_livestream_tu_dong__hieu_qua.gif]
[www.haravan.com/pages/phan-mem-ban-hang-livestream3345.html]
[file.hstatic.net/1000358402/file/quan_ly_hoi_thoai_tu_nhieu_kenh.gif]
[www.haravan.com/pages/facebook-reels3345.html]
[file.hstatic.net/1000358402/file/tang_doanh_thu_ban_hang_tu_post__reels.gif]
[www.haravan.com/pages/mobileapp.html]
[theme.hstatic.net/1000001117/1001120712/14/hr-auto-order.scss9d62.css]
[file.hstatic.net/1000001117/file/demo_livestream_-_checkout_ver_2__1___1__3132c8e3fce44c7f9a8cf4fc4a1b5dd7.gif]
[www.haravan.com/pages/phuong-thuc-chot-don-tu-dong-livestream-facebook-cua-harasocial-live.html]
[theme.hstatic.net/1000001117/1001120712/14/hr-fb-live-shopping.scss9d62.css]
[file.hstatic.net/1000001117/file/khongbosot.gif]
[file.hstatic.net/1000001117/file/khongphuctap.gif]
[www.haravan.com/pages/facebook-live-shopping-haravan.html]
[theme.hstatic.net/1000001117/1001120712/14/hr-mkt-message-v1.scss9d62.css]
[cdn.hstatic.net/files/1000001117/file/hr-mkt-message-z1-meta.png]
[cdn.hstatic.net/files/1000001117/file/hr-mkt-message-z2-img3.png]
[cdn.hstatic.net/files/1000001117/file/hr-mkt-message-z2-img1.png]
[cdn.hstatic.net/files/1000001117/file/hr-mkt-message-z2-img2.png]
[cdn.hstatic.net/files/1000001117/file/hr-mkt-message-z2-img4.png]
[cdn.hstatic.net/files/1000001117/file/hr-mkt-message-z2-img5.png]
[cdn.hstatic.net/files/1000001117/file/hr-mkt-message-z2-img6.png]
[cdn.hstatic.net/files/1000001117/file/hr-mkt-message-z4-img2-1.png]
[cdn.hstatic.net/files/1000001117/file/hr-mkt-message-z4-img3.png]
[www.haravan.com/pages/marketing-message-tren-messenger.html]
[theme.hstatic.net/1000001117/1001120712/14/hr-shop-mess-v2.scss9d62.css]
[file.hstatic.net/1000001117/file/icons8-play-30_02b746786e45425baa0470cec885ab62.png]
[www.haravan.com/pages/mua-sam-su-dung-danh-muc-tren-messenger.html]
[file.hstatic.net/1000001117/file/1200x628_fbf1d80ccdec4af7b2174436768c2a0b.jpg]
[theme.hstatic.net/1000001117/1001120712/14/hrsocial-reels.scss9d62.css]
[file.hstatic.net/1000001117/file/ajsivn8acmq-z-0-y-65a9f69347e98d15316b52aa_e7d0133932af4540b7acdecc04f6c2e9.gif]
[file.hstatic.net/1000001117/file/ldp---reel---2_4e3dd9ca901242e9b298d15a3a8f959d.gif]
[file.hstatic.net/1000001117/file/ldp---reel---3_ae48503c9c78424b8a89e421944381d9.gif]
[file.hstatic.net/1000001117/file/main_img_518be359d1654c3cbc2b05bc0da360af.png]
[www.haravan.com/pages/facebook-reels.html]
[theme.hstatic.net/1000001117/1001120712/14/hrsocial-livestream-new-v2.1.scss9d62.css]
[www.haravan.com/pages/tinh-nang-cua-harasocial-live-phan-mem-chot-don-livestream-facebook.html]
[theme.hstatic.net/1000001117/1001120712/14/hr-hararetail-v1.scss9d62.css]
[theme.hstatic.net/1000001117/1001120712/14/hr-hararetail-fashion.scss9d62.css]
[www.haravan.com/pages/phan-mem-quan-ly-cua-hang-thoi-trang-hararetail.html]
[theme.hstatic.net/1000001117/1001120712/14/hr-hararetail-cosmetics.scss9d62.css]
[www.haravan.com/pages/phan-mem-quan-ly-cua-hang-my-pham-hararetail.html]
[theme.hstatic.net/1000001117/1001120712/14/hr-hararetail-me-be.scss9d62.css]
[www.haravan.com/pages/phan-mem-quan-ly-cua-hang-me-va-be-hararetail.html]
[theme.hstatic.net/1000001117/1001120712/14/hr-hararetail-feature.scss9d62.css]
[www.haravan.com/pages/tinh-nang-phan-mem-quan-ly-cua-hang-hararetail.html]
[www.haravan.com/pages/so-sanh-tinh-nang-phan-mem-quan-ly-cua-hang-hararetail.html]
[www.haravan.com/pages/phan-mem-quan-ly-cua-hang-thoi-trang-hararetail3b67.html]
[www.haravan.com/pages/phan-mem-quan-ly-cua-hang-my-pham-hararetail3b67.html]
[www.haravan.com/pages/phan-mem-quan-ly-cua-hang-me-va-be-hararetail3b67.html]
[theme.hstatic.net/1000001117/1001120712/14/style-channels.scss9d62.css]
[file.hstatic.net/1000001117/file/sharefb-tiktok-min_540adaffaab841aa8af9dc9a246f3b3d.png]
[theme.hstatic.net/1000001117/1001120712/14/channels-tiktok_v1.2.scss9d62.css]
[file.hstatic.net/1000001117/file/tiktok-banner-main_60720fbe2bf74c38a556f9cbcc066743.png]
[file.hstatic.net/1000001117/file/tiktokshop-voucher-1_9f19b193a4b741b7b8bd20f6344e477a.png]
[file.hstatic.net/1000001117/file/tiktok-deal-2_c30d00570e574e7987cd8406c8e55bb5.png]
[file.hstatic.net/1000001117/file/tiktokshop-voucher-3_667c3b0cf5dc490085837b6c4a5e243e.png]
[file.hstatic.net/1000001117/file/tiktok-solution-1_3ef93edbb5194ebb83265032e62e7bd9.png]
[file.hstatic.net/1000001117/file/tiktok-solution-2_0f52813b92e04333953caf01d5411c77.png]
[file.hstatic.net/1000001117/file/tiktok-solution-3_7fd2e35b369a4a6eb5f07971ace5ed01.png]
[file.hstatic.net/1000001117/file/tiktok-solution-4_d6a7025add794e3bb527e84b456c1b81.png]
[file.hstatic.net/1000001117/file/tiktok-feature-1_7afbef62c8f64caf89835cc754cd484b.jpg]
[file.hstatic.net/1000001117/file/tiktok-feature-2_7f87c7f4d5464f5784368f01079d7a88.jpg]
[file.hstatic.net/1000001117/file/tiktok-feature-3_e4710a246737411ea269cbad8b0088fe.jpg]
[file.hstatic.net/1000001117/file/tiktok-feature-4_b0b0625fe63d4748a4cfd283a29d217b.jpg]
[file.hstatic.net/1000001117/file/tiktok-banner-manage_3e7878bf50a442c7a007014659a51439.png]
[file.hstatic.net/1000001117/file/tiktok-guide-1_9d3e2e752d9b496cb67afd64f93e515f.jpg]
[file.hstatic.net/1000001117/file/tiktok-guide-2_cc5e4e7713e949c2a4fbf196f5e7c641.jpg]
[file.hstatic.net/1000001117/file/tiktok-guide-3_1159acecac4a4fc8814e6dde21a5791e.jpg]
[file.hstatic.net/1000001117/file/tiktok-guide-4_27bbb9b7d2844b27929516d187614950.jpg]
[file.hstatic.net/1000001117/file/ecomerce-enabler_079a1308581d4aba8422ee39ad345095.png]
[file.hstatic.net/1000001117/file/tiktokshop-training_094acd1e8f0b457eb9d3a1bc957d6377.png]
[www.haravan.com/pages/ban-hang-tren-tiktokshop.html]
[file.hstatic.net/1000001117/file/sharefb-hrvshopeee-min_2a901343ca484e028910dec3c4755e7c.png]
[theme.hstatic.net/1000001117/1001120712/14/channels-shopee_v1.2.scss9d62.css]
[file.hstatic.net/1000001117/file/shopee-banner-main_c96f6cc8179c48c180bacc40b676ed86.png]
[file.hstatic.net/1000001117/file/shopee-banner-feature_09bf23fe31934a61bb285f9cdb703c84.png]
[file.hstatic.net/1000001117/file/shopee-banner-feature-2_b3ab759f08434ab5b700b09486d69574.png]
[file.hstatic.net/1000001117/file/shopee-banner-feature-3_b26cffb315b84295bd118c0f0664dc40.png]
[www.haravan.com/pages/ban-hang-tren-shopee.html]
[file.hstatic.net/1000001117/file/channels-lzd-1_4ec23981f4674ee6864e3356c1593c60.png]
[file.hstatic.net/1000001117/file/icon-lazada.png]
[file.hstatic.net/1000001117/file/channels-lzd-2_0a3f0c7be7e54435afe48a773f79c6c6.jpg]
[www.haravan.com/pages/channels-lazada.html]
[file.hstatic.net/1000001117/file/channels-tiki-1_9ff8e669a900498f8eafe4a2a1ec8f54.png]
[file.hstatic.net/1000001117/file/channels-tiki-2_898650c04ac14b20a7a590c4c6b01cba.jpg]
[www.haravan.com/pages/channels-tiki.html]
[theme.hstatic.net/1000001117/1001120712/14/manage-style_v1.1.scss9d62.css]
[theme.hstatic.net/1000001117/1001120712/14/hrvship-features.scss9d62.css]
[file.hstatic.net/1000001117/file/ship-features-bg_252aefdb47b0467ab63d1725b36d0a63.png]
[file.hstatic.net/1000001117/file/ship-features-1_03_6176b4d73e8347b2a2e8ebb0127b3876.png]
[file.hstatic.net/1000001117/file/ship-features-3_03_ca559387e402439fb734a53aabff6616.jpg]
[file.hstatic.net/1000001117/file/ship-features-4_03_4a5e57393fbd45d4936b96c12f9ebbc2.jpg]
[file.hstatic.net/1000001117/file/ship-features-5_03_df52ae238d8b49c5b0998c42f2dce119.jpg]
[file.hstatic.net/1000001117/file/ship-features-6_03_57ba429943bc49d1b202553cf9546843.jpg]
[file.hstatic.net/1000001117/file/ship-features-8_7f7217f91b8740c9be205df4a8589fb8.jpg]
[www.haravan.com/pages/ship-features.html]
[file.hstatic.net/1000001117/file/sharefb-ship-pricing-min_d31b00c7d69b4a43af6d57654be9be10.jpg]
[file.hstatic.net/1000001117/file/group_33-min_3e54dca06bd64c38a0b32a921f556bf9.png]
[theme.hstatic.net/1000001117/1001120712/14/hrvship-pricing_v2.5.scss9d62.css]
[file.hstatic.net/1000001117/file/spx_orange_logo_232f4311118f4a2ba100a21b03f0bce3.png]
[file.hstatic.net/1000001117/file/bamboo-ship-logo_2d8bd91d35b942a2893d9f35802041e8.png]
[file.hstatic.net/1000001117/file/lazada_logistics__1__cf059545c67f470290642439313a5afb.png]
[file.hstatic.net/1000001117/file/viettel_post_logo_a157edd7ff53456eae50d443de1b93ac.png]
[www.haravan.com/pages/vnpost.html]
[file.hstatic.net/1000001117/file/ship-pricing-vnpost_5e6f27c919fa4ad684117974f9302e73.png]
[file.hstatic.net/1000001117/file/ahamove-tab.png]
[www.haravan.com/pages/ahamove31d8.html]
[file.hstatic.net/1000001117/file/1200x500-031023-min_8e297abed4004971aeee02956efd114f.png]
[file.hstatic.net/1000001117/file/ship-process-1_1faa9d02a0fe408188d723a6b0e029d9.png]
[file.hstatic.net/1000001117/file/ship-process-2_441852700a3c423e97e420c268e7315c.png]
[file.hstatic.net/1000001117/file/ship-process-3_062eff755bac4331a528e246c2fe1a0d.png]
[file.hstatic.net/1000001117/file/ship-process-4_3ac7c09ff448453da5ef2a7cd588b988.png]
[file.hstatic.net/1000001117/file/ship-features-1_721d70051f6c418eb83ec5f6aad4e2df.png]
[file.hstatic.net/1000001117/file/ship-features-2_d571deed65524c4986d1202028919b9f.png]
[file.hstatic.net/1000001117/file/ship-features-3_53456f4b08364374b95cf3a17fd129bf.png]
[file.hstatic.net/1000001117/file/ship-features-4_ade9579c7c034cf6b9d985fdcec9b984.png]
[file.hstatic.net/1000001117/file/ship-features-5_904fe0df2c5344088b8c7c11febad420.png]
[www.haravan.com/pages/ship-pricing.html]
[file.hstatic.net/1000001117/file/omni-mask-vector_57cfb51cec1047f99c39c57f6e6159a1.png]
[theme.hstatic.net/1000001117/1001120712/14/manage-orders-v1.2.scss9d62.css]
[file.hstatic.net/1000001117/file/mask_group__1__1bd30f5c86544b02bd2058d0b266bdc2.png]
[file.hstatic.net/1000001117/file/sharefb-shipment-ghn_f856af64499c4337b183684c8453e180.jpg]
[theme.hstatic.net/1000001117/1001120712/14/shipment-ghn_v1.2.scss9d62.css]
[file.hstatic.net/1000001117/file/hrvship-ptmts-ghn_92316b3c6a7d4d8b89ca45dac2739930.png]
[file.hstatic.net/1000001117/file/hrvship-ptmts-ghn_92316b3c6a7d4d8b89ca45dac2739930_thumb.png]
[file.hstatic.net/1000001117/file/shipment-ghn-service_639196f774cd4bbeb0bd443a975f48b2.png]
[file.hstatic.net/1000001117/file/shipment-ghn-tab-1_40846d24df674cde9361a6549201b27b.jpg]
[file.hstatic.net/1000001117/file/shipment-ghn-tab-1_40846d24df674cde9361a6549201b27b_thumb.jpg]
[file.hstatic.net/1000001117/file/shipment-ghn-bagde-1_618b08e526d34ee7a470f65ee468906b.png]
[file.hstatic.net/1000001117/file/shipment-ghn-bagde-2_8a0b962885f143ae8aaf786a73ecb74f.png]
[file.hstatic.net/1000001117/file/shipment-ghn-bagde-3_f2f959ac487f418eb10a422b076003f4.png]
[www.haravan.com/pages/ghncc78.html]
[file.hstatic.net/1000033225/file/hrvship-popup_a9c5c248682345abbe39ec3f2efe358d.jpg]
[file.hstatic.net/1000001117/file/inventory-bgtop-min_c8e132303e8d4178b9dfecb031ec3995.jpg]
[file.hstatic.net/1000001117/file/inventory-bg-intro-min_ebfe5b8d3d0a429d9ec79c6528c959e1.jpg]
[theme.hstatic.net/1000001117/1001120712/14/manage-inventory-v1.1.scss9d62.css]
[file.hstatic.net/1000001117/file/payment-banner-bgtop-min_dcfc4382be014e8a8b3b484b37d9abc9.png]
[file.hstatic.net/1000001117/file/qr-icon-2.png]
[file.hstatic.net/1000001117/file/qr-icon-1.png]
[file.hstatic.net/1000001117/file/payment-promotion-bgtop_f1e295091140466cb62bc533970948a4.jpg]
[theme.hstatic.net/1000001117/1001120712/14/payment-style_v1.4.scss9d62.css]
[file.hstatic.net/1000001117/file/sharefb-momo-min_1766663b6d144296a5ce4984b36872d2.png]
[theme.hstatic.net/1000001117/1001120712/14/payment-momo.scss9d62.css]
[file.hstatic.net/1000001117/file/momo-banner-desktop_549d6b75790c47e29b21ae9630a93281.png]
[file.hstatic.net/1000001117/file/momo-banner-screenshot_f2c470fab0b6463bb5d4e9410fa7a6a6.png]
[file.hstatic.net/1000001117/file/momo-banner-label1_57cfbb69b39c4921a18589f833441922.png]
[file.hstatic.net/1000001117/file/momo-banner-1_72b216c6da0842bf9a6f63e8a162160a.png]
[file.hstatic.net/1000001117/file/momo-pillar-2_688badf5ac594076bbabf102d16a583e.png]
[file.hstatic.net/1000001117/file/momo-banner-2_3e0d887fef9746329726209ebc97d67a.png]
[www.haravan.com/pages/vi-tra-sau-momo-tra-gop-flik.html]
[file.hstatic.net/1000001117/file/sharefb-sppay-min_c273089590bf4e9283fb1df9f05335e2.png]
[theme.hstatic.net/1000001117/1001120712/14/payment-shopeepay.scss9d62.css]
[file.hstatic.net/1000001117/file/shopeepay-logo_573662e73ecd4d148e704c3377033f32.png]
[file.hstatic.net/1000001117/file/shopeepay-fea_af993a3e7d22482684c8470d883f6eec.png]
[file.hstatic.net/1000001117/file/shopeepay-mainbanner_9afcc93874ea4010974ae801ebda1fed.png]
[file.hstatic.net/1000001117/file/shopeepay-intro_7e71792130fc48369c93b5b39e16a62a.png]
[file.hstatic.net/1000001117/file/shopeepay-deals_fdcf97051b3447c08c77106de8e45224.jpg]
[file.hstatic.net/1000001117/file/shopeepay-step-1_0566a38501a94aeca0162c2c039c569f.jpg]
[file.hstatic.net/1000001117/file/shopeepay-step-2_8dabca6821ae496abaf3a2374d5e0d1e.jpg]
[file.hstatic.net/1000001117/file/shopeepay-step-3_a6d0dc401ce3416f94c3ac9b5a013172.jpg]
[file.hstatic.net/1000001117/file/shopeepay-step-4_895b048304e34fa2ad9c69bf1e2c5015.jpg]
[file.hstatic.net/1000001117/file/shopeepay-bottom_6d6a445539c149a984faac391345e178.png]
[www.haravan.com/pages/shopeepay.html]
[file.hstatic.net/1000001117/file/sharefb-zalopay-min_d71d237afefd43af99fe44b323f080ca.png]
[theme.hstatic.net/1000001117/1001120712/14/payment-zalopay_v2.scss9d62.css]
[file.hstatic.net/1000001117/file/bank-15__1_.png]
[file.hstatic.net/1000001117/file/bank-23__1_.png]
[file.hstatic.net/1000001117/file/bank-18.png]
[file.hstatic.net/1000001117/file/bank-21__1_.png]
[file.hstatic.net/1000001117/file/bank-22__1_.png]
[file.hstatic.net/1000001117/file/bank-24.png]
[www.haravan.com/pages/zalopay.html]
[file.hstatic.net/1000001117/file/sharefb-payoo-min_bdc02958caed47b4bf853891bfe21202.jpg]
[file.hstatic.net/1000001117/file/payoo-km_a8bac68458fc414dbc4d3cd38e527c98.png]
[theme.hstatic.net/1000001117/1001120712/14/payment-payoo.scss9d62.css]
[file.hstatic.net/1000160341/file/group_65_e28ca31a302241658eda2a4980913238.png]
[file.hstatic.net/1000160341/file/logo_a4225d941fd7425582ff121749fe23b3.png]
[file.hstatic.net/1000160341/file/img_c981d2704cac4f2880b4a6a7d4ccb27b.png]
[www.haravan.com/pages/payoo.html]
[file.hstatic.net/1000001117/file/sharefb-payment-kredivo-min_baa0700f92624ea8943ca0d2bc23c4cd.png]
[theme.hstatic.net/1000001117/1001120712/14/payment-kredivo_v1.0.scss9d62.css]
[file.hstatic.net/1000001117/file/kredivo-banner_35bd107be67b4dc991f70c73a13439b1.png]
[file.hstatic.net/1000001117/file/group-54_c576b8890c4a4c0d8ff8462c2a7711b1.png]
[file.hstatic.net/1000001117/file/kredivo-bg-intro_e1d3eba62ae0429b87eecd257b66b9f2.jpg]
[file.hstatic.net/1000001117/file/reepay-rules_e15a71b13b14469e9f55847ae3187ef5.png]
[file.hstatic.net/1000001117/file/kredivo-bottom_c98df1e0f5fc488f9fe6f44b6a479592.png]
[www.haravan.com/pages/kredivo.html]
[file.hstatic.net/1000001117/file/sharefb-payment-fundiin-min_ec088ff36b7c4e3098aa7fd37d6819da.png]
[theme.hstatic.net/1000001117/1001120712/14/payment-fundiin.scss9d62.css]
[file.hstatic.net/1000001117/file/payment-fundiin-endow_eefef360bb4748b590f5d39f86c6e205.png]
[file.hstatic.net/1000001117/file/payment-fundiin-vector-bottom_c2d10b80ffd44c38b1eb58bebb0b04c6.png]
[file.hstatic.net/1000001117/file/payment-fundiin-banner_85adcbabc29f4229a428bf9aace1835a.png]
[file.hstatic.net/1000001117/file/payment-fundiin-deal_0633e54317c440f19cf7ef6d87305d1e.jpg]
[www.haravan.com/pages/fundiin.html]
[file.hstatic.net/1000001117/file/sharefb-payment-aftee-min_0c574871e1734c81afe4eb68655a8c4e.jpg]
[theme.hstatic.net/1000001117/1001120712/14/payment-aftee.scss9d62.css]
[file.hstatic.net/1000001117/file/payment-aftee-main_9356cd11a9a340cc91fc46945d796803.png]
[file.hstatic.net/1000001117/file/payment-aftee-main_9356cd11a9a340cc91fc46945d796803_thumb.png]
[file.hstatic.net/1000001117/file/payment-aftee-intro_48139d462db9469a8d6c1ca6617fad29.png]
[file.hstatic.net/1000001117/file/payment-aftee-prmt_d39dabe7aba24cf5839fb7d9db03b08e.jpg]
[file.hstatic.net/1000001117/file/payment-aftee-rules_66f26bf2085f4b3cae9f41e1aba4968d_grande.png]
[file.hstatic.net/1000001117/file/payment-aftee-rules_66f26bf2085f4b3cae9f41e1aba4968d.png]
[file.hstatic.net/1000001117/file/payment-aftee-rules_66f26bf2085f4b3cae9f41e1aba4968d_thumb.png]
[file.hstatic.net/1000001117/file/payment-aftee-mockup_d90d79ae433a491293e27abc86f9c2d4.png]
[file.hstatic.net/1000001117/file/payment-aftee-mockup_d90d79ae433a491293e27abc86f9c2d4_thumb.png]
[www.haravan.com/pages/tich-hop-phuong-thuc-mua-truoc-tra-sau-aftee.html]
[file.hstatic.net/1000001117/file/lotte-cnf.jpg]
[theme.hstatic.net/1000001117/1001120712/14/lotte-cnf.scss9d62.css]
[file.hstatic.net/1000001117/file/homebanner-2.png]
[www.haravan.com/pages/tich-hop-phuong-thuc-mua-truoc-tra-sau-lotte-cnf.html]
[file.hstatic.net/1000001117/file/viet-qr-mbbank.png]
[theme.hstatic.net/1000001117/1001120712/14/hr-viet-qr-mbbank.scss9d62.css]
[file.hstatic.net/1000001117/file/qr-right.png]
[www.haravan.com/pages/viet-qr-mbbank.html]
[www.haravan.com/pages/viet-qr-mbbank142c.html]
[www.haravan.com/pages/tich-hop-phuong-thuc-mua-truoc-tra-sau-lotte-cnf1f8b.html]
[www.haravan.com/pages/payoobc6a.html]
[theme.hstatic.net/1000001117/1001120712/14/payment-guides.scss9d62.css]
[file.hstatic.net/1000001117/file/ship-guides-video1_6129d7366d6647328f82d3e5c6ec9423.jpg]
[file.hstatic.net/1000001117/file/logo-momo_0da4017a48634666aaff1305d9872c19.png]
[file.hstatic.net/1000001117/file/logo-shopeepay_b8a59ddaf1df415fbc76501436df9ec0.png]
[file.hstatic.net/1000001117/file/logo-grabmoca_444677136c5d4e64836b77a36f4c4c93.png]
[file.hstatic.net/1000001117/file/logo-reepay_c4071729a7a94e48a4b6727abe59cfc8.png]
[file.hstatic.net/1000001117/file/logo-zalopay_f0c638662bae4c1ea6f19eb4ab6a88a1.png]
[file.hstatic.net/1000001117/file/logo-vnpay_6add69a872374bc788b83ca06f2892a4.png]
[file.hstatic.net/1000001117/file/logo-atom_d365ab1ad05741fdb67fa784576a4b61.png]
[file.hstatic.net/1000001117/file/logo-smartpay_11748b2c4277494e857c5a4338c11f6e.png]
[file.hstatic.net/1000001117/file/logo-fundiin_471c867d0dcc4f00a0a25321888df280.png]
[file.hstatic.net/1000001117/file/logo-nganluong_9cc45f3d9756496ea47715bb8fa548ec.png]
[file.hstatic.net/1000001117/file/logo-vtcpay_d4f0d7d21f5b4eee9f1b5e34da21e085.png]
[file.hstatic.net/1000001117/file/logo-alepay_c78ce63289f146a994773e33bf3da2ad.png]
[file.hstatic.net/1000001117/file/logo-123pay_cbdc41221a504489946f75045c3da500.png]
[file.hstatic.net/1000001117/file/logo-payoo_93d6e80263aa45699cc2ce37dcd656cb.png]
[file.hstatic.net/1000001117/file/logo-onepay_b5f7c3b2dfcf40138eb27e69885d9354.png]
[file.hstatic.net/1000001117/file/logo-vietinpay_02073d391cb2443590e4f283061e2f5f.png]
[file.hstatic.net/1000001117/file/logo-vpbank_ed19b3b6023d44b299e618df0d00a19b.png]
[file.hstatic.net/1000001117/file/logo-paypal.png_31931f3d5f1f47068819e4f81c348ecd.png]
[www.haravan.com/pages/payment-guides.html]
[www.haravan.com/pages/ship.html]
[theme.hstatic.net/1000001117/1001120712/14/hrvship-general.scss9d62.css]
[theme.hstatic.net/1000001117/1001120712/14/hrvship-style_v1.3.scss9d62.css]
[www.haravan.com/pages/ghn.html]
[file.hstatic.net/1000001117/file/sharefb-jtexpress-min_0443f59a22fc4011a203304cd277197b.png]
[theme.hstatic.net/1000001117/1001120712/14/shipment-jtexpress_v1.1.scss9d62.css]
[file.hstatic.net/1000001117/file/jtexpress-tagline_cf81e6bb31e549ea9941b2cbe8baf612.png]
[file.hstatic.net/1000001117/file/jtexpress-main_6e6d0e6872d14648a6f51407d5b21dc7.png]
[file.hstatic.net/1000001117/file/jtexpress-prmt-1_e40f53c8107c403d9ed7923c1b3c93ec.jpg]
[file.hstatic.net/1000001117/file/jtexpress-deals_d1446cca96eb4ba0a6176923e5dbe44e.jpg]
[www.haravan.com/pages/jtexpress.html]
[file.hstatic.net/1000001117/file/sharefb-supership-min_aa49f3fef58a45eea1ac132fc1f57fe2.png]
[theme.hstatic.net/1000001117/1001120712/14/shipment-supership-v1.1.scss9d62.css]
[file.hstatic.net/1000001117/file/ticket_2x_1-min_43ee149589b3442699e6dc3510597c5a.png]
[file.hstatic.net/1000001117/file/money2_1-min_4a4a20daa4804651b497783daba72df6.png]
[file.hstatic.net/1000001117/file/money1_1-min_375c1afb8ed043eb95fa9eabef152d00.png]
[file.hstatic.net/1000001117/file/supership-banner_9f469f670e454f97aaa6c9b4c06479db.png]
[file.hstatic.net/1000001117/file/supership-introduce_e0f45593d2e547ec8a3884a152448ce9.png]
[file.hstatic.net/1000001117/file/supership-mainsteps_6b11771f22a44ee5909727301007848f.png]
[file.hstatic.net/1000001117/file/supership-bagde-1_b1b34f4302294cbcb4ffbae65859d31c.png]
[file.hstatic.net/1000001117/file/supership-bagde-2_8293aa7bed5a4c2cb96d3dcf892b4c4a.png]
[file.hstatic.net/1000001117/file/supership-bagde-3_50a68836c6d94d5381407037863e1fa9.png]
[file.hstatic.net/1000001117/file/supershop-map_28018dca2d9643ada4f61214261b125f.png]
[www.haravan.com/pages/supership.html]
[file.hstatic.net/1000001117/file/sharefb-ninjavan-min_fd7f4ac472954f5caa91abe8290624a2.png]
[theme.hstatic.net/1000001117/1001120712/14/shipment-ninjavan.scss9d62.css]
[file.hstatic.net/1000001117/file/ninjavan-gift_05024c457a284f509a854d6775d700e1.png]
[file.hstatic.net/1000001117/file/ninjavan-light_a1f4d95849e942578e6a9147f04a5cba.png]
[file.hstatic.net/1000001117/file/ninjavan-banner-top_267f0107e4244813b166a55c5d0ec23e_grande.png]
[file.hstatic.net/1000001117/file/ninjavan-banner-top_267f0107e4244813b166a55c5d0ec23e.png]
[file.hstatic.net/1000001117/file/ninjavan-banner-top_267f0107e4244813b166a55c5d0ec23e_small.png]
[file.hstatic.net/1000001117/file/ninjavan-delivery-left_5f11e0fc97d54b849b5ca66172db1e38.png]
[file.hstatic.net/1000001117/file/ninjavan-delivery-right_76f639c3e2c4402587df5a533f926f8e.png]
[file.hstatic.net/1000001117/file/ninjavan-deals-01_407089e483c94c1ca30458f51200502e.jpg]
[file.hstatic.net/1000001117/file/ninjavan-deals-02_96636ee8a6a9470f91bc2ab6a0d8282d.jpg]
[www.haravan.com/pages/ninjavan.html]
[theme.hstatic.net/1000001117/1001120712/14/hr-spx-express-v1.scss9d62.css]
[file.hstatic.net/1000001117/file/banner-spx.png]
[www.haravan.com/pages/SPX.html]
[file.hstatic.net/1000001117/file/sharefb-tikinow-min_3ad15a3977764ec2ad0b82dacba6d936.jpg]
[theme.hstatic.net/1000001117/1001120712/14/shipment-tikinow.scss9d62.css]
[file.hstatic.net/1000001117/file/tikinow-light_518217d7a38c47fda3332afd1229d067.png]
[file.hstatic.net/1000001117/file/tikinow-main_9e825358912b45f7a96582dc40b1214e.png]
[file.hstatic.net/1000001117/file/tikinow-ticket-1_fc4ca3b94c9d46f792578fcd39c75310.png]
[file.hstatic.net/1000001117/file/tikinow-ticket-2_113f14f0f36340c5b6bf7f7340322ea0.png]
[file.hstatic.net/1000001117/file/tikinow-ticket-3_6991f3c482f74590ad63106b452ce805.png]
[file.hstatic.net/1000001117/file/tikinow-icon-1_12cfc791ca944640923e8e3a705125c7.png]
[file.hstatic.net/1000001117/file/tikinow-19k_91174d93a49b4fda92b4922217326af0.png]
[file.hstatic.net/1000001117/file/tikinow-icon-3_dfccb479cf0646d9849acc731a240c52.png]
[www.haravan.com/pages/tikinow.html]
[file.hstatic.net/1000001117/file/sharefb-lexvn_e211ed19b93048518aebc0aa61a23d1a.jpg]
[theme.hstatic.net/1000001117/1001120712/14/shipment-lexvn.scss9d62.css]
[file.hstatic.net/1000001117/file/shipment-logistics-main_1dd6753501c34fda87ae71d27ce716d0.png]
[file.hstatic.net/1000001117/file/shipment-logistics-main_1dd6753501c34fda87ae71d27ce716d0_pico.png]
[file.hstatic.net/1000001117/file/lazada1_a1e5dbb252a64a738394084e0c9fd2f8.png]
[file.hstatic.net/1000001117/file/shipment-logistics-deals_383cc43da1224341828b257aa6e48381.jpg]
[file.hstatic.net/1000001117/file/shipment-logistics-step-1_19edb5c782fd4c8f891d0fd91b34e0b1.jpg]
[file.hstatic.net/1000001117/file/shipment-logistics-step-1_19edb5c782fd4c8f891d0fd91b34e0b1_thumb.jpg]
[file.hstatic.net/1000001117/file/shipment-logistics-step-3_7589a90b23a241cabb15272192312d11.jpg]
[file.hstatic.net/1000001117/file/shipment-logistics-step-3_7589a90b23a241cabb15272192312d11_thumb.jpg]
[file.hstatic.net/1000001117/file/shipment-logistics-step-4_f5d5edefbc304b6f89c98988e70c66bb.jpg]
[file.hstatic.net/1000001117/file/shipment-logistics-step-4_f5d5edefbc304b6f89c98988e70c66bb_thumb.jpg]
[file.hstatic.net/1000001117/file/shipment-logistics-benefit-1_aa641bfce7e4497cae2952eeaa97b005.png]
[www.haravan.com/pages/lazada-logistics.html]
[file.hstatic.net/1000001117/file/sharefb-ahamove-min_a751032b7ee74285a02a5035e7eff565.jpg]
[theme.hstatic.net/1000001117/1001120712/14/shipment-ahamove.scss9d62.css]
[file.hstatic.net/1000001117/file/ahamove-tagline_31a7d39b7b964ee290b1135ab1ce540b.png]
[file.hstatic.net/1000001117/file/ahamove-main-mobile_12abd17378c14492af90dcc11360b469.png]
[file.hstatic.net/1000001117/file/ahamove-main_7af69be738214029a8d991d437a2f9cd.png]
[file.hstatic.net/1000001117/file/ahamove-min_e28f180c461e4fc98c894a6f734bb87f.png]
[file.hstatic.net/1000001117/file/ahamove-step-1_0aebd30584f64cfe9153497fc339ed0f.jpg]
[file.hstatic.net/1000001117/file/ahamove-step-2_18150bac73a144958401346ca8799d66.jpg]
[file.hstatic.net/1000001117/file/ahamove-step-3_1eac78c5f6e34066943c074bf12e0028.jpg]
[file.hstatic.net/1000001117/file/ahamove-step-4_9e0ae87d203246b0bba317df679e1772.jpg]
[file.hstatic.net/1000001117/file/ahamove-step-5_40a3e0141b4c4c008df43ede5f4fc469.jpg]
[www.haravan.com/pages/ahamove.html]
[file.hstatic.net/1000001117/file/sharefb-grabexpress-min_fcc72ae68d504783a6ddfa8368a98984.png]
[theme.hstatic.net/1000001117/1001120712/14/shipment-grabexpress_v1.3.scss9d62.css]
[file.hstatic.net/1000001117/file/shipment-grabexpres-main_681cc9317f654888b8fdb63fab3b7ea0.png]
[file.hstatic.net/1000001117/file/grabexp-main_c46167698fa74a35a1fdaec65f439c5d.png]
[file.hstatic.net/1000001117/file/grabexp-promotions1.png]
[file.hstatic.net/1000001117/file/grabexp-banner_a06e8e7c31a64bf6a757cac508bccfb5.png]
[file.hstatic.net/1000001117/file/grabexpress-tab-3_f15102cadb9d4dd580cfa2b987fadb8e.jpg]
[file.hstatic.net/1000001117/file/grabexpress-tab-4_d9da32fe577f408da9febd358f08660a.jpg]
[file.hstatic.net/1000001117/file/grabexp-step5_588cdf7e9f7848f0b0d3888b02432601.png]
[www.haravan.com/pages/grabexpress.html]
[file.hstatic.net/1000001117/file/debt-vectortop-min_277002bb27b0464e962b74aa3f0a11bf.png]
[theme.hstatic.net/1000001117/1001120712/14/manage-debt.scss9d62.css]
[file.hstatic.net/1000001117/file/sharefb-dongho-min_e67428fee9f94050b4ee8bd99075cc29.png]
[file.hstatic.net/1000001117/file/haraweb-watch-banner_7323d8122886430685ccd8c66a16f5d8.png]
[file.hstatic.net/1000001117/file/haraweb-watch-1_85d7f18bdfd84bbb8b80b7ed2174093f.png]
[file.hstatic.net/1000001117/file/haraweb-watch-2_0bcd6ee7d1ae45c794ab3fb267daadb9.png]
[file.hstatic.net/1000001117/file/haraweb-watch-3_358de686c1614906b28043a4fc42c892.png]
[file.hstatic.net/1000001117/file/haraweb-watch-4_e8b950e542394f739217b9e79077b7cf.png]
[file.hstatic.net/1000001117/file/haraweb-watch-5_834d7f92fb2a405e96608a3802376a9f.png]
[file.hstatic.net/1000001117/file/haraweb-watch-demo1_809836150d9042fbb1bcc3e5335e150f.jpg]
[file.hstatic.net/1000001117/file/haraweb-watch-demo2_88705ed3368e4321a9624a34691a89e4.jpg]
[file.hstatic.net/1000001117/file/haraweb-watch-demo3_5fc823c096614e869cdc68a644c59d46.jpg]
[file.hstatic.net/1000001117/file/haraweb-watch-demo4_146df47863ca4ae38281e256f3983af5.jpg]
[file.hstatic.net/1000001117/file/custommer-vnmilk2x_10ad1d567e5746b8b4a180017b3e914e_grande.jpg]
[file.hstatic.net/1000001117/file/custommer-vnmilk2x_10ad1d567e5746b8b4a180017b3e914e.jpg]
[file.hstatic.net/1000001117/file/slide-1-logo-exp.png]
[file.hstatic.net/1000001117/file/custommer-juno2x_297e1af92c9147f9a7ab2d69d705c791_grande.jpg]
[file.hstatic.net/1000001117/file/custommer-juno2x_297e1af92c9147f9a7ab2d69d705c791.jpg]
[file.hstatic.net/1000001117/file/custommer-tch2x_c208f966fdb04294bcd6d4062d6b0905_grande.jpg]
[file.hstatic.net/1000001117/file/custommer-tch2x_c208f966fdb04294bcd6d4062d6b0905.jpg]
[www.haravan.com/pages/thiet-ke-website-dong-ho.html]
[file.hstatic.net/1000001117/file/sharefb-sach-min_2a8ec5576d614fa4a0c7efa7b28021ce.png]
[file.hstatic.net/1000001117/file/harawev-books-banner_6774c893a85448e4b327a243c1c62e77.png]
[file.hstatic.net/1000001117/file/haraweb-books-1_6b208275dc394ff58281e37f466bc292.png]
[file.hstatic.net/1000001117/file/haraweb-books-2_ddc44c6af3f84de295a60823653f8be8.png]
[file.hstatic.net/1000001117/file/haraweb-books-3_45ec5dc5ddf247d6a66ce71cc9009f7c.png]
[file.hstatic.net/1000001117/file/haraweb-books-4_9229f7a8da8b4b67bc2f0f0f8ae41088.png]
[file.hstatic.net/1000001117/file/haraweb-books-5_14cf415254ad4211b280a1f6b1ba42c0.png]
[file.hstatic.net/1000001117/file/haraweb-books-demo1_a650f4f71dea4cd08ee2a07610080fac.jpg]
[file.hstatic.net/1000001117/file/haraweb-books-demo2_231b42b2cf704a3383e143b673f16375.jpg]
[file.hstatic.net/1000001117/file/haraweb-books-demo3_d88c6ac80673404faa213a873cd64c1e.jpg]
[file.hstatic.net/1000001117/file/haraweb-books-demo4_61eab2cae9f14ef38cadc3deec1be237.jpg]
[www.haravan.com/pages/thiet-ke-website-sach.html]
[theme.hstatic.net/1000001117/1001120712/14/hr-crm-marketing-social-v1.scss9d62.css]
[file.hstatic.net/1000001117/file/font-awesome.min.css]
[theme.hstatic.net/1000001117/1001120712/14/fontawesome-webfont98fb.woff2]
[theme.hstatic.net/1000001117/1001120712/14/hr-invoice.scss9d62.css]
[file.hstatic.net/1000001117/file/enterprise-top-mask_5f6ffa25534a4f93b2e6f19121226d55.jpg]
[theme.hstatic.net/1000001117/1001120712/14/global-enterprise-v1.4.scss9d62.css]
[theme.hstatic.net/1000001117/1001120712/14/bang-gia-priority.scss9d62.css]
[file.hstatic.net/1000001117/file/enterprise-top-vector_58ade91f536a4095855199b5d8a1e605.png]
[theme.hstatic.net/1000001117/1001120712/14/hr-headless-commerce.scss9d62.css]
[file.hstatic.net/1000001117/file/pricing-top-min_4d25f84f706d49dfa6f43c0903a20733.png]
[file.hstatic.net/1000033225/file/blackfriday-bkgpricing_73f4603a644b4facb8f174bd9477508d.png]
[file.hstatic.net/1000001117/file/rectangle-min_c4fc9bc671c8413dafb6420bc63c69d7.png]
[file.hstatic.net/1000001117/file/rectangle_542b7888a9394759b621fe4a0b57eb51.png]
[file.hstatic.net/1000033225/file/bkg-deal-2_a367d4c19e64461f8df31ff2d9f240fd.jpg]
[file.hstatic.net/1000033225/file/hrv9nam-bgdeal-5_7f4569e08caa45b593d0a5271b82e67d.jpg]
[theme.hstatic.net/1000001117/1001120712/14/global-pricing-v3.8.scss9d62.css]
[www.haravan.com/pages/enterprise0053.html]
[theme.hstatic.net/1000001117/1001120712/14/Inter-Regularfb9e.woff2]
[theme.hstatic.net/1000001117/1001120712/14/Inter-Regularfb9e.ttf]
[theme.hstatic.net/1000001117/1001120712/14/Inter-Mediumfb9e.woff2]
[theme.hstatic.net/1000001117/1001120712/14/Inter-Regularfb9e.woff]
[theme.hstatic.net/1000001117/1001120712/14/Inter-Mediumfb9e.ttf]
[theme.hstatic.net/1000001117/1001120712/14/Inter-SemiBoldfb9e.woff2]
[theme.hstatic.net/1000001117/1001120712/14/Inter-Mediumfb9e.woff]
[theme.hstatic.net/1000001117/1001120712/14/Inter-SemiBold-v4.1fb9e.ttf]
[theme.hstatic.net/1000001117/1001120712/14/hr-customer.scss9d62.css]
[file.hstatic.net/1000001117/file/cus-icon-right.png]
[file.hstatic.net/1000001117/file/cus-z4-icon-f-b.png]
[file.hstatic.net/1000001117/file/cus-z4-icon-doanh-nghiep.png]
[theme.hstatic.net/1000001117/1001120712/14/Inter-SemiBoldfb9e.woff]
[file.hstatic.net/1000001117/file/cus-z4-icon-me-va-be.png]
[theme.hstatic.net/1000001117/1001120712/14/hr-customer-home.scss9d62.css]
[www.haravan.com/blogs/cau-chuyen-thanh-cong-case-study-khach-hang/cau-chuyen-thanh-cong-shegan-haravan.html]
[www.haravan.com/blogs/cau-chuyen-thanh-cong-case-study-khach-hang/the-myst-dong-khoi-khach-san-nghe-thuat-giua-long-sai-gon-haravan.html]
[www.haravan.com/blogs/cau-chuyen-thanh-cong-case-study-khach-hang/cau-chuyen-thanh-cong-juno-haravan.html]
[file.hstatic.net/1000001117/article/visual_d43dcf68f1a4425cb166658834a0d6d7.png]
[theme.hstatic.net/1000001117/1001120712/14/hr-customer-article.scss9d62.css]
[file.hstatic.net/1000001117/file/marc_391790537d744c968c6946afe66d61a8_medium.png]
[file.hstatic.net/1000001117/article/visual_d43dcf68f1a4425cb166658834a0d6d7_1024x1024.png]
[file.hstatic.net/1000001117/file/media__1__e32f7cfc2f5a42cd85cd0d8664bf5493.png]
[file.hstatic.net/1000001117/file/media__1__9e904276b3cb49d4b08a3ab9cede79f4.jpg]
[file.hstatic.net/1000001117/file/media__2__a4741a52b13e4e2aa70c2fefe184baf0.jpg]
[file.hstatic.net/1000001117/file/media__3__4a75832f2ea446c2a1399a43848e1fd0.jpg]
[file.hstatic.net/1000001117/file/media__4__60b30ba7abf1478a8f940a84db41bcad.jpg]
[file.hstatic.net/1000001117/file/media__5__1c3e0e6173d24281a6e6f5798ecae4bd.jpg]
[file.hstatic.net/1000001117/file/img_fc9dfb9b3728476ab4ed39738c625b46.jpg]
[file.hstatic.net/1000001117/file/cus-banner-sidebar1.png]
[cdn.bitrix24.vn/b28710635/crm/form/loader_82.js]
[file.hstatic.net/1000001117/file/cus-icon-thank.png]
[www.haravan.com/blogs/cau-chuyen-thanh-cong-case-study-khach-hang/marc-fashion-x3-ty-le-quay-lai-mua-hang-voi-thong-bao-dinh-ky-tren-fa.html]
[www.haravan.com/blogs/cau-chuyen-thanh-cong-case-study-khach-hang/cau-chuyen-thanh-cong-sollina-haravan.html]
[www.haravan.com/blogs/cau-chuyen-thanh-cong-case-study-khach-hang/cau-chuyen-thanh-cong-vymy-store-haravan.html]
[www.haravan.com/blogs/cau-chuyen-thanh-cong-case-study-khach-hang/cau-chuyen-thanh-cong-biluxury-haravan.html]
[www.haravan.com/blogs/cau-chuyen-thanh-cong-case-study-khach-hang/cau-chuyen-thanh-cong-mia-vn-haravan.html]
[www.haravan.com/blogs/cau-chuyen-thanh-cong-case-study-khach-hang/cau-chuyen-thanh-cong-thien-long-haravan.html]
[theme.hstatic.net/1000001117/1001120712/14/hr-customer-blog.scss9d62.css]
[www.haravan.com/blogs/filter=.5a1.delayed]
[www.haravan.com/blogs/cau-chuyen-thanh-cong-case-study-khach-hang.html]
[theme.hstatic.net/1000001117/1001120712/14/style-contact-v1.5.scss9d62.css]
[hstatic.net/0/0/global/design/haravan/h_index/css/grabbing.png]
[hstatic.net/0/0/global/design/haravan/h_index/css/owl.carousel-min.css]
[www.haravan.com/enterprise-c-commerce.html]
[theme.hstatic.net/1000001117/1001120712/14/Roboto-Medium3a3f.woff2]
[theme.hstatic.net/1000001117/1001120712/14/Roboto-Medium3a3f.ttf]
[theme.hstatic.net/1000001117/1001120712/14/RobotoMono-Regular3a3f.woff2]
[theme.hstatic.net/1000001117/1001120712/14/RobotoMono-Regular3a3f.ttf]
[theme.hstatic.net/1000001117/1001120712/14/RobotoMono-Regular3a3f.woff]
[theme.hstatic.net/1000001117/1001120712/14/Inter-Regular3a3f.woff2]
[theme.hstatic.net/1000001117/1001120712/14/Roboto-Medium3a3f.woff]
[theme.hstatic.net/1000001117/1001120712/14/Inter-Regular3a3f.ttf]
[theme.hstatic.net/1000001117/1001120712/14/Inter-Medium3a3f.woff2]
[theme.hstatic.net/1000001117/1001120712/14/Inter-Regular3a3f.woff]
[theme.hstatic.net/1000001117/1001120712/14/Inter-Medium3a3f.ttf]
[theme.hstatic.net/1000001117/1001120712/14/Inter-SemiBold3a3f.woff2]
[theme.hstatic.net/1000001117/1001120712/14/Inter-Medium3a3f.woff]
[theme.hstatic.net/1000001117/1001120712/14/Inter-SemiBold-v4.13a3f.ttf]
[theme.hstatic.net/1000001117/1001120712/14/style-header-onboarding.scss9d62.css]
[theme.hstatic.net/1000001117/1001120712/14/onboarding_v8.scss9d62.css]
[www.haravan.com/blogs/huong-dan-van-hanh-checklist/huong-dan-van-hanh-he-thong-danh-cho-goi-standard-2025.html]
[www.haravan.com/blogs/huong-dan-van-hanh-checklist/huong-dan-van-hanh-he-thong-danh-cho-goi-omni-pro-2025.html]
[www.haravan.com/blogs/huong-dan-van-hanh-checklist/huong-dan-van-hanh-he-thong-haravan-danh-cho-goi-advanced-2025.html]
[www.haravan.com/blogs/huong-dan-van-hanh-checklist/huong-dan-van-hanh-he-thong-haravan-danh-cho-goi-grow-2025.html]
[www.haravan.com/blogs/huong-dan-van-hanh-checklist/huong-dan-van-hanh-he-thong-haravan-danh-cho-goi-scale-2025.html]
[www.haravan.com/blogs/huong-dan-van-hanh-checklist/huong-dan-van-hanh-he-thong-haravan-danh-cho-goi-business-2025.html]
[theme.hstatic.net/1000001117/1001120712/14/hr-onboarding-blog.scss9d62.css]
[theme.hstatic.net/1000001117/1001120712/14/Inter-SemiBold3a3f.woff]
[www.haravan.com/blogs/window.location.5b3.delayed]
[www.haravan.com/blogs/onboarding.html]
[www.haravan.com/blogs/onboarding/dang-tai-san-pham-len-website.html]
[theme.hstatic.net/1000001117/1001120712/14/article-video_v1.scss9d62.css]
[www.haravan.com/blogs/onboarding/thiet-lap-giao-dien-website-haravan.html]
[www.haravan.com/blogs/onboarding/dang-noi-dung-chuan-seo-len-website-haravan.html]
[www.haravan.com/blogs/onboarding/tro-ten-mien-cho-website-haravan.html]
[www.haravan.com/blogs/onboarding/thiet-lap-website-doanh-nghiep-haravan.html]
[www.haravan.com/blogs/onboarding/thiet-lap-hoi-thoai-ban-hang-da-kenh-haravan.html]
[www.haravan.com/blogs/onboarding/huong-dan-cau-hinh-thue-va-phat-hanh-hoa-don-dien-tu-vat.html]
[www.haravan.com/blogs/onboarding/thiet-lap-va-xu-ly-don-livestream-chot-don-tu-dong.html]
[www.haravan.com/blogs/onboarding41a1.html]
[www.haravan.com/blogs/onboarding/chuan-bi-thong-tin-ban-hang-tren-website.html]
[www.haravan.com/blogs/onboarding/thiet-lap-cau-hinh-cho-kenh-website-haravan.html]
[www.haravan.com/blogs/onboarding/dang-ky-website-voi-bo-cong-thuong-haravan.html]
[www.haravan.com/blogs/onboarding/chuan-bi-thong-tin-ban-hang-tren-livestream-haravan.html]
[www.haravan.com/blogs/onboarding/chuan-bi-thong-tin-ban-hang-tren-mang-xa-hoi-cung-harasocial.html]
[www.haravan.com/blogs/onboarding/dang-san-pham-len-cua-hang-mang-xa-hoi-va-livestream-facebook.html]
[www.haravan.com/blogs/onboarding/thiet-lap-cua-hang-harasocial-va-cau-hinh-he-thong.html]
[www.haravan.com/blogs/onboarding/thiet-lap-tro-ly-chat-trong-harasocial.html]
[www.haravan.com/blogs/onboarding/thiet-lap-tin-nhan-marketing-trong-harasocial.html]
[www.haravan.com/blogs/onboarding/chuan-bi-thong-tin-san-pham-khi-ban-hang-offline-haravan.html]
[www.haravan.com/blogs/onboarding/dang-tai-thong-tin-san-pham-len-haravan-khi-ban-hang-offline.html]
[www.haravan.com/blogs/onboarding/thiet-lap-cau-hinh-kenh-ban-offline-tai-trang-quan-tri-myharavan.html]
[www.haravan.com/blogs/onboarding/thiet-lap-cua-hang-offline-tren-nen-tang-haravan.html]
[www.haravan.com/blogs/onboarding/chuan-bi-thong-tin-ban-hang-tren-san-thuong-mai-dien-tu-haravan.html]
[www.haravan.com/blogs/onboarding/ket-noi-san-thuong-mai-dien-tu-voi-haravan.html]
[www.haravan.com/blogs/onboarding/thiet-lap-cau-hinh-dong-bo-thong-tin-giua-haravan-voi-san.html]
[www.haravan.com/blogs/onboarding/dang-tai-va-lien-ket-san-pham-giua-haravan-voi-san-thuong-mai-dien-tu.html]
[www.haravan.com/blogs/onboarding/ket-noi-da-gian-hang-thuong-mai-dien-tu-voi-haravan.html]
[www.haravan.com/blogs/onboarding0cc1.html]
[www.haravan.com/blogs/onboarding/thiet-lap-va-chot-don-chien-dich-tin-ban-hang-tai-harasocial.html]
[www.haravan.com/blogs/onboarding/thiet-lap-va-chot-don-tu-danh-muc-san-pham-tren-messenger.html]
[www.haravan.com/blogs/onboarding/phan-chia-hoi-thoai-tu-dong-cho-nhan-vien-tai-harasocial.html]
[www.haravan.com/blogs/onboarding/xem-bao-cao-tren-harasocial.html]
[www.haravan.com/blogs/onboarding/quan-ly-cong-viec-nhan-vien-voi-harasocial.html]
[www.haravan.com/blogs/onboarding/thiet-lap-va-xu-ly-don-livestream-chot-don-sau-live.html]
[www.haravan.com/blogs/onboarding/thiet-lap-va-xu-ly-don-livestream-chot-don-thu-cong.html]
[www.haravan.com/blogs/onboarding/tong-quan-ve-ban-hang-livestream-facebook-haravan.html]
[www.haravan.com/blogs/onboarding/xem-bao-cao-ban-hang-tai-cua-hang-haravan.html]
[www.haravan.com/blogs/onboarding/xu-ly-don-online-va-don-giao-sau-tai-cua-hang-offline-cung-haravan.html]
[www.haravan.com/blogs/onboarding/huong-dan-nghiep-vu-ban-hang-tai-cua-hang-offline-cung-haravan.html]
[www.haravan.com/blogs/onboarding/xu-ly-don-hang-tren-san-thuong-mai-dien-tu-cung-haravan.html]
[www.haravan.com/blogs/onboardingf805.html]
[www.haravan.com/blogs/onboarding/quan-ly-san-pham-tai-trang-quan-tri-myharavan.html]
[www.haravan.com/blogs/onboarding/quan-ly-khach-hang-tai-trang-quan-tri-myharavan.html]
[www.haravan.com/blogs/onboarding/quan-ly-cong-no-tai-trang-quan-tri-myharavan.html]
[www.haravan.com/blogs/onboarding/quan-ly-thu-chi-tai-trang-quan-tri-myharavan.html]
[www.haravan.com/blogs/onboarding/quan-ly-khuyen-mai-tai-trang-quan-tri-myharavan.html]
[www.haravan.com/blogs/onboarding/quan-ly-ton-kho-cho-nha-ban-nhieu-kho-tai-trang-quan-tri-myharavan.html]
[www.haravan.com/blogs/onboarding/quan-ly-ton-kho-cho-nha-ban-mot-kho-tai-trang-quan-tri-myharavan.html]
[www.haravan.com/blogs/onboarding/thiet-lap-tinh-nang-gui-tin-nhan-tu-dong-haravan-marketing-automation.html]
[www.haravan.com/blogs/onboarding/thiet-lap-va-do-luong-hieu-qua-chien-dich-broadcast.html]
[www.haravan.com/blogs/onboarding/chuan-bi-thong-tin-truoc-khi-su-dung-haravan-loyalty-marketing.html]
[www.haravan.com/blogs/onboarding/thiet-lap-chuong-trinh-khach-hang-than-thiet-cung-haravan.html]
[www.haravan.com/blogs/onboarding/cac-thao-tac-xu-ly-bao-cao-khach-hang-rfm.html]
[theme.hstatic.net/1000001117/1001120712/14/owl.carousel.min9d62.css]
[theme.hstatic.net/1000001117/1001120712/14/style-about9d62.css]
[file.hstatic.net/1000001117/file/merchant-banner.jpg]
[theme.hstatic.net/1000001117/1001120712/14/style_blogs_v1.1.scss9d62.css]
[file.hstatic.net/1000001117/article/tiktok-1200x628-10012025_afaedfda3ebe455681e328283c378a89_1024x1024.png]
[file.hstatic.net/1000001117/file/tiktok-1200x628-10012025_ff0520aa24cd4becae6489a7c7672fa5_grande.png]
[file.hstatic.net/1000001117/file/tiktok-ads-1200x675-13112024-post-3-3_d2e122dd3a8147ec95d221004b332243_grande.png]
[file.hstatic.net/1000001117/file/__1__12b38f7623214c84adb1bb25e6be706a_abd6d26fdce949e59e70eec9d634870b_grande.jpg]
[connect.facebook.net/vi_VN/sdk.js]
[www.haravan.com/blogs/tin-tuc/quang-cao-tin-nhan-tiktok-chinh-thuc-ra-mat-tai-viet-nam-tich-hop-voi-haravan.html]
[file.hstatic.net/1000001117/article/post_1_-_thumbnail_62655cd1c8a3413e825d5ab29dc2413d_1024x1024.png]
[www.haravan.com/pages/giai-phap-gui-su-kien-chuyen-doi-tiktok-messaging-ads-haravan2034.html]
[file.hstatic.net/1000166796/file/dang_ky_ngay-removebg-preview_a8fe4278837d46afa6e1def335163cdf.png]
[file.hstatic.net/1000001117/file/dang_ky_ngay__3__9d5e032dbf7343d9b38da16fb7a243df.png]
[file.hstatic.net/1000001117/file/dang_ky_ngay__2__c261123f317a4cc69866d829819bbd8a.png]
[www.haravan.com/pages/phan-mem-ban-hang-facebook-harasocial55d2.html]
[file.hstatic.net/1000001117/file/tiktok-ads-1200x500-13112024-post-3_85de2dbd178543299f1dd8fd98183ada.png]
[file.hstatic.net/1000001117/file/dang_ky_ngay__1__12b38f7623214c84adb1bb25e6be706a.png]
[www.haravan.com/blogs/tin-tuc/haravan-cung-tiktok-ra-mat-tinh-nang-tiktok-instant-messaging-ads.html]
[file.hstatic.net/1000001117/article/27092024-_9_nam_hn-1200x675__1___1__3e8ecb3c397742cc910dac91472de28c_1024x1024.png]
[www.haravan.com/blogs/tin-tuc/khuyen-mai-linh-dinh-mung-haravan-ha-noi-len-9.html]
[file.hstatic.net/1000001117/article/hanh-trinh-10-nam-make-commerce-better-1_f79b118a634f4356ab1447c2922e712c_1024x1024.jpg]
[file.hstatic.net/1000001117/file/hanh-trinh-10-nam-make-commerce-better-2_5adedf972dd74b3381885a8339eb5d17.jpg]
[file.hstatic.net/1000001117/file/hanh-trinh-10-nam-make-commerce-better-1_e40d51a0fe3a42debddf4cf0daf7973b.jpg]
[file.hstatic.net/1000001117/file/hanh-trinh-10-nam-make-commerce-better-3_ba1d5828f1b94c76a6940fdc31eb87d8.jpg]
[file.hstatic.net/1000001117/file/hanh-trinh-10-nam-make-commerce-better-4_4a2df032e8a6487894b7215ea7f2a088.jpg]
[www.haravan.com/blogs/tin-tuc/haravan-va-hanh-trinh-10-nam-make-commerce-better.html]
[file.hstatic.net/1000001117/article/bang_gia_24-1200x675-30012024-2_32800b173dba4dbf90ca49189164e1bf_1024x1024.png]
[www.haravan.com/blogs/tin-tuc/haravan-ra-mat-goi-dich-vu-moi-omni-advanced.html]
[file.hstatic.net/1000001117/article/best-solution-awards-2023-7_3b1f43923a4645a4b3548ae89ad2b97a_1024x1024.jpg]
[file.hstatic.net/1000001117/file/best-solution-awards-2023-3_3412dab103a246d1a2d836dc1d8ca87e.jpg]
[file.hstatic.net/1000001117/file/best-solution-awards-2023-1_86fe151b53ff48f7a2a682eb16180f40.jpg]
[file.hstatic.net/1000001117/file/best-solution-awards-2023-4_7523d91b3f1949fb9c15ed129dbdd680.jpg]
[file.hstatic.net/1000001117/file/best-solution-awards-2023-2_ff63e228fcf04003b6842dd5e2d35558.jpg]
[file.hstatic.net/1000001117/file/best-solution-awards-2023-5_70f518865a1a4c8a8516a46593996b76.jpg]
[file.hstatic.net/1000001117/file/best-solution-awards-2023-6_8196a5d550704c5db4ae9de775f4d29f.jpg]
[www.haravan.com/blogs/tin-tuc/haravan-vinh-danh-tai-le-trao-giai-best-solution-awards-2023.html]
[file.hstatic.net/1000001117/article/101023-1200x675-cm_815e9ab42f7b4977962736783368b9e1_1024x1024.jpg]
[www.haravan.com/blogs/tin-tuc/harravan-chuc-mung-ngay-doanh-nhan-viet-nam-13-10-2023.html]
[file.hstatic.net/1000001117/article/051023-1200x675-8nam_a9b3823dd6d94fb0a7dc6c10ab989b05_1024x1024.jpg]
[file.hstatic.net/1000001117/file/button_9af86bf5c45e4112840d8143130a8b2f_grande.png]
[www.haravan.com/blogs/tin-tuc/haravan-ha-noi-8-nam.html]
[file.hstatic.net/1000001117/article/-vinh-du-dat-danh-hieu-cong-ty-co-moi-truong-cong-nghe-tot-nhat-2023-9_14212a3bec464fc197ac6702f87fd28a_1024x1024.jpg]
[file.hstatic.net/1000001117/file/-vinh-du-dat-danh-hieu-cong-ty-co-moi-truong-cong-nghe-tot-nhat-2023-2_e03bf678720d4d889e61461c492481d1.jpg]
[file.hstatic.net/1000001117/file/-vinh-du-dat-danh-hieu-cong-ty-co-moi-truong-cong-nghe-tot-nhat-2023-7_a496c3c4dcc24c819c63071a37b9f4b1.jpg]
[file.hstatic.net/1000001117/file/-vinh-du-dat-danh-hieu-cong-ty-co-moi-truong-cong-nghe-tot-nhat-2023-1_4eaf015fb07446b59e68dbc76e607be1.jpg]
[www.haravan.com/blogs/tin-tuc/haravan-thuoc-top-6-cong-ty-co-moi-truong-cong-nghe-tieu-bieu-2023.html]
[file.hstatic.net/1000001117/article/untitled-1_753d600816074f7cbf275d39486d1a28_1024x1024.jpg]
[www.haravan.com/blogs/tin-tuc/haravan-thong-bao-cap-nhat-nghi-dinh-bao-ve-du-lieu-ca-nhan.html]
[file.hstatic.net/1000001117/article/tiktokshop-haravan_540bb237ff524697872cda74ccec4629_1024x1024.png]
[file.hstatic.net/1000001117/file/tiktokshop-haravan-2_e57d6f21612c42778f232c502ef89c79_grande.png]
[file.hstatic.net/1000001117/file/tiktokshop-haravan-3_d245707533f747a5958789dc4a659ca6_grande.png]
[www.haravan.com/blogs/tin-tuc/haravan-tich-hop-thanh-cong-tiktokshop/index.html]
[file.hstatic.net/1000001117/file/tiktokshop-haravan-4_38f80985b5a147a986de3319ae7c4c4c_grande.png]
[file.hstatic.net/1000001117/file/tiktokshop-haravan-5_23723ee52c1241218cd9a641a6f49a2c_grande.png]
[file.hstatic.net/1000001117/file/tiktokshop-haravan-6_117630d1674c4090baf88afc62cf09ea_grande.png]
[file.hstatic.net/1000001117/file/tiktokshop-haravan-7_864e5eac74e049d4bc23d2fe2a3a7b6a_grande.jpg]
[file.hstatic.net/1000001117/file/tiktokshop-haravan-7_6c6268be705b461cbdcb374d7cce78f5_grande.png]
[www.haravan.com/blogs/tin-tuc/haravan-tich-hop-thanh-cong-tiktokshop.html]
[cdn.hstatic.net/shared/noDefaultImage6_1024x1024.gif]
[file.hstatic.net/1000001117/file/haravan_-_nen_tang_giup_ban_tang_truong_kinh_doanh._47a3a6ff637041e29bdb446a6d9c9baf_grande.png]
[www.haravan.com/blogs/tin-tuc/canh-bao-gia-danh-nhan-vien-haravan.html]
[file.hstatic.net/1000001117/article/frame_29_0d54a1b11c9f4407b1447280e23428c2_1024x1024.jpg]
[file.hstatic.net/1000001117/file/cta_b1d8565ab8e94c34a7c55f05ab508b2d_grande.jpg]
[file.hstatic.net/1000001117/file/goi_omnichannel_ec9224047aa24f22bef40990abb6696c_grande.jpg]
[file.hstatic.net/1000001117/file/frame_29_45a2cebc04b54dcd961a8310ea284fa8_grande.jpg]
[file.hstatic.net/1000001117/file/theme_1979b7e5aa5645cfa7c9d7ae5ff10f5a_grande.jpg]
[file.hstatic.net/1000001117/file/livestream_71c4632d71d94a33a70ad84fd0bc51c4_grande.jpg]
[file.hstatic.net/1000001117/file/haravan_app_11343dd89b484357a6eb6e601219b40e_grande.jpg]
[www.haravan.com/blogs/tin-tuc/tang-tien-quang-cao-google.html]
[file.hstatic.net/1000001117/article/meta-2022-750x3902452022_4_a5fc30fe31d74067beb776ac3db5fe25_1024x1024.jpg]
[file.hstatic.net/1000001117/file/slide_2_-_giao_dien_nguoi_dung_e6b19df031144ad8984f9f3b216d724e_2048x2048.jpg]
[file.hstatic.net/1000001117/file/slide_3_-_chu_shop_ung_dung_8e53dcb7e3354897bcd044d7c2a377e1_2048x2048.jpg]
[file.hstatic.net/1000192210/file/slide_1_-_chu_de_9fc8e580049d4c7a93d1c972968e5574_2048x2048.png]
[file.hstatic.net/1000001117/file/230522-1200x628-n-23-100_cbdff189bb1e4992b09e9184d4b48300_2048x2048.jpg]
[file.hstatic.net/1000192210/file/button_aa6e268167234e66aa5693a434cc2775_2048x2048.png]
[www.haravan.com/blogs/tin-tuc/meta-ra-mat-tinh-nang-gui-thong-bao-dinh-ky-cho-khach-tren-facebook-me.html]
[file.hstatic.net/1000001117/article/160522-uudai-1200x630_c43a45637ce3475a9f57f9656cd03f06_1024x1024.jpg]
[www.haravan.com/blogs/tin-tuc/kbank-haravan-giam-20-tai-haravan-store.html]
[www.haravan.com/pages/kbankde17.html]
[file.hstatic.net/1000001117/article/tabi5813_2_118f0d1df50749b6bc5a811fa55866df_large.jpg]
[www.haravan.com/blogs/tin-tuc/haravan-best-solution-awards-2021.html]
[file.hstatic.net/1000001117/article/tabi5813_2_118f0d1df50749b6bc5a811fa55866df.jpg]
[file.hstatic.net/1000001117/article/dsc07158_7f2bb5024c2c4be6be36da61b07f326c_large.jpg]
[file.hstatic.net/1000001117/article/dsc07158_7f2bb5024c2c4be6be36da61b07f326c.jpg]
[www.haravan.com/blogs/tin-tuc/haravan-dong-hanh-cung-chuong-trinh-giao-thuong-doanh-nghiep-tp-da-nang-va-cac-tinh-tay-nguyen.html]
[file.hstatic.net/1000001117/article/hrv-store-750x390-2132022_8e2a8ba9bcfa47ee9346c4fe2611228d_large.jpg]
[file.hstatic.net/1000001117/article/hrv-store-750x390-2132022_8e2a8ba9bcfa47ee9346c4fe2611228d.jpg]
[file.hstatic.net/1000001117/article/haravan_cashback-promotion_750x390px__1__26596b97fdc04ef7aa66274e2920e904_large.jpg]
[www.haravan.com/blogs/tin-tuc/ra-mat-haravan-store-sieu-khuyen-mai-cho-san-pham-thiet-bi.html]
[file.hstatic.net/1000001117/article/haravan_cashback-promotion_750x390px__1__26596b97fdc04ef7aa66274e2920e904.jpg]
[file.hstatic.net/1000001117/article/sn8t-1200x628-432022_f213299dae654a8f81f8a400f3ea621a_large.png]
[file.hstatic.net/1000001117/article/sn8t-1200x628-432022_f213299dae654a8f81f8a400f3ea621a.png]
[www.haravan.com/blogs/tin-tuc/haravan-8-nam.html]
[www.haravan.com/blogs/tin-tuc/chuong-trinh-uu-dai-doc-quyen-co-ngay-100-trieu-chi-trong-3-ngay-nhan-hoan-tien-len-den-1-trieu-dong.html]
[file.hstatic.net/1000001117/article/kredivo_haravan_ce9b245bc96d4b9fa6ba680329002191_large.jpg]
[www.haravan.com/blogs/tin-tuc/kredivo-bat-tay-cung-haravan-giup-tang-30-doanh-so-cho-nha-ban-hang-nho-giai-phap-mua-truoc-tra-sau.html]
[file.hstatic.net/1000001117/article/kredivo_haravan_ce9b245bc96d4b9fa6ba680329002191.jpg]
[file.hstatic.net/1000001117/article/210222-1200x628-meta_178c0a42e64e4395b4e024eb1b7a1ce0_large.jpg]
[www.haravan.com/blogs/tin-tuc/haravan-vinh-du-la-mot-trong-cac-doi-tac-kinh-doanh-cua-meta-2022.html]
[file.hstatic.net/1000001117/article/210222-1200x628-meta_178c0a42e64e4395b4e024eb1b7a1ce0.jpg]
[file.hstatic.net/1000001117/article/220921-24-1200x628__4__5723344d93e7442a9eb2ff3cc2e3198f_large.jpg]
[file.hstatic.net/1000001117/article/220921-24-1200x628__4__5723344d93e7442a9eb2ff3cc2e3198f.jpg]
[file.hstatic.net/1000001117/article/hrv-1200-628_c9968eb0546b4f679c831b284808b09f_large.jpg]
[www.haravan.com/blogs/tin-tuc/nhan-hoan-tien-ngay-5-600-000-vnd-khi-khoi-tao-chien-dich-quang-cao-google-voi-haravan.html]
[www.haravan.com/blogs/tin-tuc/haravan-vinh-du-duoc-tiep-tuc-la-doi-tac-google-xuat-sac-nam-2022-tai-viet-nam.html]
[file.hstatic.net/1000001117/article/hrv-1200-628_c9968eb0546b4f679c831b284808b09f.jpg]
[file.hstatic.net/1000001117/article/250122-tet-1200x630_29129e848f244aaaa2d266336e583d6e_large.png]
[file.hstatic.net/1000001117/article/250122-tet-1200x630_29129e848f244aaaa2d266336e583d6e.png]
[www.haravan.com/blogs/tin-tuc/thu-chuc-tet-va-thong-bao-lich-nghi-tet-nham-dan-2022.html]
[www.haravan.com/blogs/tin-tuc/haravan-va-techcombank-hop-tac-ra-mat-giai-phap-vay-von-nhanh-khong-the-chap.html]
[file.hstatic.net/1000001117/article/facebook_1200x628_98ad15ce64e5473b880b0c0307887072_large.png]
[file.hstatic.net/1000001117/article/facebook_1200x628_98ad15ce64e5473b880b0c0307887072.png]
[file.hstatic.net/1000001117/article/banner_1200x630_311221_bf7d2c3330de462abf9de7b6920d62c4_large.png]
[www.haravan.com/blogs/tin-tuc/chuc-mung-nam-moi-2022.html]
[file.hstatic.net/1000001117/article/banner_1200x630_311221_bf7d2c3330de462abf9de7b6920d62c4.png]
[file.hstatic.net/1000001117/article/haravan-kbank-1200x628__1__82c362539e5442f7a6f4cb4304a0e034_large.png]
[file.hstatic.net/1000001117/article/haravan-kbank-1200x628__1__82c362539e5442f7a6f4cb4304a0e034.png]
[www.haravan.com/blogs/tin-tuc/giai-phap-vay-kinh-doanh-nhanh-chong-haravan-finance-lai-suat-uu-dai-voi-doi-tac-kbank.html]
[file.hstatic.net/1000001117/article/1200x628__1__903cedce79ba474da1d90bb7876584d2_large.png]
[file.hstatic.net/1000001117/article/1200x628__1__903cedce79ba474da1d90bb7876584d2.png]
[www.haravan.com/blogs/tin-tuc/ra-mat-giai-phap-vay-kinh-doanh-nhanh-haravan-finance-ho-tro-nguon-tai-chinh-cho-khach-hang-haravan.html]
[file.hstatic.net/1000001117/article/trung-ip13-hrv-moca-120x6280-13122021_3919ab71db9540fc80699755cdc85a1a_large.png]
[file.hstatic.net/1000001117/article/trung-ip13-hrv-moca-120x6280-13122021_3919ab71db9540fc80699755cdc85a1a.png]
[www.haravan.com/blogs/tin-tuc/ket-noi-grab-moca-tren-haravan-co-hoi-nhan-ngay-iphone-13-pro-max-cu.html]
[www.haravan.com/blogs/tin-tuc2679.html]
[www.haravan.com/blogs/tin-tuc4658.html]
[www.haravan.com/blogs/tin-tucfdb0.html]
[file.hstatic.net/1000001117/article/291121-socical2-1200x628_d445b5f4c2414870b9559d51ed1039b1_large.jpg]
[file.hstatic.net/1000001117/article/291121-socical2-1200x628_d445b5f4c2414870b9559d51ed1039b1.jpg]
[file.hstatic.net/1000001117/article/pay-hop-tac-cung-haravan-ra-mat-giai-phap-thanh-toan-mua-truoc-tra-sau_d6dd00baec6f472d8854cfb7323e3992_large.png]
[www.haravan.com/blogs/tin-tuc/moi-ra-mat-ung-dung-chat-chot-don-moi-luc-moi-noi-harasocial.html]
[file.hstatic.net/1000001117/article/pay-hop-tac-cung-haravan-ra-mat-giai-phap-thanh-toan-mua-truoc-tra-sau_d6dd00baec6f472d8854cfb7323e3992.png]
[www.haravan.com/blogs/tin-tuc/ree-pay-hop-tac-cung-haravan-ra-mat-giai-phap-thanh-toan-mua-truoc-tra-sau.html]
[file.hstatic.net/1000001117/article/160721-grab5_4a5bcfe91eba4ff19b8c0c2ecf3f2463_large.png]
[file.hstatic.net/1000001117/article/160721-grab5_4a5bcfe91eba4ff19b8c0c2ecf3f2463.png]
[www.haravan.com/blogs/tin-tuc/chuong-trinh-hoan-tien-30k-qua-vi-moca-grab-khi-mua-sam-tai-15-sop-xi.html]
[file.hstatic.net/1000001117/article/010721-grab1-1200x628_36e1a766b4ff45ba8ff3ec55810a439a_large.png]
[www.haravan.com/blogs/tin-tuc/update-chinh-thuc-tich-hop-vi-moca-grab-tren-haravan.html]
[file.hstatic.net/1000001117/article/010721-grab1-1200x628_36e1a766b4ff45ba8ff3ec55810a439a.png]
[file.hstatic.net/1000001117/article/050321-sn1__1__f422c0aa767e4a968f9f2c46f12de9de_large.jpg]
[www.haravan.com/blogs/tin-tuc/bung-no-uu-dai-mung-sinh-nhat-haravan-7-tuoi.html]
[file.hstatic.net/1000001117/article/050321-sn1__1__f422c0aa767e4a968f9f2c46f12de9de.jpg]
[file.hstatic.net/1000001117/article/haravan_google_casestudy_f03dd419da584d18a39282a37ab69c5a_large.png]
[file.hstatic.net/1000001117/article/haravan_google_casestudy_f03dd419da584d18a39282a37ab69c5a.png]
[www.haravan.com/blogs/tin-tuc/haravan-vinh-du-duoc-google-cloud-chon-lam-case-study-cho-giai-phap-co.html]
[file.hstatic.net/1000001117/article/haravan-jtexpress_9995a7194f2b47229db73755ff53adb3_large.jpg]
[www.haravan.com/blogs/tin-tuc/j-t-express-bat-tay-haravan-tich-hop-nhieu-tien-ich-cong-nghe-cho-ng.html]
[file.hstatic.net/1000001117/article/haravan-jtexpress_9995a7194f2b47229db73755ff53adb3.jpg]
[file.hstatic.net/1000001117/article/1200x628-2_79e8a4483e9f4767b5a6dbe1b2adeb2f_large.png]
[file.hstatic.net/1000001117/article/1200x628-2_79e8a4483e9f4767b5a6dbe1b2adeb2f.png]
[www.haravan.com/blogs/tin-tuc/chon-dhl-tren-haravan-nhan-uu-dai-van-chuyen-dong-gia-tu-16-000d-ta.html]
[file.hstatic.net/1000001117/article/1200x628__9__d633f1b0296147a3961acfba1cb5c50b_large.png]
[file.hstatic.net/1000001117/article/1200x628__9__d633f1b0296147a3961acfba1cb5c50b.png]
[www.haravan.com/blogs/tin-tuc/chon-ahamove-tren-haravan-giao-noi-thanh-sieu-toc-chi-tu-8-000d.html]
[file.hstatic.net/1000001117/article/retail-university-1200x720__1__d3a9a273c62348c588358ee8f869ef56_large.png]
[www.haravan.com/blogs/tin-tuc/retail-university-chuoi-dao-tao-chuyen-nghiep-cho-nha-kinh-doanh.html]
[file.hstatic.net/1000001117/article/retail-university-1200x720__1__d3a9a273c62348c588358ee8f869ef56.png]
[file.hstatic.net/1000001117/article/1200x628__7__83304724d1d84f209e822c0a8f3fc533_large.png]
[file.hstatic.net/1000001117/article/1200x628__7__83304724d1d84f209e822c0a8f3fc533.png]
[www.haravan.com/blogs/tin-tuc/the-coffee-house-va-haravan-vinh-du-duoc-facebook-lua-chon-lam-case-study-ve-social-commerce.html]
[file.hstatic.net/1000001117/article/231020-fn_ca9be4b3fb644c0e9b405242e93e7857_021c0a6d044b4204a69d0579757b9068_large.png]
[file.hstatic.net/1000001117/article/231020-fn_ca9be4b3fb644c0e9b405242e93e7857_021c0a6d044b4204a69d0579757b9068.png]
[www.haravan.com/blogs/tin-tuc/google-ho-tro-nha-ban-le-viet-dang-ban-san-pham-mien-phi-voi-google-shopping-va-haravan.html]
[file.hstatic.net/1000001117/article/1200x628-ss-x-havaran_b58b09100c9f4c1390c692f5e8443da0_61b21cc57bdd4015aca1d37b17a7dae7_large.jpg]
[file.hstatic.net/1000001117/article/1200x628-ss-x-havaran_b58b09100c9f4c1390c692f5e8443da0_61b21cc57bdd4015aca1d37b17a7dae7.jpg]
[file.hstatic.net/1000001117/article/070920-bnbest-express1200x628_79ac801984ed46fc81d73557f0052dd7_large.png]
[www.haravan.com/blogs/tin-tuc/chon-supership-freeship-10-don-dong-gia-25-000d-tang-haravan-ship.html]
[file.hstatic.net/1000001117/article/070920-bnbest-express1200x628_79ac801984ed46fc81d73557f0052dd7.png]
[www.haravan.com/blogs/tin-tuc/dong-gia-24k-giao-hang-toan-quoc-voi-best-express-haravan.html]
[file.hstatic.net/1000001117/article/070920_af5ba177c550404d8b13e1deecafd2ff_large.png]
[file.hstatic.net/1000001117/article/070920_af5ba177c550404d8b13e1deecafd2ff.png]
[www.haravan.com/blogs/tin-tuc/chon-ghn-tren-haravan-dong-gia-16-500-tang-haravan-ship.html]
[www.haravan.com/blogs/tin-tuc9ba9.html]
[file.hstatic.net/1000001117/article/upload_987f8316c3fa462aae5720ab8bdd4156_large.jpg]
[file.hstatic.net/1000001117/article/upload_987f8316c3fa462aae5720ab8bdd4156.jpg]
[file.hstatic.net/1000001117/article/upload_d3d163d420d24e52b37047065dfe10f0_large.jpg]
[www.haravan.com/blogs/tin-tuc/su-dung-trai-nghiem-mot-so-tinh-nang-cua-san-pham-haravan-tren-gian-hang-trai-nghiem.html]
[file.hstatic.net/1000001117/article/upload_d3d163d420d24e52b37047065dfe10f0.jpg]
[www.haravan.com/blogs/tin-tuc/huong-dan-su-dung-link-ref-link-gioi-thieu-de-chia-se-thong-tin-voi-khach-hang.html]
[file.hstatic.net/1000001117/article/upload_28cb03c667dc485bb7efeb0de05518a0_large.jpg]
[www.haravan.com/blogs/tin-tuc/ket-noi-tu-dong-nha-van-chuyen-toi-uu-hoa-thoi-gian-kinh-doanh-online.html]
[file.hstatic.net/1000001117/article/upload_28cb03c667dc485bb7efeb0de05518a0.jpg]
[file.hstatic.net/1000001117/article/upload_1adaf99676c5418785111db559e7e256_large.jpg]
[file.hstatic.net/1000001117/article/upload_1adaf99676c5418785111db559e7e256.jpg]
[www.haravan.com/blogs/tin-tuc/quan-ly-van-chuyen-hieu-qua-voi-ung-dung-shipping-man.html]
[file.hstatic.net/1000001117/article/upload_ff8467f8662d425390df40e5bec7f6b5_large.jpg]
[www.haravan.com/blogs/tin-tuc/ban-hang-tren-website-hoac-blog-voi-haravan-widget.html]
[file.hstatic.net/1000001117/article/upload_ff8467f8662d425390df40e5bec7f6b5.jpg]
[www.haravan.com/blogs/tin-tucaf4d.html]
[cdn.hstatic.net/files/1000001117/article/jr5_7151_df97b140cd824a64a8ec08b2b4b7e110_1024x1024.jpg]
[cdn.hstatic.net/1000001117/file/jr5_7086__1__92c3d74cd0024b298dc45e910574fbba_grande.jpg]
[cdn.hstatic.net/1000001117/file/jr5_7197__1__5d24a4ea10f64aeca4051abac63c106b_grande.jpg]
[cdn.hstatic.net/1000001117/file/jr5_7516_24467b6e78094a948c93043b28c69a27_grande.jpg]
[cdn.hstatic.net/1000001117/file/jr5_7719__1__d3ec25f841a04fac938fba73f782616a_grande.jpg]
[cdn.hstatic.net/1000001117/file/jr5_8255__1__e07a6860b0774730b5005f17d37d01f1_grande.jpg]
[cdn.hstatic.net/1000001117/file/jr5_8516__1__d25b04bd515044d696d1b36317eb050f_grande.jpg]
[cdn.hstatic.net/1000001117/file/jr5_8782__1__f04b5c68bde742e5a4bd5c153b0697f4_grande.jpg]
[cdn.hstatic.net/1000001117/file/jr5_8081_74f3f545acd743b7a807c0dec4ec9df6_grande.jpg]
[cdn.hstatic.net/1000001117/file/jr5_8852_12936c9dfd8747ba8470c982b5dd9c4d_grande.jpg]
[cdn.hstatic.net/1000001117/file/jr5_7140__1__f6066693688048f988206f4c64b1b277_grande.jpg]
[www.haravan.com/blogs/su-kien/social-marketing-day-2025-dan-dau-xu-huong-but-pha-mua-mega-sales.html]
[file.hstatic.net/1000001117/article/blog_thumbnail_8ba2e14dcb3b49b9a8c3af7a036cafb6_1024x1024.png]
[file.hstatic.net/1000001117/file/53508535814_4490250907389293937_n__1__e7b3f9f6f1c84f978c2553f0168f7e17_grande.jpg]
[file.hstatic.net/1000001117/file/18_f878686708534905ad1ba4e859dbd97c_grande.jpg]
[file.hstatic.net/1000001117/file/15_9b47ffe87fa24328aca9cb90722bb387_grande.png]
[file.hstatic.net/1000001117/file/5_ac0ce5b497fd49c2a8c7d6b6874436f8_grande.png]
[www.haravan.com/blogs/su-kien/haravan-tai-su-kien-meta-marketing-summit-2025-don-dau-xu-huong-tuong-lai-cua-marketing-trong-thoi-dai-chuyen-doi-so.html]
[file.hstatic.net/1000001117/article/img_5158_2__1d584c6221d444e8a7c8a7a771bded6b_1024x1024.jpg]
[file.hstatic.net/1000001117/file/vnp_3090_b44e8a173b4449478ef9b8e0f9381a66_grande.jpg]
[file.hstatic.net/1000001117/file/vnp_3151_37b780e34e46429b94c629b1f070f788_grande.jpg]
[file.hstatic.net/1000001117/file/vnp_3191_5aa2191ea9704b46ba0b245f63ea918f_grande.jpg]
[file.hstatic.net/1000001117/file/vnp_3247_fff641919e7e48cfbeba6000e2e02fdb_grande.jpg]
[file.hstatic.net/1000001117/file/vnp_3464_33323a2d55c14b2caccde641d721923b_grande.jpg]
[file.hstatic.net/1000001117/file/vnp_3425_7ada31baa03c4a9ca5fd67a73eb1cb01_grande.jpg]
[file.hstatic.net/1000001117/file/vnp_3509_7e430c1464ea48e58a8ffa46f014e7de_grande.jpg]
[file.hstatic.net/1000001117/file/vnp_3286_3162531cdae04c5297fbffb335dfbd1c_grande.jpg]
[file.hstatic.net/1000001117/file/vnp_3540_c8fe481c6ca54d5a8c503d1ea528e9fc_grande.jpg]
[file.hstatic.net/1000001117/file/dsc04741_53be71913c354353b923edd93fd1d815_grande.jpg]
[file.hstatic.net/1000001117/file/dsc04999_c329145677a04032bc0d14b28a7fb0e6_grande.jpg]
[file.hstatic.net/1000001117/file/dsc05137_bdf24a646ff24a6780e6d7037233256c_grande.jpg]
[www.haravan.com/blogs/su-kien/haravan-tai-vobf-2025-cung-doanh-nghiep-vuot-song-ai-dan-dat-xu-huong.html]
[file.hstatic.net/1000001117/article/thiet_ke_chua_co_ten__1__7522279788ab42c49b24192470f0d867_large.png]
[file.hstatic.net/1000001117/article/thiet_ke_chua_co_ten__1__7522279788ab42c49b24192470f0d867.png]
[www.haravan.com/blogs/su-kien/haravan-foodex-2025-giai-phap-ban-hang-da-kenh.html]
[file.hstatic.net/1000001117/article/491813308_1219752923043012_8685371909452544658_n_9e9a1dbc68ae461ea695808283c6750f_large.jpg]
[www.haravan.com/blogs/su-kien/haravan-co-mat-tai-su-kien-ceo-va-cmo-summit-2025.html]
[file.hstatic.net/1000001117/article/491813308_1219752923043012_8685371909452544658_n_9e9a1dbc68ae461ea695808283c6750f.jpg]
[file.hstatic.net/1000001117/article/thiet_ke_chua_co_ten_bd53e203587842a5824115d9876ebd81_large.png]
[www.haravan.com/blogs/su-kien/haravan-tai-hoi-cho-hang-viet-nam-tieu-bieu-xuat-khau-2025]
[file.hstatic.net/1000001117/article/thiet_ke_chua_co_ten_bd53e203587842a5824115d9876ebd81.png]
[file.hstatic.net/1000001117/article/490106880_1095482765955550_2245360252394051205_n_fc26c8a23dd54be991ab8fc66313f6f5_large.jpg]
[file.hstatic.net/1000001117/article/490106880_1095482765955550_2245360252394051205_n_fc26c8a23dd54be991ab8fc66313f6f5.jpg]
[file.hstatic.net/1000001117/article/thumbnail_recap_hrv_c6b11baa93904cac87d76dc01dc2f927_large.png]
[www.haravan.com/blogs/su-kien/su-kien-shoppertainment-on-tiktok-2025-tang-truong-kinh-doanh-phu-rong-thuong-hieu-cho-nha-kinh-doanh-moi]
[file.hstatic.net/1000001117/article/thumbnail_recap_hrv_c6b11baa93904cac87d76dc01dc2f927.png]
[www.haravan.com/blogs/su-kien/haravan-dong-hanh-cung-vdca-conference-2024]
[file.hstatic.net/1000001117/article/thumbnail_recap_hrv_100888a2ad5b478084960946b263121c_large.png]
[www.haravan.com/blogs/su-kien/haravan-co-mat-tai-su-kien-tet-to-the-top]
[file.hstatic.net/1000001117/article/thumbnail_recap_hrv_100888a2ad5b478084960946b263121c.png]
[file.hstatic.net/1000001117/article/1200x628_c7e0f568e0b441978e692a17f6e92f0f_large.png]
[file.hstatic.net/1000001117/article/1200x628_c7e0f568e0b441978e692a17f6e92f0f.png]
[www.haravan.com/blogs/su-kien/cung-haravan-khoi-dong-tet-to-the-top]
[file.hstatic.net/1000001117/article/meta-live-shopping-reels-in-action-with-haravan_-da-dien-ra-thanh-cong_e7fa12160c904b8e988bf57ed63c3099_large.jpeg]
[www.haravan.com/blogs/su-kien/workshop-meta-live-shopping-reels-in-action-with-haravan]
[file.hstatic.net/1000001117/article/meta-live-shopping-reels-in-action-with-haravan_-da-dien-ra-thanh-cong_e7fa12160c904b8e988bf57ed63c3099.jpeg]
[file.hstatic.net/1000001117/article/thumnail_recap_hrv__1__de5c2c1a3b994a3d8841cf12e495a68a_large.png]
[www.haravan.com/blogs/su-kien/haravan-dong-hanh-cung-su-kien-mma-impact-vietnam-2024]
[file.hstatic.net/1000001117/article/thumnail_recap_hrv__1__de5c2c1a3b994a3d8841cf12e495a68a.png]
[file.hstatic.net/1000001117/article/thumnail_recap_hrv__1__a2c1db91aadd40a5bb00197138e1e39b_large.png]
[www.haravan.com/blogs/su-kien/haravan-dong-hanh-cung-su-kien-dot-pha-doanh-so-thuong-mai-dien-tu-da-kenh]
[file.hstatic.net/1000001117/article/thumnail_recap_hrv__1__a2c1db91aadd40a5bb00197138e1e39b.png]
[file.hstatic.net/1000001117/article/ban_sao_cua_img_2750__2__a158d38bd35e4c84b84a5cf8875fd7b4_large.jpg]
[file.hstatic.net/1000001117/article/ban_sao_cua_img_2750__2__a158d38bd35e4c84b84a5cf8875fd7b4.jpg]
[www.haravan.com/blogs/su-kien/haravan-tai-su-kien-meta-live-in-action]
[file.hstatic.net/1000001117/article/media__1__7d52f9a9a94a4a4383259737ea9b7c08_large.png]
[www.haravan.com/blogs/su-kien/haravan-dong-hanh-cung-mma-impact-2024]
[file.hstatic.net/1000001117/article/media__1__7d52f9a9a94a4a4383259737ea9b7c08.png]
[www.haravan.com/blogs/su-kien4658]
[cdn.hstatic.net/files/1000001117/article/jr5_7151_df97b140cd824a64a8ec08b2b4b7e110_small.jpg]
[file.hstatic.net/1000001117/article/blog_thumbnail_8ba2e14dcb3b49b9a8c3af7a036cafb6_small.png]
[file.hstatic.net/1000001117/article/img_5158_2__1d584c6221d444e8a7c8a7a771bded6b_small.jpg]
[file.hstatic.net/1000001117/file/sharefb-partner-min_e65177a11df547a6946f809aa2a34336.png]
[file.hstatic.net/1000001117/article/thiet_ke_chua_co_ten__1__7522279788ab42c49b24192470f0d867_small.png]
[www.haravan.com/blogs/su-kien9ba9]
[www.haravan.com/blogs/su-kience37]
[theme.hstatic.net/1000001117/1001120712/14/global-partner-v1.3.scss9d62.css]
[file.hstatic.net/1000001117/file/partner-banner-main_1efdd5b8c1be47eb88fc2e83e10ad639.png]
[file.hstatic.net/1000001117/file/partner-program-1-min_6be00050fae24bbf8459831c64d1fa23.png]
[file.hstatic.net/1000001117/file/partner-program-2-min_14fef9de9ef3444aa613eebbf73063d1.png]
[file.hstatic.net/1000001117/file/partner-program-3-min_b8c19db9bc39411a965081b0889dfcdf.png]
[file.hstatic.net/1000001117/file/partner-banner-apps_2e1561e58ade40d199806f1731d833f1.png]
[file.hstatic.net/1000001117/file/partner-banner-themes-v2_a1c41214d2754339a319cc9053f3466e.png]
[www.haravan.com/cdn-cgi/l/email-protection]
[file.hstatic.net/1000001117/file/retail-video-vaithuthuy_c5a3e6dfc4924bb48c93ac3f9cd7ca33.jpeg]
[file.hstatic.net/1000001117/file/retail-logo-vaithuhay_37773240eed340da92d56f0405b5782e.png]
[file.hstatic.net/1000001117/article/haravan-va-hanh-trinh-10-nam-make-commerce-better-1_f507742243c3447783ea9aed8fd0283d.jpg]
[www.haravan.com/cdn-cgi/scripts/5c5dd728/cloudflare-static/email-decode.min.js]
[file.hstatic.net/1000001117/article/haravan-va-hanh-trinh-10-nam-make-commerce-better-1_f507742243c3447783ea9aed8fd0283d_1024x1024.jpg]
[file.hstatic.net/1000001117/file/haravan-va-hanh-trinh-10-nam-make-commerce-better-2_57a79efb673249a194b8d93702856c2d.jpg]
[file.hstatic.net/1000001117/file/haravan-va-hanh-trinh-10-nam-make-commerce-better-1_2a5f067f68d7407b9445ab0df1cb616f.jpg]
[file.hstatic.net/1000001117/file/haravan-va-hanh-trinh-10-nam-make-commerce-better-3_eb89e6f31d734d188eea7c2a263c6264.jpg]
[file.hstatic.net/1000001117/file/haravan-va-hanh-trinh-10-nam-make-commerce-better-4_dcfe4e3087654936a8b46d65a9862c8d.jpg]
[www.haravan.com/blogs/bao-chi/haravan-va-hanh-trinh-10-nam-make-commerce-better.html]
[file.hstatic.net/1000001117/article/10-nam-haravan-dong-hanh-cung-nha-ban-hang-da-kenh-1_822768c944d44792ba464514d23ca72b.jpg]
[file.hstatic.net/1000001117/article/10-nam-haravan-dong-hanh-cung-nha-ban-hang-da-kenh-1_822768c944d44792ba464514d23ca72b_1024x1024.jpg]
[file.hstatic.net/1000001117/file/10-nam-haravan-dong-hanh-cung-nha-ban-hang-da-kenh-2_30f2ed730bb0465ba05bde6636225174.jpg]
[file.hstatic.net/1000001117/file/10-nam-haravan-dong-hanh-cung-nha-ban-hang-da-kenh-3_115f6af7ab5749439b448f0aeb468b79.jpg]
[www.haravan.com/blogs/bao-chi/10-nam-haravan-dong-hanh-cung-nha-ban-hang-da-kenh.html]
[file.hstatic.net/1000001117/article/-vinh-du-dat-danh-hieu-cong-ty-co-moi-truong-cong-nghe-tot-nhat-2023-9_0f9640da4d2f41c2b684e849f801f924.jpg]
[file.hstatic.net/1000001117/article/-vinh-du-dat-danh-hieu-cong-ty-co-moi-truong-cong-nghe-tot-nhat-2023-9_0f9640da4d2f41c2b684e849f801f924_1024x1024.jpg]
[file.hstatic.net/1000001117/file/img_3228_1681004cefa145689f7d48d479886655.jpg]
[www.haravan.com/blogs/bao-chi/haravan-duoc-vinh-danh-cong-ty-co-moi-truong-cong-nghe-tot-nhat-2023.html]
[file.hstatic.net/1000001117/article/130722-750x390-bc_036247028a7c4a32adcebaff9b23a661.jpg]
[file.hstatic.net/1000001117/article/130722-750x390-bc_036247028a7c4a32adcebaff9b23a661_1024x1024.jpg]
[file.hstatic.net/1000001117/file/web_eng_0308fafdf0f14a488ecc62fa69d96f29_grande.jpg]
[file.hstatic.net/1000001117/file/dsc_0037_3a980ed2e5c44ebf8e98e4603417ef53_grande.jpg]
[file.hstatic.net/1000001117/file/omni_eng_9e784e39f3184f619756dda205c6d737_grande.jpg]
[www.haravan.com/blogs/bao-chi/haravan-enables-multi-channel-e-commerce-world-for-vietnam-smes.html]
[file.hstatic.net/1000001117/article/130722-750x390-bc_63af7e24e6a543558cc5cd72489b7442.jpg]
[file.hstatic.net/1000001117/article/130722-750x390-bc_63af7e24e6a543558cc5cd72489b7442_1024x1024.jpg]
[file.hstatic.net/1000001117/file/bopis_bai_2-3_8610aedb47bb4883966bbfcbdece5544_grande.jpg]
[file.hstatic.net/1000001117/file/hrv-omnichannel_f8129cab111f4e329b40c168a25e6983_grande.jpg]
[www.haravan.com/blogs/bao-chi/haravan-vuon-tam-thuong-mai-online.html]
[file.hstatic.net/1000001117/article/capture_67515cc82a414017a32f5d062e7c52a2.png]
[file.hstatic.net/1000001117/article/capture_67515cc82a414017a32f5d062e7c52a2_1024x1024.png]
[www.haravan.com/blogs/bao-chi/muon-kieu-kho-khan-khi-bat-dau-ban-truc-tuyen-khi-doanh-nghiep-di-cu.html]
[file.hstatic.net/1000001117/article/capture_e2e888104b104592a67ca2d3640f849b.png]
[file.hstatic.net/1000001117/article/capture_e2e888104b104592a67ca2d3640f849b_1024x1024.png]
[channel.mediacdn.vn/2021/6/12/photo-1-16234692941551831688318.jpg]
[channel.mediacdn.vn/thumb_w/640/2021/6/12/photo-1-16234692941551831688318.jpg]
[cafebiz.cafebizcdn.vn/162123310254002176/2021/6/14/z255148716706415cf8a262d04d72a7e7c2c7782800c21-1623658275259531461947.jpg]
[www.haravan.com/blogs/bao-chi/haravan-chinh-thuc-nang-cap-harasocial-tro-thanh-giai-phap-quan-ly-ban.html]
[file.hstatic.net/1000001117/article/capture_25bfb73699a54eb49250d0d31262afae.png]
[file.hstatic.net/1000001117/article/capture_25bfb73699a54eb49250d0d31262afae_1024x1024.png]
[cdn.brvn.vn/editor/2020/07/25436_DT17HaravanCEOHuynhLamHodoanhnghiepsanxuat_11_1596011861.jpg]
[cdn.brvn.vn/editor/2020/07/25436_DT17HaravanCEOHuynhLamHodoanhnghiepsanxuat_2_1596010207.jpg]
[cdn.brvn.vn/editor/2020/07/25436_DT17HaravanCEOHuynhLamHodoanhnghiepsanxuat_3_1596010160.jpg]
[www.haravan.com/blogs/bao-chi/ceo-haravan-time-to-market-phai-la-uu-tien-so-1-cua-doanh-nghiepb.html]
[file.hstatic.net/1000001117/article/ceo_nha_em_9aa0f2bafa68411a9471fcad014432cf.png]
[file.hstatic.net/1000001117/article/ceo_nha_em_9aa0f2bafa68411a9471fcad014432cf_1024x1024.png]
[cafebiz.cafebizcdn.vn/2019/5/7/adobestock135873223-1557128337527340710787-1557199631000458028891.png]
[cafebiz.cafebizcdn.vn/thumb_w/640/2019/5/7/adobestock135873223-1557128337527340710787-1557199631000458028891.png]
[cafebiz.cafebizcdn.vn/2019/5/7/img3924-15571996752962094417350.jpg]
[cafebiz.cafebizcdn.vn/thumb_w/640/2019/5/7/img3924-15571996752962094417350.jpg]
[www.haravan.com/blogs/bao-chi/ceo-haravan-doanh-nghiep-nhu-mot-chiec-o-to-nguoi-chu-la-nguoi-dinh-huong-nhung-de-chay-hieu-suat-cao-cong-suat-lon-di-du-xa-thi-can-co-may-du-tot.html]
[file.hstatic.net/1000001117/file/website_giacmosuaviet_cua_vinamilk_grande.jpg]
[www.haravan.com/blogs/bao-chi/vinamilk-ra-mat-website-thuong-mai-dien-tu-giac-mo-sua-viet.html]
[file.hstatic.net/1000001117/article/shot_202016-12-07_20at_202.37.48_20pm_b2b09b09648a4bd38a5b31fcf08b7f4f.png]
[file.hstatic.net/1000001117/article/shot_202016-12-07_20at_202.37.48_20pm_b2b09b09648a4bd38a5b31fcf08b7f4f_1024x1024.png]
[www.haravan.com/blogs/bao-chi/launchpad-program-accelerator-google-developes.html]
[file.hstatic.net/1000001117/article/1479978233-i3_c3bdb75ebaeb4bada40e7c9db40fbd4a.jpg]
[file.hstatic.net/1000001117/article/1479978233-i3_c3bdb75ebaeb4bada40e7c9db40fbd4a_1024x1024.jpg]
[file.hstatic.net/1000001117/file/mot_phan_website_haravan_grande.jpg]
[www.haravan.com/blogs/bao-chi/google-chon-haravan-elsa-trong-chuong-trinh-dao-tao-giup-phat-trien-cong-ty.html]
[file.hstatic.net/1000001117/article/mot_phan_website_haravan.jpg]
[file.hstatic.net/1000001117/article/mot_phan_website_haravan_1024x1024.jpg]
[file.hstatic.net/1000001117/file/1479978233-i3_grande.jpg]
[file.hstatic.net/1000001117/file/ong_huynh_lam_ho_grande.jpg]
[www.haravan.com/blogs/bao-chi/cong-ty-khoi-nghiep-thu-2-o-viet-nam-duoc-google-do-dau.html]
[file.hstatic.net/1000001117/article/haravan_trien_khai_hop_tac_cung_vinamilk.jpg]
[file.hstatic.net/1000001117/article/haravan_trien_khai_hop_tac_cung_vinamilk_1024x1024.jpg]
[file.hstatic.net/1000001117/file/haravan_trien_khai_hop_tac_cung_vinamilk_grande.jpg]
[www.haravan.com/blogs/bao-chi/vinamilk-dua-sua-tuoi-len-ban-online.html]
[file.hstatic.net/1000001117/article/banner_1200x628__1_.png]
[file.hstatic.net/1000001117/article/banner_1200x628__1__1024x1024.png]
[file.hstatic.net/1000001117/file/img_1552-001_grande.jpg]
[file.hstatic.net/1000001117/file/img_1579-002_grande.jpg]
[file.hstatic.net/1000001117/file/img_1561-001_grande.jpg]
[www.haravan.com/blogs/bao-chi/nguoi-kinh-doanh-do-xo-tham-du-hoi-thao-khach-o-dau-ban-o-do.html]
[www.haravan.com/blogs/bao-chi/1000090828-chuong-trinh-10p-cap-nhat-kinh-doanh-online-de-that-bai-neu-thieu-von-yeu-ki-nang-cong-nghe.html]
[www.haravan.com/blogs/bao-chi/1000058065-su-khac-biet-cua-haravan.html]
[file.hstatic.net/1000001117/article/diem_khac_biet_cua_haravan_large.jpg]
[www.haravan.com/blogs/bao-chi/1000058055-haravan-chinh-thuc-mang-cong-cu-quan-ly-ban-hang-tren-facebook-bac-tien.html]
[file.hstatic.net/1000001117/article/20151015_152418_84acee00f6f04a368009df89febe0d9e_large.jpg]
[www.haravan.com/blogs/bao-chi/1000055434-thi-truong-si-haravan-kiotviet-moi-duyen-kinh-doanh-online-va-offline.html]
[file.hstatic.net/1000001117/article/haravan-platform_large.png]
[www.haravan.com/blogs/bao-chi/1000033068-haravan-vietnam-s-shopify-eats-the-real-shopify-for-lunch.html]
[file.hstatic.net/1000001117/article/seedcom-portfolio-720x400_large.jpg]
[www.haravan.com/blogs/bao-chi/1000026364-seedcom-vn-is-a-new-fund-that-hints-at-vietnam-s-maturing-startup-market.html]
[file.hstatic.net/1000001117/article/kinh_doanh_theo_kieu_haravan_large.jpg]
[www.haravan.com/blogs/bao-chi/1000023925-kinh-doanh-kieu-haravan.html]
[www.haravan.com/blogs/bao-chi4658.html]
[hstatic.net/0/0/global/design/plugins/bootstrap/3.3.6/css/bootstrap.min.css]
[hstatic.net/0/0/global/design/plugins/font-awesome/4.6.3/css/font-awesome.min.css]
[www.haravan.com/blogs/bao-chi2679.html]
[theme.hstatic.net/1000033225/1000999465/14/SFUIText-Bold.woff]
[hstatic.net/0/0/global/design/haravan/l_daily/images/banner_daily840-min.jpg]
[theme.hstatic.net/1000033225/1000999465/14/SFUIText-Regular.woff]
[hstatic.net/0/0/global/design/haravan/l_daily/images/web-developer-min.jpg]
[hstatic.net/0/0/global/design/haravan/l_daily/images/footage-shopping-min.jpg]
[theme.hstatic.net/1000033225/1000999465/14/sfuitext-semibold.woff]
[hstatic.net/0/0/global/design/haravan/l_daily/images/ic_sm_1-min.jpg]
[hstatic.net/0/0/global/design/haravan/l_daily/images/ic_sm_2-min.jpg]
[hstatic.net/0/0/global/design/haravan/l_daily/images/ic_sm_3l2-min.jpg]
[hstatic.net/0/0/global/design/haravan/l_daily/images/fill-img-green-min.jpg]
[hstatic.net/0/0/global/design/haravan/l_daily/images/fill-img-blue-min.jpg]
[hstatic.net/0/0/global/design/haravan/l_daily/images/people-min.jpg]
[hstatic.net/0/0/global/design/haravan/l_daily/images/vec-min.png]
[file.hstatic.net/1000001117/file/btn-play-min.png]
[theme.hstatic.net/1000033225/1000999465/14/global_daily.v1.2df1d.css]
[theme.hstatic.net/1000033225/1000999465/14/global-promotion.scssdf1d.css]
[theme.hstatic.net/1000033225/1000999465/14/sfuitext-regular-2.woff]
[theme.hstatic.net/1000033225/1000999465/14/global_footer_v1.7df1d.css]
[hstatic.net/0/0/global/design/plugins/owlcarousel133/grabbing.png]
[hstatic.net/0/0/global/design/plugins/owlcarousel133/owl.carousel.css]
[hstatic.net/0/0/global/design/plugins/fancybox/fancybox_sprite.png]
[hstatic.net/0/0/global/design/plugins/fancybox/fancybox_loading.gif]
[hstatic.net/0/0/global/design/plugins/fancybox/blank.gif]
[hstatic.net/0/0/global/design/plugins/fancybox/fancybox_overlay.png]
[hstatic.net/0/0/global/design/plugins/fancybox/fancybox_sprite@2x.png]
[hstatic.net/0/0/global/design/plugins/fancybox/fancybox_loading@2x.gif]
[theme.hstatic.net/1000033225/1000999465/14/sfuitext-bold-2.woff]
[hstatic.net/0/0/global/design/plugins/fancybox/jquery.fancybox.css]
[theme.hstatic.net/1000033225/1000999465/14/sfuitext-medium.woff]
[www.haravan.com/index43c7.html]
[www.haravan.com/v/index.html]
[theme.hstatic.net/1000001117/1001120712/14/style-service9d62.css]
[theme.hstatic.net/1000033225/1000999465/14/sfuitext-heavy.woff]
[www.haravan.com/pages/haravan-finance.html]
[file.hstatic.net/1000001117/file/finance-bgtop_a63ba1f537f943d98b7aa6d1cc4c2986.jpg]
[theme.hstatic.net/1000001117/1001120712/14/finance-style_v1.1.scss9d62.css]
[file.hstatic.net/1000001117/file/sharefb-kbank-min_99b6055f55f14fe987c4365e132152fd.png]
[theme.hstatic.net/1000001117/1001120712/14/finance-kbank_v1.1.scss9d62.css]
[file.hstatic.net/1000001117/file/kbank-banner-main2_4bc8f6fb953d45129761ffb37e212a07.png]
[file.hstatic.net/1000001117/file/kbank-banner-gold_abfd52241afa43358f8680bfedff48a6.png]
[file.hstatic.net/1000033225/file/kbank-rich-media_35decb01019d413a9a049555f5027aa4.png]
[www.haravan.com/pages/kbank.html]
[file.hstatic.net/1000001117/file/sharefb-validus-min_e89997db464b4c268e354d37c50fd11d.png]
[theme.hstatic.net/1000001117/1001120712/14/finance-validus.scss9d62.css]
[file.hstatic.net/1000001117/file/validus-main_646f262684f143878c57c101c2b03ec1.png]
[file.hstatic.net/1000001117/file/validus-gold_a60c5dce21ff4a999b237c311e7aad5b.png]
[file.hstatic.net/1000001117/file/validus-bkg-infomation_4c2a495958dc4a228e96332180d26d4d.jpg]
[file.hstatic.net/1000001117/file/validus-richmedia_e20e48ef06044a67ad5aa783e04d5c51.png]
[www.haravan.com/pages/validus.html]
[www.haravan.com/pages/kbank7afc.html]
[www.haravan.com/pages/kbank8426.html]
[theme.hstatic.net/1000001117/1001120712/14/haraweb-features9d62.css]
[file.hstatic.net/1000001117/file/share-fb-mobileapp-min.png]
[hstatic.net/0/0/global/design/haravan/h_font/brandonnew/brandontext-font.min.css]
[theme.hstatic.net/1000001117/1001120712/14/global-mobile-app9d62.css]
[file.hstatic.net/1000001117/file/mobileapp-mobile-min.png]
[file.hstatic.net/1000001117/file/mobileapp-ipad-min.png]
[file.hstatic.net/1000001117/file/mobileapp-destop-min.png]
[file.hstatic.net/1000001117/file/slide-mbapp2-min.png]
[file.hstatic.net/1000001117/file/slide-mbapp1-min.png]
[file.hstatic.net/1000001117/file/iphone-2-mb-min.jpg]
[file.hstatic.net/1000001117/file/iphone-2-app-min.png]
[file.hstatic.net/1000001117/file/iphone-1mb-min.jpg]
[file.hstatic.net/1000001117/file/iphone-1-app-min.png]
[file.hstatic.net/1000001117/file/iphone-4-mb-min.jpg]
[file.hstatic.net/1000001117/file/iphone-4-app-min.png]
[file.hstatic.net/1000001117/file/mobile-app-vdeo1-min.jpg]
[file.hstatic.net/1000001117/file/mobile-app-vdeo2-min.jpg]
[file.hstatic.net/1000001117/file/mobile-app-vdeo3-min.jpg]
[file.hstatic.net/1000001117/file/mobile-app-vdeo4-min.jpg]
[www.haravan.com/mobileapp.html]
[theme.hstatic.net/1000001117/1001120712/14/haraweb-industry.scss9d62.css]
[file.hstatic.net/1000001117/file/img_c9613bb11998486ca6619d6b9a1f1879.jpg]
[theme.hstatic.net/1000001117/1001120712/14/onboarding_v1.2.scss9d62.css]
[theme.hstatic.net/1000001117/1001120712/14/hrsocial-templates.scss9d62.css]
[product.hstatic.net/1000001117/product/bat-dong-san_3edeb211e30148a1a72e601c6265e231_041e8251c1e546948fdfc29e98b09f1c_grande.png]
[www.haravan.com/products/bat-dong-san.html]
[www.haravan.com/products/cua-hang-ban-ao-thun.html]
[product.hstatic.net/1000001117/product/7d07f9daee85f3497125287f7fa9d6ed_a06ea92da593445fa07e13571f6b504f_4ea03856ea934f77a2ab90767398b8b7_grande.jpg]
[www.haravan.com/products/chuoi-cua-hang-thoi-trang.html]
[product.hstatic.net/1000001117/product/6e78307b08ad45616786a7780a1c6a55_5a96b2f5455c4ab2a4129822d290ee46_6ed5810604254b6ca847c291abf7c4f8_grande.jpg]
[www.haravan.com/products/cua-hang-balo-tui-xach.html]
[product.hstatic.net/1000001117/product/313d867faed51acc5c52f6beb52e8618_c8719b55df6741feab062d5afa393823_0aa6bf928d1c4eff88741c93d9fbf3cd_grande.jpg]
[www.haravan.com/products/cua-hang-ban-giay-dep.html]
[product.hstatic.net/1000001117/product/7583030ad7c76a53b355b2364dbc840f_4d312d3635c74236ac16d975c7145afe_a2518b7c7d524c0489db159156e0e360_grande.jpg]
[www.haravan.com/products/cua-hang-ban-hoa-cay-canh.html]
[product.hstatic.net/1000001117/product/4468f06804481d6aaf124f667b8fc797_eee4c8fa3cd845c691cd6a8c050f5647_b02173e1a5e44d978920216dbe607584_grande.jpg]
[www.haravan.com/products/cua-hang-mat-kinh.html]
[product.hstatic.net/1000001117/product/b2eb6e9ce1df185bf8cb184ff769f4e9_efcfbfeb31c84d709e71cb6d5d3b9d1b_91ec8edc8c4c4138b209a17c9171aabd_grande.jpg]
[www.haravan.com/products/cua-hang-me-va-be.html]
[product.hstatic.net/1000001117/product/3ac148ee6ace27f1c7338ab3808fdc00_82338d73be8840f6ae273881190f6c9d_f8ed25487eb44f5989bad74f582785fe_grande.jpg]
[www.haravan.com/products/cua-hang-my-pham-lam-dep.html]
[product.hstatic.net/1000001117/product/dd99009b52770ffeb35ebec9184096e5_ae805abb521a4e34a4e31747557f9411_799461f63cd9444582658eecaf27c783_grande.jpg]
[www.haravan.com/products/cua-hang-nhac-cu-am-nhac.html]
[product.hstatic.net/1000001117/product/108cf3e6fb881375e9d552901dd0bab0_fb0a3a1f14364d39bac468e376fc903c_fb84af2836504fc397e7748d741a663a_grande.jpg]
[www.haravan.com/products/cua-hang-thoi-trang-nam.html]
[product.hstatic.net/1000001117/product/4db18ba013b3f5384017d5680d749ff7_33a3f18c7b83444ea0015521d06fb1d7_4c54aa4739a04c3a9fc9c6d83dd3c738_grande.jpg]
[www.haravan.com/products/cua-hang-thoi-trang-nu.html]
[product.hstatic.net/1000001117/product/pizza_271b3fbd0c114560939466edf2c331b7_0f752fd35e0f46eb82d821e3d1b1fc40_grande.png]
[www.haravan.com/products/dat-pizza.html]
[theme.hstatic.net/1000001117/1001120712/14/hr-crm-marketing-broadcast.scss9d62.css]
[theme.hstatic.net/1000001117/1001120712/14/hr-crm-marketing-omni-v1.scss9d62.css]
[theme.hstatic.net/1000001117/1001120712/14/hr-mkt-auto.scss9d62.css]
[theme.hstatic.net/1000001117/1001120712/14/hr-crm-marketing-report.scss9d62.css]
[theme.hstatic.net/1000001117/1001120712/14/hr-tiktok-v3.scss9d62.css]
[theme.hstatic.net/1000001117/1001120712/14/hrsocial-features_v1.1.scss9d62.css]
[theme.hstatic.net/1000001117/1001120712/14/hrsocial-mobileapp.scss9d62.css]
[www.haravan.com/pages/phan-mem-ban-hang-livestream3345.html]
[www.haravan.com/pages/facebook-reels3345.html]
[theme.hstatic.net/1000001117/1001120712/14/hr-auto-order.scss9d62.css]
[theme.hstatic.net/1000001117/1001120712/14/fontawesome-webfont683b.woff2]
[file.hstatic.net/1000001117/file/poster_video.png]
[theme.hstatic.net/1000001117/1001120712/14/hr-fb-live-shopping.scss9d62.css]
[theme.hstatic.net/1000001117/1001120712/14/hr-mkt-message-v1.scss9d62.css]
[file.hstatic.net/1000001117/file/ip_27f52a2c52574afaafd9efdb6490d162.png]
[file.hstatic.net/1000001117/file/mask_group-min_b879071309ed4015bcedb74811612e0a.png]
[theme.hstatic.net/1000001117/1001120712/14/hr-shop-mess-v2.scss9d62.css]
[file.hstatic.net/1000001117/file/bg_reels_e434d20c072645ee9b3e1363dbb1b2e8.png]
[file.hstatic.net/1000001117/file/bg_img-min_edc55404dfa24ec6bdee1eea4d396c5c.png]
[file.hstatic.net/1000001117/file/mask_group__1_-min_2121782d6ebf4a9784cc95bffd5e7fc1.png]
[file.hstatic.net/1000001117/file/mask_group__2_-min_2a9cf1d6628a4c9082d68a284919fe5d.png]
[file.hstatic.net/1000001117/file/dot-min_28ab3a834d8a4a67b1099f1f6f317e7d.png]
[theme.hstatic.net/1000001117/1001120712/14/hrsocial-reels.scss9d62.css]
[theme.hstatic.net/1000001117/1001120712/14/hr-hararetail-fashion.scss9d62.css]
[theme.hstatic.net/1000001117/1001120712/14/hr-hararetail-cosmetics.scss9d62.css]
[theme.hstatic.net/1000001117/1001120712/14/hr-hararetail-me-be.scss9d62.css]
[theme.hstatic.net/1000001117/1001120712/14/hr-hararetail-feature.scss9d62.css]
[file.hstatic.net/1000001117/file/tiktok-bgtop_968bdb94698748eab92c9abe7721c8c6.jpg]
[file.hstatic.net/1000001117/file/tiktok-banner-vector_d0e16691e9f74224926f9a4208e8dddd.png]
[file.hstatic.net/1000001117/file/tiktok-bg-bottom-min_d9add89d488b4c858d825779fe826a52.jpg]
[theme.hstatic.net/1000001117/1001120712/14/channels-tiktok_v1.2.scss9d62.css]
[theme.hstatic.net/1000001117/1001120712/14/channels-shopee_v1.2.scss9d62.css]
[theme.hstatic.net/1000001117/1001120712/14/hrvship-features.scss9d62.css]
[file.hstatic.net/1000001117/file/ship-pricing-vector_14aff0d073f543c1b5e217df65bebdff.png]
[file.hstatic.net/1000001117/file/ship-pricing-bg-bottom_d0ec33997abf40a196ab968a8afe8bfa.png]
[file.hstatic.net/1000001117/file/ship-pricing-insert_929659ca55224df1ab139dd5fae29c79.png]
[file.hstatic.net/1000001117/file/ship-pricing-bgprice_4602edfcb8874c209d99a11c026f633b.png]
[file.hstatic.net/1000001117/file/ship-pricing-vector-2_bf39707f0c2f4376a734d5dbaba91eab.png]
[file.hstatic.net/1000001117/file/ship-pricing-vector-1_f30d425fa55b4c5ca8150c2def33d22b.png]
[theme.hstatic.net/1000001117/1001120712/14/hrvship-pricing_v2.5.scss9d62.css]
[file.hstatic.net/1000001117/file/ship-promote-bg_3fc4e00370de48b6acfbea3aa85c1db7.jpg]
[file.hstatic.net/1000001117/file/sharefb-vnpost-min_3c0e2d23fe724ed3850cb9db75f7a108.png]
[file.hstatic.net/1000001117/file/vnpost-km-phone_c8fe8684615f43d8b2ca58bacfbac2f0.png]
[theme.hstatic.net/1000001117/1001120712/14/shipment-vnpost_v2.scss9d62.css]
[file.hstatic.net/1000001117/file/vnpost-km_f2cc2fe909bd47bc86d4c7f6d6977c17.png]
[file.hstatic.net/1000001117/file/vnpost-money-1_32a0bfdf391043eb8e732ed7dd644bbc.png]
[file.hstatic.net/1000001117/file/vnpost-money-2_5e299fae8e6a40848c138770c0333b8c.png]
[file.hstatic.net/1000001117/file/vnpost-banner_425e55d7ae2a4551b415843746ea68cb.png]
[www.haravan.com/pages/vnpost.html]
[www.haravan.com/pages/ahamove31d8.html]
[theme.hstatic.net/1000001117/1001120712/14/sfuitext-regular683b.woff]
[theme.hstatic.net/1000001117/1001120712/14/sfuitext-bold683b.woff]
[theme.hstatic.net/1000001117/1001120712/14/shipment-ghn_v1.2.scss9d62.css]
[theme.hstatic.net/1000001117/1001120712/14/sfuitext-medium683b.woff]
[file.hstatic.net/1000001117/file/momo-bgtop_ebca17cb6b524dc7af272b3809539ca8.jpg]
[file.hstatic.net/1000001117/file/momo-banner-bgintro_92aeff735cfe4cbea61e8a083b41c5ba.png]
[file.hstatic.net/1000001117/file/momo-banner-1-radient_c397dffa9cb64cbd8a37a7c9d862ce09.png]
[theme.hstatic.net/1000001117/1001120712/14/sfuitext-semibold683b.woff]
[file.hstatic.net/1000001117/file/momo-bg-flik_16acae11e2cb4af29ff27c4f2e66923e.jpg]
[theme.hstatic.net/1000001117/1001120712/14/payment-momo.scss9d62.css]
[file.hstatic.net/1000001117/file/momo-bg-form_94b6ea0be3824d7e918837460d5db0cf.jpg]
[file.hstatic.net/1000001117/file/shopeepay-circle_eafc2b95edaa4f72b0c48bdea26db57b.png]
[theme.hstatic.net/1000001117/1001120712/14/payment-shopeepay.scss9d62.css]
[file.hstatic.net/1000001117/file/zalopay-bg-top_0f97a02f150445ccac89c19303b2597c.jpg]
[theme.hstatic.net/1000001117/1001120712/14/payment-zalopay_v2.scss9d62.css]
[file.hstatic.net/1000001117/file/payoo-bg_9f4e135a26e8410b9148c5d2be3c59c1.png]
[file.hstatic.net/1000160341/file/img__1__605ad4d09b0a46d1a511198c9befd68c.jpg]
[theme.hstatic.net/1000001117/1001120712/14/payment-payoo.scss9d62.css]
[file.hstatic.net/1000001117/file/kredivo-bgtop_9b7d508c55614e85a84dec61f2fada06.jpg]
[file.hstatic.net/1000001117/file/kredivo-bgbottom_83b5f378df054635a94b7544d87994b1.jpg]
[theme.hstatic.net/1000001117/1001120712/14/payment-kredivo_v1.0.scss9d62.css]
[theme.hstatic.net/1000001117/1001120712/14/payment-fundiin.scss9d62.css]
[file.hstatic.net/1000001117/file/payment-aftee-shape_42386c4a0af14e5aa984bd6b57dfc825.png]
[file.hstatic.net/1000001117/file/payment-aftee-introbg_13267ebbabfb404eaeeccde65ef8c424.png]
[theme.hstatic.net/1000001117/1001120712/14/payment-aftee.scss9d62.css]
[theme.hstatic.net/1000001117/1001120712/14/fontawesome-webfont00c9.woff2]
[theme.hstatic.net/1000001117/1001120712/14/lotte-cnf.scss9d62.css]
[www.haravan.com/pages/viet-qr-mbbank.html]
[file.hstatic.net/1000001117/file/qr-bg.jpg]
[theme.hstatic.net/1000001117/1001120712/14/hr-viet-qr-mbbank.scss9d62.css]
[theme.hstatic.net/1000001117/1001120712/14/payment-guides.scss9d62.css]
[file.hstatic.net/1000001117/file/jtexpress-bgtop-min_72f37036e44b46cc9e893ac54106fc5e.jpg]
[file.hstatic.net/1000001117/file/jtexpress-group_4be6a0f8c5b94904bf3354f31cb59826.png]
[file.hstatic.net/1000001117/file/jtexpress-bgbottom-min_53d08841bc5941a680d3b728669378ef.png]
[theme.hstatic.net/1000001117/1001120712/14/shipment-jtexpress_v1.1.scss9d62.css]
[www.haravan.com/pages/popper.html]
[file.hstatic.net/1000001117/file/supership-bgtop_445010c8264a4cfdb41044982bf5aaf3.jpg]
[file.hstatic.net/1000001117/file/vnpost-bgbottom_999ee919c0ca4b0eb88fb94f045c5637.png]
[file.hstatic.net/1000001117/file/supership-light_5ecbf1fdcefb41acb021ed93dabf3545.png]
[file.hstatic.net/1000001117/file/rectangle_4_2x_1_d5a98a091be8427fb23d66f9d88563e3.png]
[theme.hstatic.net/1000001117/1001120712/14/shipment-supership-v1.1.scss9d62.css]
[file.hstatic.net/1000001117/file/vnpost-banner-bg_b7f687d36475401389f9ec32b12b314a.jpg]
[file.hstatic.net/1000001117/file/ninjavan-vector-bg_9097334bfe4b4ca3aa131d9db9165a17.png]
[theme.hstatic.net/1000001117/1001120712/14/shipment-ninjavan.scss9d62.css]
[theme.hstatic.net/1000001117/1001120712/14/hr-spx-express-v1.scss9d62.css]
[file.hstatic.net/1000001117/file/tikinow-bgright_43865eab0aa940caa1bd74fdcd40b716.png]
[file.hstatic.net/1000001117/file/tikinow-light_43835ee5cbac46ec941502a970980e7a.png]
[theme.hstatic.net/1000001117/1001120712/14/shipment-tikinow.scss9d62.css]
[theme.hstatic.net/1000001117/1001120712/14/sfuitext-regular4281.woff]
[file.hstatic.net/1000001117/file/shipment-logistics-bgtop_9b24ba9282544897a9925daa770a6f67.jpg]
[theme.hstatic.net/1000001117/1001120712/14/sfuitext-bold4281.woff]
[theme.hstatic.net/1000001117/1001120712/14/sfuitext-medium4281.woff]
[file.hstatic.net/1000001117/file/shipment-logistics-anime1920_60576becc156421f81d2dff7bdb344c8.png]
[theme.hstatic.net/1000001117/1001120712/14/shipment-lexvn.scss9d62.css]
[theme.hstatic.net/1000001117/1001120712/14/shipment-ahamove.scss9d62.css]
[file.hstatic.net/1000001117/file/grabexp-bgtop_852c84f2604b409182d14e742505e78f.jpg]
[theme.hstatic.net/1000001117/1001120712/14/sfuitext-semibold4281.woff]
[theme.hstatic.net/1000001117/1001120712/14/shipment-grabexpress_v1.3.scss9d62.css]
[file.hstatic.net/1000001117/file/cus-icon-more-mb.png]
[file.hstatic.net/1000001117/file/cus-icon-close-mb.png]
[file.hstatic.net/1000001117/file/cus-icon-close-modal.png]
[file.hstatic.net/1000001117/file/cus_arrow_down.png]
[theme.hstatic.net/1000001117/1001120712/14/hr-customer-article.scss9d62.css]
[file.hstatic.net/1000001117/file/paginate-icon.png]
[file.hstatic.net/1000001117/file/cus-icon-filter.png]
[file.hstatic.net/1000001117/file/cus-icon-search.png]
[theme.hstatic.net/1000001117/1001120712/14/hr-customer-blog.scss9d62.css]
[www.haravan.com/blogs/filter=.html]
[file.hstatic.net/1000001117/file/loading_f430f05a312344ddad49d18542f0daa1.gif]
[theme.hstatic.net/1000001117/1001120712/14/hr-onboarding-blog.scss9d62.css]
[file.hstatic.net/1000001117/file/icon-filter.png]
[www.haravan.com/blogs/window.location.html]
[theme.hstatic.net/1000001117/1001120712/14/article-video_v1.scss9d62.css]
[theme.hstatic.net/1000001117/1001120712/14/owl.video.play.html]
[connect.facebook.net/vi_VN/sdk.js]
[www.haravan.com/pages/giai-phap-gui-su-kien-chuyen-doi-tiktok-messaging-ads-haravan2034.html]
[www.haravan.com/pages/phan-mem-ban-hang-facebook-harasocial55d2.html]
[www.haravan.com/blogs/tin-tuc/haravan-tich-hop-thanh-cong-tiktokshop/index.html]
[www.haravan.com/pages/kbankde17.html]
[file.hstatic.net/1000001117/article/tabi5813_2_118f0d1df50749b6bc5a811fa55866df_1024x1024.jpg]
[file.hstatic.net/1000001117/file/tabi5813_1_eb76796d55f04f42932e35ca90ae2a39_grande.jpg]
[file.hstatic.net/1000001117/file/thuc_day_tmdt_-_haravan__1_7b8b00b466f34a75a9199aee1d34d4f6_grande.jpg]
[www.haravan.com/blogs/tin-tuc/haravan-best-solution-awards-2021.html]
[file.hstatic.net/1000001117/article/dsc07158_7f2bb5024c2c4be6be36da61b07f326c_1024x1024.jpg]
[file.hstatic.net/1000001117/file/dsc06831_f57fc2ebe0344fa08e3c22faa52b35a1_grande.jpg]
[file.hstatic.net/1000001117/file/dsc06645_8342617e3b5c4fc3a8440c45450b0f75_grande.jpg]
[www.haravan.com/omnichannelcf00.html]
[file.hstatic.net/1000001117/file/dsc07167_40928153675a477fb9621b970e1232b1_grande.jpg]
[file.hstatic.net/1000001117/file/dsc06743_d07390fc897e40679deab4a498ad74dc_grande.jpg]
[file.hstatic.net/1000001117/file/dsc07059_9328090fd74941d396ca9e709b0d3839_grande.jpg]
[file.hstatic.net/1000001117/file/dsc07027_9452e97d6fa249d99df694060e57b4d3_grande.jpg]
[file.hstatic.net/1000001117/file/dsc06620_e7f447e003cd43eca0539100c113963f_grande.jpg]
[file.hstatic.net/1000001117/file/46d4d71cbc71722f2b60_cef0862ae59745c9ac79daeeea6327d2_grande.jpg]
[www.haravan.com/blogs/tin-tuc/haravan-dong-hanh-cung-chuong-trinh-giao-thuong-doanh-nghiep-tp-da-nang-va-cac-tinh-tay-nguyen.html]
[file.hstatic.net/1000001117/article/hrv-store-750x390-2132022_8e2a8ba9bcfa47ee9346c4fe2611228d_1024x1024.jpg]
[file.hstatic.net/1000001117/file/hrvstr1_9afcac8e675c439ea5b465bdec08aec0_grande.png]
[file.hstatic.net/1000001117/file/hrvstr2_95f22ce1a81b4e64a61a53424b11aec9_grande.png]
[file.hstatic.net/1000001117/file/hrvstr3_636abec1a52c4051a7a8d3ad501f2062_grande.png]
[file.hstatic.net/1000001117/file/combo_c308a56a5b0f41a888e79abb155f46f3_grande.png]
[file.hstatic.net/1000001117/file/hrvstr4_6d69072edae545b5bacb4f4b2984565d_grande.png]
[www.haravan.com/blogs/tin-tuc/ra-mat-haravan-store-sieu-khuyen-mai-cho-san-pham-thiet-bi.html]
[file.hstatic.net/1000001117/article/haravan_cashback-promotion_750x390px__1__26596b97fdc04ef7aa66274e2920e904_1024x1024.jpg]
[file.hstatic.net/1000001117/file/070322-kbank-biz-loan-900_3a9a762217e241b99c77dda32697309f_grande.jpg]
[www.haravan.com/blogs/tin-tuc/chuong-trinh-uu-dai-doc-quyen-co-ngay-100-trieu-chi-trong-3-ngay-nhan-hoan-tien-len-den-1-trieu-dong.html]
[file.hstatic.net/1000001117/article/sn8t-1200x628-432022_f213299dae654a8f81f8a400f3ea621a_1024x1024.png]
[file.hstatic.net/1000001117/file/goi_giai_phap_a07c30a549fe45dd947bfb1c10105cfa_grande.jpg]
[file.hstatic.net/1000001117/file/hrv8years-ship_14dd292fe5244d3c99a99d90ca5bd1b6_1_e486bc7376504de7bf4c5ea3aa059b1d_grande.jpg]
[www.haravan.com/pages/kbank8cb2.html]
[file.hstatic.net/1000001117/file/hrv8years-pay_061aa464cc2142809d1e80d18b46eacf_1_7a9d499e4ddf4caab0247054e34b7af1_grande.jpg]
[file.hstatic.net/1000001117/file/220921-24-1200x628__4__1_89714022bd9c4927b887768d73f6e3ff_grande.jpg]
[file.hstatic.net/1000001117/file/image_218_61f2c14cb6b141ccbccc5b7b3ac5c213_grande.jpg]
[file.hstatic.net/1000001117/file/hn2021-tragop200_a795f5b2320a41d1915f17ec0a6cfa9b_3_3fc235565a444e35a8e6cca6e05abfbb_grande.jpg]
[www.haravan.com/googleshopping.html]
[www.haravan.com/blogs/tin-tuc/haravan-8-nam.html]
[file.hstatic.net/1000001117/article/kredivo_haravan_ce9b245bc96d4b9fa6ba680329002191_1024x1024.jpg]
[file.hstatic.net/1000001117/file/mr._huynh_lam_ho-ceo_haravan_3c761a9688a64c4386e1d2c0ef481103.png]
[file.hstatic.net/1000001117/file/screenshot_2022-02-25_102337_12d6156c96974eb1ad561ff1ac0d602b_grande.jpg]
[www.haravan.com/blogs/tin-tuc/kredivo-bat-tay-cung-haravan-giup-tang-30-doanh-so-cho-nha-ban-hang-nho-giai-phap-mua-truoc-tra-sau.html]
[www.haravan.com/pages/kredivoac0f.html]
[file.hstatic.net/1000001117/article/210222-1200x628-meta_178c0a42e64e4395b4e024eb1b7a1ce0_1024x1024.jpg]
[file.hstatic.net/1000192210/file/205767101_543872403658171_8299289091068248696_n_5b3625a2336c415196a583fcef5df097_2048x2048.jpg]
[file.hstatic.net/1000192210/file/screen_shot_2022-02-22_at_13.48.32_9312ee1a86f64f22b48c43502cc909a2_2048x2048.png]
[file.hstatic.net/1000192210/file/243121762_820075208642570_9188561139898900905_n_5784e4930ab44e6c9fc55167b38858c0_2048x2048.png]
[file.hstatic.net/1000192210/file/asset_9_2x-100_c7def732a48a4089a422b517ddb5dc63_2048x2048.jpg]
[www.haravan.com/blogs/tin-tuc/haravan-vinh-du-la-mot-trong-cac-doi-tac-kinh-doanh-cua-meta-2022.html]
[file.hstatic.net/1000001117/article/220921-24-1200x628__4__5723344d93e7442a9eb2ff3cc2e3198f_1024x1024.jpg]
[file.hstatic.net/1000192210/file/gss_9_2d84b3b7a7a143f69447ec391432ce8c_grande.png]
[file.hstatic.net/1000192210/file/button_1__2__f2715002465b45bbb5a292dab7e61412_grande.png]
[www.haravan.com/blogs/tin-tuc/nhan-hoan-tien-ngay-5-600-000-vnd-khi-khoi-tao-chien-dich-quang-cao-google-voi-haravan.html]
[file.hstatic.net/1000001117/article/hrv-1200-628_c9968eb0546b4f679c831b284808b09f_1024x1024.jpg]
[www.haravan.com/googleshopping2137.html]
[www.haravan.com/blogs/tin-tuc/haravan-vinh-du-duoc-tiep-tuc-la-doi-tac-google-xuat-sac-nam-2022-tai-viet-nam.html]
[file.hstatic.net/1000001117/article/250122-tet-1200x630_29129e848f244aaaa2d266336e583d6e_1024x1024.png]
[www.haravan.com/googleshoppingc39d.html]
[www.haravan.com/blogs/tin-tuc/thu-chuc-tet-va-thong-bao-lich-nghi-tet-nham-dan-2022.html]
[file.hstatic.net/1000001117/article/facebook_1200x628_98ad15ce64e5473b880b0c0307887072_1024x1024.png]
[www.haravan.com/blogs/tin-tuc/haravan-va-techcombank-hop-tac-ra-mat-giai-phap-vay-von-nhanh-khong-the-chap.html]
[file.hstatic.net/1000001117/article/banner_1200x630_311221_bf7d2c3330de462abf9de7b6920d62c4_1024x1024.png]
[www.haravan.com/finance9193.html]
[www.haravan.com/blogs/tin-tuc/chuc-mung-nam-moi-2022.html]
[file.hstatic.net/1000001117/article/haravan-kbank-1200x628__1__82c362539e5442f7a6f4cb4304a0e034_1024x1024.png]
[www.haravan.com/pages/kbank3afc.html]
[file.hstatic.net/1000001117/file/buttonkbank_a22e9b5aba104a589ab118fbd140ad67_grande.png]
[www.haravan.com/blogs/tin-tuc/giai-phap-vay-kinh-doanh-nhanh-chong-haravan-finance-lai-suat-uu-dai-voi-doi-tac-kbank.html]
[file.hstatic.net/1000001117/article/1200x628__1__903cedce79ba474da1d90bb7876584d2_1024x1024.png]
[www.haravan.com/financed45c.html]
[www.haravan.com/blogs/tin-tuc/ra-mat-giai-phap-vay-kinh-doanh-nhanh-haravan-finance-ho-tro-nguon-tai-chinh-cho-khach-hang-haravan.html]
[file.hstatic.net/1000001117/article/trung-ip13-hrv-moca-120x6280-13122021_3919ab71db9540fc80699755cdc85a1a_1024x1024.png]
[file.hstatic.net/1000001117/file/trung-ip13-hrv-moca-900x900-13122021-2__4__360821c684a14470b85a843395287df6.png]
[www.haravan.com/blogs/tin-tuc/ket-noi-grab-moca-tren-haravan-co-hoi-nhan-ngay-iphone-13-pro-max-cu.html]
[www.haravan.com/blogs/tin-tuc2679.html]
[www.haravan.com/blogs/tin-tuc/haravan-tp-hcm-lam-viec-remote-tu-ngay-26-03-05-04-2020.html]
[file.hstatic.net/1000001117/article/new_project__80__09cda3f31b87488a98471bfc668bd6cb_5263ef5483a944c29c14aa579cb6ea80_large.png]
[file.hstatic.net/1000001117/article/new_project__80__09cda3f31b87488a98471bfc668bd6cb_5263ef5483a944c29c14aa579cb6ea80.png]
[file.hstatic.net/1000001117/article/screen_shot_2020-01-20_at_1.41.57_pm_86589d4b52eb4b6599aa28c7c8a20913_large.png]
[www.haravan.com/blogs/tin-tuc/haravan-2019-nhin-lai-mot-nam-dong-hanh-cung-nguoi-kinh-doanh-day-tu-hao-1.html]
[file.hstatic.net/1000001117/article/screen_shot_2020-01-20_at_1.41.57_pm_86589d4b52eb4b6599aa28c7c8a20913.png]
[file.hstatic.net/1000001117/article/tich-_on-nhan-qua-fb_98b00d20662b4fb9b59d97ae80bd0205_large.jpg]
[www.haravan.com/blogs/tin-tuc/day-don-tu-dong-den-giao-hang-nhanh-tren-website-haravan-nhan-ngay-qua-khung.html]
[file.hstatic.net/1000001117/article/tich-_on-nhan-qua-fb_98b00d20662b4fb9b59d97ae80bd0205.jpg]
[file.hstatic.net/1000001117/article/1200x628__3__b98b5fd508924bffa38209988ad377ef_large.png]
[file.hstatic.net/1000001117/article/1200x628__3__b98b5fd508924bffa38209988ad377ef.png]
[www.haravan.com/blogs/tin-tuc/sieu-sale-black-friday-giam-den-25-tang-them-bo-qua-tang-tri-gia-2-400-000d-nam.html]
[file.hstatic.net/1000001117/article/img_4112_b7ea9dab76024b3baa88e468862146a3_large.jpg]
[www.haravan.com/blogs/tin-tuc/ky-ket-hop-tac-haravan-vpbank-nang-tam-50-000-dn-viet.html]
[file.hstatic.net/1000001117/article/img_4112_b7ea9dab76024b3baa88e468862146a3.jpg]
[file.hstatic.net/1000001117/article/img_5773_large.jpg]
[file.hstatic.net/1000001117/article/img_5773.jpg]
[file.hstatic.net/1000001117/article/chi_n_thu_t_b_n_combo_80a8d41cd85845ea9e8d6400ac57ee71_large.png]
[www.haravan.com/blogs/tin-tuc/toan-canh-forbes-tech-summit-2019.html]
[file.hstatic.net/1000001117/article/chi_n_thu_t_b_n_combo_80a8d41cd85845ea9e8d6400ac57ee71.png]
[www.haravan.com/blogs/tin-tuc/chatbot-summit-2019.html]
[www.haravan.com/blogs/tin-tuc/khuay-dong-mua-ban-hang-cuoi-nam.html]
[file.hstatic.net/1000001117/article/081118_bnfb1_large.png]
[file.hstatic.net/1000001117/article/081118_bnfb1.png]
[www.haravan.com/blogs/tin-tuc/maison-jsc-lua-chon-haravan.html]
[file.hstatic.net/1000001117/article/chi_n_thu_t_b_n_combo_6dbfbea3300a4c398c433747a6f9b3be_large.png]
[file.hstatic.net/1000001117/article/chi_n_thu_t_b_n_combo_6dbfbea3300a4c398c433747a6f9b3be.png]
[www.haravan.com/blogs/tin-tuc/tiem-nang-cho-nganh-franchise-va-ban-le.html]
[file.hstatic.net/1000001117/article/viet_large.png]
[file.hstatic.net/1000001117/article/viet.png]
[www.haravan.com/blogs/tin-tuc/biti-s-noi-gi-trong-hop-bao-haravan.html]
[file.hstatic.net/1000001117/article/1_large.png]
[file.hstatic.net/1000001117/article/1.png]
[www.haravan.com/blogs/tin-tuc/haravan-x-lazada-hoi-nghi-thuong-nien-nha-ban-hang-2018.html]
[file.hstatic.net/1000001117/article/chi_n_thu_t_b_n_combo__4__large.png]
[file.hstatic.net/1000001117/article/chi_n_thu_t_b_n_combo__4_.png]
[file.hstatic.net/1000001117/article/chi_n_thu_t_b_n_combo_8d64650ed9394bdc887ec0541895bf89_large.png]
[www.haravan.com/blogs/tin-tuc/chatbot-nguoi-ke-vi-hoan-hao-cua-email-marketing.html]
[file.hstatic.net/1000001117/article/chi_n_thu_t_b_n_combo_8d64650ed9394bdc887ec0541895bf89.png]
[www.haravan.com/blogs/tin-tuc/amzlink-giai-phap-cho-xuat-khau-thuong-mai-dien-tu.html]
[file.hstatic.net/1000001117/article/chi_n_thu_t_b_n_combo_0d299e755fd14ee6ae142153641e8dd4_large.png]
[file.hstatic.net/1000001117/article/chi_n_thu_t_b_n_combo_0d299e755fd14ee6ae142153641e8dd4.png]
[file.hstatic.net/1000001117/article/bot-tu-dong-tuong-tac-voi-khach-hang-xu-huong-tiep-thi-truc-tuyen-2018_large.png]
[www.haravan.com/blogs/tin-tuc/chatbot-tu-dong-tuong-tac-voi-khach-hang-xu-huong-tiep-thi-truc-tuyen-2018.html]
[file.hstatic.net/1000001117/article/bot-tu-dong-tuong-tac-voi-khach-hang-xu-huong-tiep-thi-truc-tuyen-2018.png]
[www.haravan.com/blogs/tin-tucfdb0.html]
[file.hstatic.net/1000001117/article/291121-socical2-1200x628_d445b5f4c2414870b9559d51ed1039b1_1024x1024.jpg]
[file.hstatic.net/1000001117/file/hrsocial-900x900-25112021_3da0c93c2468487cbf157e57dbad2369_grande.png]
[file.hstatic.net/1000001117/file/261121_00692895f7ca4d34b6c03b84da64f938_grande.png]
[file.hstatic.net/1000001117/file/151121-900-26_6c2eeb0b1d4045b88f7630c06045b557_grande.jpg]
[www.haravan.com/blogs/tin-tuc/moi-ra-mat-ung-dung-chat-chot-don-moi-luc-moi-noi-harasocial.html]
[file.hstatic.net/1000001117/article/pay-hop-tac-cung-haravan-ra-mat-giai-phap-thanh-toan-mua-truoc-tra-sau_d6dd00baec6f472d8854cfb7323e3992_1024x1024.png]
[file.hstatic.net/1000001117/file/cach-thuc-hoat-dong-reepay_481a282da80e4a7bba96eb18a4aaaa15.png]
[file.hstatic.net/1000001117/file/dragan-bozic-ceo_ree-pay_bd1ac09b47334cfea3371a03d06d452c.jpg]
[file.hstatic.net/1000001117/file/huynh-lam-ho-ceo-haravan_3160636ac3c046db9fc07eb4ace42530.png]
[www.haravan.com/blogs/tin-tuc/ree-pay-hop-tac-cung-haravan-ra-mat-giai-phap-thanh-toan-mua-truoc-tra-sau.html]
[file.hstatic.net/1000001117/article/160721-grab5_4a5bcfe91eba4ff19b8c0c2ecf3f2463_1024x1024.png]
[file.hstatic.net/1000192210/file/muangaycompressport_de1a5597c42c4740ac93d6a6147af572_grande.png]
[file.hstatic.net/1000192210/file/010721-grab1-1200x628_ebcfd396cea84cca8ec0da40b8fdd292_grande.png]
[www.haravan.com/blogs/tin-tuc/chuong-trinh-hoan-tien-30k-qua-vi-moca-grab-khi-mua-sam-tai-15-sop-xi.html]
[file.hstatic.net/1000001117/article/010721-grab1-1200x628_36e1a766b4ff45ba8ff3ec55810a439a_1024x1024.png]
[file.hstatic.net/1000192210/file/moca-act-vn-step-2-home-page-moca_8c59d212acc14a34b3b4d7c931a53fc2_grande.png]
[file.hstatic.net/1000192210/file/gif-vn-moca_9191a86e6e6b46989519e884b07163af_1024x1024_3f5e0d3250b94f7194f6a55f01e538fd_grande.gif]
[file.hstatic.net/1000192210/file/010721-grab1-900_a863d017029f46ffa307a631cc1b1efa_grande.png]
[www.haravan.com/blogs/tin-tuc/update-chinh-thuc-tich-hop-vi-moca-grab-tren-haravan.html]
[file.hstatic.net/1000001117/article/050321-sn1__1__f422c0aa767e4a968f9f2c46f12de9de_1024x1024.jpg]
[file.hstatic.net/1000001117/file/ggshopping-btn_db18701aa9ac4f75ac143cb9dc082b92_grande.png]
[www.haravan.com/blogs/tin-tuc/bung-no-uu-dai-mung-sinh-nhat-haravan-7-tuoi.html]
[file.hstatic.net/1000001117/article/haravan_google_casestudy_f03dd419da584d18a39282a37ab69c5a_1024x1024.png]
[file.hstatic.net/1000001117/file/haravan_google_casestudy_0723e4a9d8cf4e7498ee26a306a7eb16_1024x1024.png]
[file.hstatic.net/1000001117/file/haravan_casestudy_8f55e7075cc645a694f1ae048097a44c_1024x1024.jpg]
[file.hstatic.net/1000001117/file/haravan_google_retail_7e4d7e0ccdc54a67b183f0ddc461b2c4_grande.png]
[file.hstatic.net/1000001117/file/button_98bb03bd80c648d49d4b1d5555eec9db_grande.png]
[www.haravan.com/blogs/tin-tuc/haravan-vinh-du-duoc-google-cloud-chon-lam-case-study-cho-giai-phap-co.html]
[file.hstatic.net/1000001117/article/haravan-jtexpress_9995a7194f2b47229db73755ff53adb3_1024x1024.jpg]
[file.hstatic.net/1000001117/file/pasted_image_0__13__04198ced4780452e834be8f01be73d45_grande.png]
[www.haravan.com/indexce52.html]
[www.haravan.com/blogs/tin-tuc/j-t-express-bat-tay-haravan-tich-hop-nhieu-tien-ich-cong-nghe-cho-ng.html]
[file.hstatic.net/1000001117/article/1200x628-2_79e8a4483e9f4767b5a6dbe1b2adeb2f_1024x1024.png]
[www.haravan.com/shipfd9d.html]
[file.hstatic.net/1000001117/file/dhl1_288f7a8729bf4ce083992e7bcda13861_1024x1024.jpg]
[file.hstatic.net/1000001117/file/dhl2_85d42137a8e248cf898df64427334f53_1024x1024.jpg]
[www.haravan.com/pages/dhlf63f.html]
[file.hstatic.net/1000001117/file/dhl3_8c04c03e7c064505a25f9d742ff5879f_1024x1024.jpg]
[www.haravan.com/shipf63f.html]
[file.hstatic.net/1000001117/file/dang-ky-ngay-button-6a00_e37f4b5acc454bddbd16aadcd91d3c00_grande.png]
[www.haravan.com/blogs/tin-tuc/chon-dhl-tren-haravan-nhan-uu-dai-van-chuyen-dong-gia-tu-16-000d-ta.html]
[file.hstatic.net/1000001117/article/1200x628__9__d633f1b0296147a3961acfba1cb5c50b_1024x1024.png]
[file.hstatic.net/1000001117/file/price_aha__1__c2b3314b14824eb6a0826fa2120ea954_1024x1024.jpg]
[file.hstatic.net/1000001117/file/capture__8__e81230373f2142a7b96154a5da2c6bc3_grande.jpg]
[file.hstatic.net/1000001117/file/ship_71502f2a5c8c4d84bd07e14ff383387f_1024x1024.jpg]
[www.haravan.com/ship396a.html]
[file.hstatic.net/1000001117/file/capture_f4b0c2c5c51e4c46b2ab559123dd0fcb_grande.jpg]
[www.haravan.com/blogs/tin-tuc/chon-ahamove-tren-haravan-giao-noi-thanh-sieu-toc-chi-tu-8-000d.html]
[file.hstatic.net/1000001117/article/retail-university-1200x720__1__d3a9a273c62348c588358ee8f869ef56_1024x1024.png]
[www.haravan.com/blogs/su-kien/haravan-tu-hao-dong-to-chuc-khoa-dao-tao-chuyen-nghiep-retail-universi.html]
[file.hstatic.net/1000001117/file/event-gg_39e96a2d3d8c437ab76981a01e45d382_1024x1024.png]
[static.xx.fbcdn.net/images/emoji.php/v9/t32/1/16/1f516.png]
[www.haravan.com/blogs/tin-tuc/retail-university-chuoi-dao-tao-chuyen-nghiep-cho-nha-kinh-doanh.html]
[file.hstatic.net/1000001117/article/1200x628__7__83304724d1d84f209e822c0a8f3fc533_1024x1024.png]
[file.hstatic.net/1000192210/file/capture_82e1c32343214d269ea58c0500b11fb4_grande.png]
[www.haravan.com/blogs/tin-tuc/the-coffee-house-va-haravan-vinh-du-duoc-facebook-lua-chon-lam-case-study-ve-social-commerce.html]
[file.hstatic.net/1000001117/article/231020-fn_ca9be4b3fb644c0e9b405242e93e7857_021c0a6d044b4204a69d0579757b9068_1024x1024.png]
[www.haravan.com/blogs/tin-tuc/google-ho-tro-nha-ban-le-viet-dang-ban-san-pham-mien-phi-voi-google-shopping-va-haravan.html]
[www.haravan.com/blogs/tin-tuc/chon-supership-freeship-10-don-dong-gia-25-000d-tang-haravan-ship.html]
[www.haravan.com/blogs/tin-tuc/dong-gia-24k-giao-hang-toan-quoc-voi-best-express-haravan.html]
[www.haravan.com/blogs/tin-tuc/chon-ghn-tren-haravan-dong-gia-16-500-tang-haravan-ship.html]
[www.haravan.com/blogs/tin-tuc/su-dung-trai-nghiem-mot-so-tinh-nang-cua-san-pham-haravan-tren-gian-hang-trai-nghiem.html]
[www.haravan.com/blogs/tin-tuc/huong-dan-su-dung-link-ref-link-gioi-thieu-de-chia-se-thong-tin-voi-khach-hang.html]
[www.haravan.com/blogs/tin-tuc/ket-noi-tu-dong-nha-van-chuyen-toi-uu-hoa-thoi-gian-kinh-doanh-online.html]
[www.haravan.com/blogs/tin-tuc/quan-ly-van-chuyen-hieu-qua-voi-ung-dung-shipping-man.html]
[www.haravan.com/blogs/tin-tuc/ban-hang-tren-website-hoac-blog-voi-haravan-widget.html]
[www.haravan.com/blogs/su-kien/haravan-foodex-2025-giai-phap-ban-hang-da-kenh.html]
[www.haravan.com/blogs/su-kien/haravan-co-mat-tai-su-kien-ceo-va-cmo-summit-2025.html]
[www.haravan.com/blogs/su-kien/haravan-tai-hoi-cho-hang-viet-nam-tieu-bieu-xuat-khau-2025]
[www.haravan.com/blogs/su-kien/su-kien-shoppertainment-on-tiktok-2025-tang-truong-kinh-doanh-phu-rong-thuong-hieu-cho-nha-kinh-doanh-moi]
[www.haravan.com/blogs/su-kien/haravan-dong-hanh-cung-vdca-conference-2024]
[www.haravan.com/blogs/su-kien/haravan-co-mat-tai-su-kien-tet-to-the-top]
[www.haravan.com/blogs/su-kien/cung-haravan-khoi-dong-tet-to-the-top]
[www.haravan.com/blogs/su-kien/workshop-meta-live-shopping-reels-in-action-with-haravan]
[www.haravan.com/blogs/su-kien/haravan-dong-hanh-cung-su-kien-mma-impact-vietnam-2024]
[www.haravan.com/blogs/su-kien/haravan-dong-hanh-cung-su-kien-dot-pha-doanh-so-thuong-mai-dien-tu-da-kenh]
[www.haravan.com/blogs/su-kien/haravan-tai-su-kien-meta-live-in-action]
[www.haravan.com/blogs/su-kien/haravan-dong-hanh-cung-mma-impact-2024]
[www.haravan.com/blogs/su-kien4658]
[www.haravan.com/blogs/su-kien9ba9]
[www.haravan.com/blogs/su-kience37]
[theme.hstatic.net/1000001117/1001120712/14/global-partner-v1.3.scss9d62.css]
[www.haravan.com/cdn-cgi/l/email-protection]
[vtv1.mediacdn.vn/thumb_w/640/2021/6/16/haravan-1-1623852539407164510885.html]
[vtv1.mediacdn.vn/thumb_w/640/2021/6/16/haravan-2-1623853020742793592554.html]
[vtv1.mediacdn.vn/2021/6/16/haravan-3-16238532007631369658110.html]
[vtv1.mediacdn.vn/2021/6/16/haravan-4-1623853669860486543970.html]
[www.haravan.com/blogs/bao-chi/1000090828-chuong-trinh-10p-cap-nhat-kinh-doanh-online-de-that-bai-neu-thieu-von-yeu-ki-nang-cong-nghe.html]
[www.haravan.com/blogs/bao-chi/1000058065-su-khac-biet-cua-haravan.html]
[www.haravan.com/blogs/bao-chi/1000058055-haravan-chinh-thuc-mang-cong-cu-quan-ly-ban-hang-tren-facebook-bac-tien.html]
[www.haravan.com/blogs/bao-chi/1000055434-thi-truong-si-haravan-kiotviet-moi-duyen-kinh-doanh-online-va-offline.html]
[www.haravan.com/blogs/bao-chi/1000033068-haravan-vietnam-s-shopify-eats-the-real-shopify-for-lunch.html]
[www.haravan.com/blogs/bao-chi/1000026364-seedcom-vn-is-a-new-fund-that-hints-at-vietnam-s-maturing-startup-market.html]
[www.haravan.com/blogs/bao-chi/1000023925-kinh-doanh-kieu-haravan.html]
[www.haravan.com/blogs/bao-chi2679.html]
[file.hstatic.net/1000033225/file/video-img-1-min.html]
[file.hstatic.net/1000033225/file/video-img-2-min.html]
[file.hstatic.net/1000033225/file/video-img-3-min.html]
[file.hstatic.net/1000033225/file/video-img-4-min.html]
[file.hstatic.net/1000033225/file/video-img-5-min.html]
[file.hstatic.net/1000033225/file/video-img-6-min.html]
[file.hstatic.net/1000033225/file/video-img-7-min.html]
[file.hstatic.net/1000033225/file/video-img-8-min.html]
[file.hstatic.net/1000033225/file/video-img-9-min.html]
[file.hstatic.net/1000033225/file/video-img-10-min.html]
[file.hstatic.net/1000033225/file/video-img-11-min.html]
[theme.hstatic.net/1000033225/1000999465/14/sfuitext-medium-italic.html]
[theme.hstatic.net/1000033225/1000999465/14/sfuitext-semibold-italic.html]
[theme.hstatic.net/1000001117/1001120712/14/finance-kbank_v1.1.scss9d62.css]
[theme.hstatic.net/1000001117/1001120712/14/finance-validus.scss9d62.css]
[hstatic.net/0/0/global/design/haravan/h_font/brandonnew/brandontext-font.min.css]
[theme.hstatic.net/1000001117/1001120712/14/global-mobile-app9d62.css]
[www.haravan.com/products/cua-hang-ban-ao-thun.html]
[file.hstatic.net/1000001117/file/play_bc5fb9fe47794b6f8e45a43395c6637b.html]
[theme.hstatic.net/1000001117/1001120712/14/shipment-vnpost_v2.scss9d62.css]
[file.hstatic.net/1000001117/file/vnpost-km_d27927e38f7448b2a60fadaaf136fcaf.html]
[www.haravan.com/omnichannelcf00.html]
[www.haravan.com/pages/kbank8cb2.html]
[www.haravan.com/googleshopping.html]
[www.haravan.com/pages/kredivoac0f.html]
[www.haravan.com/googleshopping2137.html]
[www.haravan.com/googleshoppingc39d.html]
[www.haravan.com/finance9193.html]
[www.haravan.com/pages/kbank3afc.html]
[www.haravan.com/financed45c.html]
[www.haravan.com/blogs/tin-tuc/haravan-tp-hcm-lam-viec-remote-tu-ngay-26-03-05-04-2020.html]
[www.haravan.com/blogs/tin-tuc/haravan-2019-nhin-lai-mot-nam-dong-hanh-cung-nguoi-kinh-doanh-day-tu-hao-1.html]
[www.haravan.com/blogs/tin-tuc/day-don-tu-dong-den-giao-hang-nhanh-tren-website-haravan-nhan-ngay-qua-khung.html]
[www.haravan.com/blogs/tin-tuc/sieu-sale-black-friday-giam-den-25-tang-them-bo-qua-tang-tri-gia-2-400-000d-nam.html]
[www.haravan.com/blogs/tin-tuc/ky-ket-hop-tac-haravan-vpbank-nang-tam-50-000-dn-viet.html]
[www.haravan.com/blogs/tin-tuc/toan-canh-forbes-tech-summit-2019.html]
[file.hstatic.net/1000001117/article/img_5773.jpg]
