[lemondigital.vn/index.html]
[backblue.gif]
[fade.gif]
[index.html]
[lemondigital.vn/wp-content/themes/hello-elementor/theme.minccfb.css]
[lemondigital.vn/feed/index.html]
[lemondigital.vn/wp-content/uploads/elementor/css/custom-frontend.min91a6.css]
[lemondigital.vn/wp-content/plugins/essential-addons-for-elementor-lite/assets/front-end/css/view/general.mine35d.css]
[lemondigital.vn/comments/feed/index.html]
[lemondigital.vn/wp-content/uploads/essential-addons-elementor/eael-100a16.css]
[lemondigital.vn/wp-content/plugins/woocommerce/assets/css/woocommerce-layout8d49.css]
[lemondigital.vn/wp-content/plugins/woocommerce/assets/css/woocommerce-smallscreen8d49.css]
[lemondigital.vn/wp-content/plugins/woocommerce/assets/css/woocommerce8d49.css]
[lemondigital.vn/wp-content/plugins/woocommerce/assets/css/brands8d49.css]
[lemondigital.vn/wp-content/themes/hello-elementor/style.minccfb.css]
[lemondigital.vn/wp-content/themes/hello-elementor/header-footer.minccfb.css]
[lemondigital.vn/wp-content/uploads/elementor/css/post-691a6.css]
[lemondigital.vn/wp-content/plugins/elementor/assets/css/widget-image.min20c8.css]
[lemondigital.vn/wp-content/uploads/elementor/css/custom-pro-widget-nav-menu.min91a6.css]
[lemondigital.vn/wp-content/plugins/elementor/assets/lib/animations/styles/e-animation-skew.min20c8.css]
[lemondigital.vn/wp-content/plugins/elementor/assets/css/widget-heading.min20c8.css]
[lemondigital.vn/wp-content/plugins/elementor/assets/css/widget-social-icons.min20c8.css]
[lemondigital.vn/wp-content/uploads/elementor/css/custom-apple-webkit.min91a6.css]
[lemondigital.vn/wp-content/uploads/elementor/css/custom-widget-icon-list.min91a6.css]
[lemondigital.vn/wp-content/plugins/elementor-pro/assets/css/widget-form.mind92b.css]
[lemondigital.vn/wp-content/plugins/elementor/assets/css/widget-spacer.min20c8.css]
[lemondigital.vn/wp-content/plugins/jet-elements/assets/css/jet-elements32bb.css]
[lemondigital.vn/wp-content/plugins/jet-elements/assets/css/jet-elements-skin32bb.css]
[lemondigital.vn/wp-content/plugins/elementor/assets/lib/font-awesome/css/all.min20c8.css]
[lemondigital.vn/wp-content/plugins/elementor/assets/lib/font-awesome/css/v4-shims.min20c8.css]
[lemondigital.vn/wp-content/plugins/elementor/assets/lib/swiper/v8/css/swiper.min94a4.css]
[lemondigital.vn/wp-content/plugins/elementor/assets/css/conditionals/e-swiper.min20c8.css]
[lemondigital.vn/wp-content/plugins/elementor/assets/css/widget-image-carousel.min20c8.css]
[lemondigital.vn/wp-content/plugins/elementor/assets/lib/animations/styles/fadeInDown.min20c8.css]
[lemondigital.vn/wp-content/plugins/elementor/assets/lib/animations/styles/fadeInUp.min20c8.css]
[lemondigital.vn/wp-content/plugins/elementor/assets/css/widget-video.min20c8.css]
[lemondigital.vn/wp-content/plugins/elementor/assets/lib/animations/styles/fadeInLeft.min20c8.css]
[lemondigital.vn/wp-content/plugins/elementor/assets/lib/animations/styles/fadeInRight.min20c8.css]
[lemondigital.vn/wp-content/plugins/elementor/assets/lib/animations/styles/slideInLeft.min20c8.css]
[lemondigital.vn/wp-content/plugins/elementor/assets/lib/animations/styles/slideInRight.min20c8.css]
[lemondigital.vn/wp-content/plugins/elementor-pro/assets/css/widget-nested-carousel.mind92b.css]
[lemondigital.vn/wp-content/plugins/elementor/assets/css/widget-divider.min20c8.css]
[lemondigital.vn/wp-content/plugins/elementor-pro/assets/css/widget-gallery.mind92b.css]
[lemondigital.vn/wp-content/plugins/elementor/assets/lib/e-gallery/css/e-gallery.min7359.css]
[lemondigital.vn/wp-content/plugins/elementor-pro/assets/css/conditionals/transitions.mind92b.css]
[lemondigital.vn/wp-content/plugins/elementor/assets/lib/animations/styles/bounceInRight.min20c8.css]
[lemondigital.vn/wp-content/plugins/elementor/assets/lib/animations/styles/slideInUp.min20c8.css]
[lemondigital.vn/wp-content/plugins/elementor/assets/lib/animations/styles/bounceInUp.min20c8.css]
[lemondigital.vn/wp-content/uploads/elementor/css/post-106603.css]
[lemondigital.vn/wp-content/uploads/elementor/css/post-30912b.css]
[lemondigital.vn/wp-content/uploads/elementor/css/post-79912b.css]
[lemondigital.vn/wp-includes/js/jquery/jquery.minf43b.js]
[lemondigital.vn/wp-includes/js/jquery/jquery-migrate.min5589.js]
[lemondigital.vn/wp-content/plugins/woocommerce/assets/js/jquery-blockui/jquery.blockUI.mina80b.js]
[lemondigital.vn/wp-content/plugins/woocommerce/assets/js/frontend/add-to-cart.min8d49.js]
[lemondigital.vn/wp-content/plugins/woocommerce/assets/js/js-cookie/js.cookie.min1480.js]
[lemondigital.vn/wp-content/plugins/elementor/assets/lib/font-awesome/js/v4-shims.min20c8.js]
[lemondigital.vn/wp-json/index.html]
[lemondigital.vn/wp-json/wp/v2/pages/10.json]
[lemondigital.vn/wp-json/oembed/1.0/embedb225.json]
[lemondigital.vn/wp-json/oembed/1.0/embed77e7]
[lemondigital.vn/wp-content/uploads/2024/12/cropped-lemonpng11-32x32.png]
[lemondigital.vn/wp-content/uploads/2024/12/cropped-lemonpng11-192x192.png]
[lemondigital.vn/wp-content/uploads/2024/12/cropped-lemonpng11-180x180.png]
[lemondigital.vn/wp-content/uploads/2024/12/LOGO-2-1-1.png]
[lemondigital.vn/wp-content/uploads/2024/12/White-Logo.png]
[lemondigital.vn/wp-content/uploads/2024/12/gg.png]
[lemondigital.vn/wp-content/uploads/2025/02/dotac1.webp]
[lemondigital.vn/ve-chung-toi/index.html]
[lemondigital.vn/wp-content/uploads/2025/02/doitac2.webp]
[lemondigital.vn/wp-content/uploads/2025/02/doitacmb1.webp]
[lemondigital.vn/nang-luc-cua-chung-toi/index.html]
[lemondigital.vn/van-de-chung-toi-giai-quyet/index.html]
[lemondigital.vn/gia-tri-cua-chung-toi/index.html]
[lemondigital.vn/wp-content/uploads/2025/02/doitacmb2.webp]
[lemondigital.vn/dich-vu/index.html]
[lemondigital.vn/tai-nang/index.html]
[lemondigital.vn/tin-tuc/index.html]
[lemondigital.vn/category/kien-thuc-tiktok/index.html]
[lemondigital.vn/category/kien-thuc-shopee/index.html]
[lemondigital.vn/category/kien-thuc-amazon/index.html]
[lemondigital.vn/category/su-kien/index.html]
[lemondigital.vn/wp-content/uploads/2025/02/doitacmb3.webp]
[lemondigital.vn/wp-content/uploads/2025/02/doitacmb4.webp]
[lemondigital.vn/wp-content/uploads/2025/02/dotacmb5.webp]
[lemondigital.vn/wp-content/uploads/2025/02/doitacmb6.webp]
[lemondigital.vn/wp-content/uploads/2024/12/Thum.png]
[lemondigital.vn/wp-content/uploads/2024/12/hjhjhj-1.webp]
[lemondigital.vn/wp-content/uploads/2024/12/vh-e-com.webp]
[lemondigital.vn/wp-content/uploads/2024/12/dich-vu-quang-cao.webp]
[lemondigital.vn/wp-content/uploads/2024/12/group-29-1.webp]
[lemondigital.vn/wp-content/uploads/2024/12/group-31.webp]
[lemondigital.vn/wp-content/uploads/2024/12/dv3.webp]
[lemondigital.vn/setup-gian-hang/index.html]
[lemondigital.vn/wp-content/uploads/2024/12/group-33.webp]
[lemondigital.vn/tu-van-tang-truong-da-san-ecommerce/index.html]
[lemondigital.vn/van-hanh-da-san-ecommerce/index.html]
[lemondigital.vn/van-hanh-livestream-da-nen-tang/index.html]
[lemondigital.vn/wp-content/uploads/2024/12/group-34-1.webp]
[lemondigital.vn/quang-cao-ecommerce-da-san/index.html]
[lemondigital.vn/wp-content/uploads/2024/12/group-36-1.webp]
[lemondigital.vn/san-xuat-video-da-nen-tang/index.html]
[lemondigital.vn/wp-content/uploads/2024/12/polo-scaled.webp]
[lemondigital.vn/wp-content/uploads/2024/12/lemonade-scaled.png]
[lemondigital.vn/wp-content/uploads/2024/12/gv-scaled.webp]
[lemondigital.vn/wp-content/uploads/2024/12/shondo-scaled.webp]
[lemondigital.vn/wp-content/uploads/2024/12/1.-12.12.2023-scaled.png]
[lemondigital.vn/wp-content/uploads/2024/12/2.-24.12.2023.png]
[lemondigital.vn/wp-content/uploads/2024/12/3.-T3_2024.png]
[lemondigital.vn/wp-content/uploads/2024/12/4.-082024-Lemon-Xep-Hang.png]
[lemondigital.vn/wp-content/uploads/2024/12/5.-Q3_2024-Dien-Tu.jpg]
[lemondigital.vn/wp-content/uploads/2024/12/6.-H1_2024.png]
[lemondigital.vn/wp-content/uploads/2024/12/7.-showcase-Gearvn.png]
[lemondigital.vn/wp-content/uploads/2025/03/Thiết-kế-chưa-có-tên-1.webp]
[lemondigital.vn/wp-content/uploads/2024/12/8.-T5_2024-scaled.png]
[lemondigital.vn/wp-content/uploads/2024/12/Shopee-5.5.png]
[lemondigital.vn/wp-content/uploads/2024/12/10.-T7_2024-scaled.jpg]
[lemondigital.vn/wp-content/uploads/2024/12/11.-T8_2024.jpg]
[lemondigital.vn/wp-content/uploads/2024/12/12.-T9_2024-scaled.png]
[lemondigital.vn/wp-content/uploads/2024/12/13.-T10_2024.jpg]
[lemondigital.vn/wp-content/uploads/2024/12/14.-T11_2024.jpg]
[lemondigital.vn/wp-content/uploads/2024/12/9.-Chuoi-xep-hang-vang-scaled.png]
[lemondigital.vn/wp-content/uploads/2025/03/Thiết-kế-chưa-có-tên_1.webp]
[lemondigital.vn/wp-content/uploads/2024/12/1.-12.12.2023.png]
[lemondigital.vn/wp-content/uploads/2025/07/tiktok2.png]
[lemondigital.vn/wp-content/uploads/2025/07/shopee2.jpg]
[lemondigital.vn/wp-content/uploads/2025/03/IMG_9756.png]
[lemondigital.vn/giai-thuong-cua-lemon-digital/index.html]
[lemondigital.vn/wp-content/uploads/2024/12/TEXT_MESSAGE-1.png]
[lemondigital.vn/wp-content/uploads/2024/12/UI_BAR.png]
[lemondigital.vn/wp-content/uploads/2024/12/Ellipse-27.png]
[lemondigital.vn/wp-content/uploads/2024/12/Ellipse-27-1.png]
[lemondigital.vn/wp-content/uploads/2024/12/Ellipse-27-2.png]
[lemondigital.vn/wp-content/uploads/2024/12/Ellipse-27-3.png]
[lemondigital.vn/wp-content/uploads/2024/12/Ellipse-27-4.png]
[lemondigital.vn/wp-content/uploads/2024/12/Ellipse-27-5.png]
[lemondigital.vn/wp-content/uploads/2024/12/NMT.jpg]
[lemondigital.vn/wp-content/uploads/2024/12/z4456554140497_9263704c18a2c51ad2c4a92a8a456422-1024x1024-1.webp]
[lemondigital.vn/wp-content/uploads/2024/12/348865834_1717735988679365_323405904007060824_n.webp]
[lemondigital.vn/wp-content/uploads/2024/12/1-1-scaled-scaled.webp]
[lemondigital.vn/wp-content/uploads/2024/12/2-1-scaled-scaled.webp]
[lemondigital.vn/wp-content/uploads/2025/01/dsfix-1-scaled.webp]
[lemondigital.vn/wp-content/uploads/2024/12/ds6-scaled.webp]
[lemondigital.vn/wp-content/uploads/2024/12/ds3-scaled-scaled.webp]
[lemondigital.vn/wp-content/uploads/2024/12/ds4-scaled-scaled.webp]
[lemondigital.vn/wp-content/uploads/2024/12/ds5-scaled.webp]
[lemondigital.vn/wp-content/uploads/2025/01/dsfix-2-scaled.webp]
[lemondigital.vn/wp-content/uploads/2025/08/H3-1-scaled.png]
[lemondigital.vn/wp-content/uploads/2025/08/H1-1-scaled.png]
[lemondigital.vn/wp-content/uploads/2025/08/H2-1-scaled.png]
[lemondigital.vn/wp-content/uploads/2024/12/ds7-scaled.webp]
[lemondigital.vn/wp-content/uploads/2024/12/ds8-scaled.webp]
[lemondigital.vn/wp-content/uploads/2024/12/ds9-scaled.webp]
[lemondigital.vn/wp-content/uploads/2024/12/ds10-scaled.webp]
[lemondigital.vn/wp-content/uploads/2024/12/ds11.webp]
[lemondigital.vn/wp-content/uploads/2024/12/ds12.webp]
[lemondigital.vn/wp-content/uploads/2024/12/ds13.webp]
[lemondigital.vn/wp-content/uploads/2024/12/ds14.webp]
[lemondigital.vn/wp-content/uploads/2025/08/H7-1-scaled.png]
[lemondigital.vn/wp-content/uploads/2025/08/H4-1-scaled.png]
[lemondigital.vn/wp-content/uploads/2025/08/H5-1-scaled.png]
[lemondigital.vn/wp-content/uploads/2025/08/H6-1-scaled.png]
[lemondigital.vn/wp-content/uploads/2024/12/ds15.webp]
[lemondigital.vn/wp-content/uploads/2024/12/ds16.webp]
[lemondigital.vn/wp-content/uploads/2024/12/dsk17.webp]
[lemondigital.vn/wp-content/uploads/2024/12/ds18.webp]
[lemondigital.vn/wp-content/uploads/2024/12/ds19.webp]
[lemondigital.vn/wp-content/uploads/2024/12/ds20.webp]
[lemondigital.vn/wp-content/uploads/2025/08/H10-1-scaled.png]
[lemondigital.vn/wp-content/uploads/2025/08/H11-1-scaled.png]
[lemondigital.vn/wp-content/uploads/2025/08/H8-1-scaled.png]
[lemondigital.vn/wp-content/uploads/2025/08/H9-1-scaled.png]
[lemondigital.vn/wp-content/uploads/2024/12/kh-mb-1.webp]
[lemondigital.vn/wp-content/uploads/2024/12/kh-mb-2.webp]
[lemondigital.vn/wp-content/uploads/2024/12/kh-mb-3.webp]
[lemondigital.vn/wp-content/uploads/2024/12/kh-mb-4.webp]
[lemondigital.vn/wp-content/uploads/2024/12/kh-mb-5.webp]
[lemondigital.vn/wp-content/uploads/2025/01/mobile1.webp]
[lemondigital.vn/wp-content/uploads/2025/01/mobile2.webp]
[lemondigital.vn/wp-content/uploads/2025/01/mobile3.webp]
[lemondigital.vn/wp-content/uploads/2025/01/Mobile4.webp]
[lemondigital.vn/wp-content/uploads/2025/01/Mobile5.webp]
[lemondigital.vn/wp-content/uploads/2025/01/mobile6.webp]
[lemondigital.vn/wp-content/uploads/2024/12/kh-mb-11.webp]
[lemondigital.vn/wp-content/uploads/2024/12/kh-mb-12.webp]
[lemondigital.vn/wp-content/uploads/2024/12/kh-mb-13.webp]
[lemondigital.vn/wp-content/uploads/2024/12/kh-mb-14.webp]
[lemondigital.vn/wp-content/uploads/2024/12/kh-mb-15.webp]
[lemondigital.vn/wp-content/uploads/2024/12/kh-mb-16.webp]
[lemondigital.vn/wp-content/uploads/2024/12/kh-mb-17.webp]
[lemondigital.vn/wp-content/uploads/2024/12/kh-mb-18.webp]
[lemondigital.vn/wp-content/uploads/2024/12/kh-mb-19.webp]
[lemondigital.vn/wp-content/uploads/2024/12/kh-mb-20.webp]
[lemondigital.vn/wp-content/uploads/2024/12/kh-mb-21.webp]
[lemondigital.vn/wp-content/uploads/2024/12/kh-mb-22.webp]
[lemondigital.vn/wp-content/uploads/2024/12/kh-mb-23.webp]
[lemondigital.vn/wp-content/uploads/2024/12/kh-mb-24.webp]
[lemondigital.vn/wp-content/uploads/2024/12/kh-mb-25.webp]
[lemondigital.vn/wp-content/uploads/2024/12/kh-mb-26.webp]
[lemondigital.vn/wp-content/uploads/2024/12/kh-mb-27.webp]
[lemondigital.vn/wp-content/uploads/2024/12/kh-mb-28.webp]
[lemondigital.vn/wp-content/uploads/2024/12/kh-mb-29.webp]
[lemondigital.vn/wp-content/uploads/2024/12/kh-mb-30.webp]
[lemondigital.vn/wp-content/uploads/2024/12/kh-mb-31.webp]
[lemondigital.vn/wp-content/uploads/2024/12/kh-mb-32.webp]
[lemondigital.vn/wp-content/uploads/2024/12/kh-mb-33.webp]
[lemondigital.vn/wp-content/uploads/2024/12/kh-mb-34.webp]
[lemondigital.vn/wp-content/uploads/2024/12/kh-mb-35.webp]
[lemondigital.vn/wp-content/uploads/2024/12/kh-mb-36.webp]
[lemondigital.vn/wp-content/uploads/2024/12/kh-mb-37.webp]
[lemondigital.vn/wp-content/uploads/2024/12/kh-mb-38.webp]
[lemondigital.vn/wp-content/uploads/2024/12/kh-mb-39.webp]
[lemondigital.vn/wp-content/uploads/2024/12/kh-mb-40.webp]
[lemondigital.vn/wp-content/uploads/2024/12/kh-mb-41.webp]
[lemondigital.vn/wp-content/uploads/2024/12/kh-mb-42.webp]
[lemondigital.vn/wp-content/uploads/2024/12/kh-mb-43.webp]
[lemondigital.vn/wp-content/uploads/2024/12/kh-mb-44.webp]
[lemondigital.vn/wp-content/uploads/2024/12/kh-mb-45.webp]
[lemondigital.vn/wp-content/uploads/2024/12/Noi-dung-doan-van-ban-cua-ban-6.png]
[lemondigital.vn/wp-content/uploads/2024/12/giay-chung-nhan-iso-9001-2015-lemon-digital.webp]
[lemondigital.vn/dieu-khoan-va-dieu-kien/index.html]
[lemondigital.vn/chinh-sach-bao-mat/index.html]
[lemondigital.vn/tuyen-bo-mien-tru-trach-nhiem/index.html]
[lemondigital.vn/wp-content/plugins/woocommerce/assets/client/blocks/wc-blocksbf26.css]
[lemondigital.vn/wp-content/plugins/essential-addons-for-elementor-lite/assets/front-end/js/view/general.mine35d.js]
[lemondigital.vn/wp-content/uploads/essential-addons-elementor/eael-100a16.js]
[lemondigital.vn/wp-content/plugins/woocommerce/assets/js/frontend/woocommerce.min8d49.js]
[lemondigital.vn/wp-content/themes/hello-elementor/assets/js/hello-frontend.minccfb.js]
[lemondigital.vn/wp-content/plugins/google-site-kit/dist/assets/js/googlesitekit-consent-mode-bc2e26cfa69fcd4a8261.js]
[lemondigital.vn/wp-content/plugins/elementor/assets/js/webpack.runtime.min20c8.js]
[lemondigital.vn/wp-content/plugins/elementor/assets/js/frontend-modules.min20c8.js]
[lemondigital.vn/wp-includes/js/jquery/ui/core.minb37e.js]
[lemondigital.vn/wp-content/plugins/elementor/assets/js/frontend.min20c8.js]
[lemondigital.vn/wp-content/plugins/elementor-pro/assets/lib/smartmenus/jquery.smartmenus.min1576.js]
[lemondigital.vn/wp-content/plugins/elementor/assets/lib/e-gallery/js/e-gallery.min7359.js]
[lemondigital.vn/wp-content/plugins/elementor/assets/lib/swiper/v8/swiper.min94a4.js]
[lemondigital.vn/wp-content/plugins/woocommerce/assets/js/sourcebuster/sourcebuster.min8d49.js]
[lemondigital.vn/wp-content/plugins/woocommerce/assets/js/frontend/order-attribution.min8d49.js]
[lemondigital.vn/wp-content/plugins/google-site-kit/dist/assets/js/googlesitekit-events-provider-woocommerce-56777fd664fb7392edc2.js]
[lemondigital.vn/wp-content/plugins/wp-smush-pro/app/assets/js/smush-lazy-load-native.min6319.js]
[lemondigital.vn/wp-content/plugins/elementor-pro/assets/js/webpack-pro.runtime.mind92b.js]
[lemondigital.vn/wp-includes/js/dist/hooks.min4fdd.js]
[lemondigital.vn/wp-includes/js/dist/i18n.minc33c.js]
[lemondigital.vn/wp-content/plugins/elementor-pro/assets/js/frontend.mind92b.js]
[lemondigital.vn/wp-content/plugins/elementor-pro/assets/js/elements-handlers.mind92b.js]
[lemondigital.vn/index.html]
[lemondigital.vn/wp-content/themes/hello-elementor/theme.minccfb.css]
[lemondigital.vn/wp-content/uploads/elementor/css/custom-frontend.min91a6.css]
[lemondigital.vn/wp-content/plugins/essential-addons-for-elementor-lite/assets/front-end/css/view/general.mine35d.css]
[lemondigital.vn/wp-content/uploads/essential-addons-elementor/eael-100a16.css]
[lemondigital.vn/wp-content/plugins/woocommerce/assets/css/woocommerce-layout8d49.css]
[lemondigital.vn/wp-content/plugins/woocommerce/assets/css/woocommerce-smallscreen8d49.css]
[lemondigital.vn/wp-content/plugins/jet-elements/assets/js/jet-elements.min32bb.js]
[lemondigital.vn/wp-content/plugins/woocommerce/assets/fonts/WooCommerce.woff2]
[lemondigital.vn/wp-content/plugins/woocommerce/assets/fonts/WooCommerce.woff]
[lemondigital.vn/wp-content/plugins/woocommerce/assets/fonts/WooCommerce.ttf]
[lemondigital.vn/wp-content/plugins/woocommerce/assets/css/woocommerce8d49.css]
[lemondigital.vn/wp-content/plugins/woocommerce/assets/css/brands8d49.css]
[lemondigital.vn/wp-content/themes/hello-elementor/style.minccfb.css]
[lemondigital.vn/wp-content/themes/hello-elementor/header-footer.minccfb.css]
[lemondigital.vn/wp-content/uploads/2024/12/Metropolis-Thin-2.ttf]
[lemondigital.vn/wp-content/uploads/2024/12/Metropolis-Light-2-1.ttf]
[lemondigital.vn/wp-content/uploads/2024/12/Metropolis-Regular-2-1.ttf]
[lemondigital.vn/wp-content/uploads/2024/12/Metropolis-Medium-2-1.ttf]
[lemondigital.vn/wp-content/uploads/2024/12/Metropolis-SemiBold-2-1.ttf]
[lemondigital.vn/wp-content/uploads/2024/12/Metropolis-Bold-2-1.ttf]
[lemondigital.vn/wp-content/uploads/elementor/css/post-691a6.css]
[lemondigital.vn/wp-content/uploads/2024/12/Metropolis-ExtraBold-1.ttf]
[lemondigital.vn/wp-content/plugins/elementor/assets/css/widget-image.min20c8.css]
[lemondigital.vn/wp-content/uploads/elementor/css/custom-pro-widget-nav-menu.min91a6.css]
[lemondigital.vn/wp-content/plugins/elementor/assets/lib/animations/styles/e-animation-skew.min20c8.css]
[lemondigital.vn/wp-content/plugins/elementor/assets/css/widget-heading.min20c8.css]
[lemondigital.vn/wp-content/plugins/elementor/assets/css/widget-social-icons.min20c8.css]
[lemondigital.vn/wp-content/uploads/elementor/css/custom-apple-webkit.min91a6.css]
[lemondigital.vn/wp-content/uploads/elementor/css/custom-widget-icon-list.min91a6.css]
[lemondigital.vn/wp-content/plugins/elementor-pro/assets/css/widget-form.mind92b.css]
[lemondigital.vn/wp-content/plugins/elementor/assets/css/widget-spacer.min20c8.css]
[lemondigital.vn/wp-content/plugins/jet-elements/assets/images/dummy-map.png]
[lemondigital.vn/wp-content/plugins/jet-elements/assets/css/jet-elements32bb.css]
[lemondigital.vn/wp-content/plugins/jet-elements/assets/css/jet-elements-skin32bb.css]
[lemondigital.vn/wp-content/plugins/elementor/assets/lib/font-awesome/webfonts/fa-brands-400.eot]
[lemondigital.vn/wp-content/plugins/elementor/assets/lib/font-awesome/webfonts/fa-brands-400d41d.eot]
[lemondigital.vn/wp-content/plugins/elementor/assets/lib/font-awesome/webfonts/fa-brands-400.woff2]
[lemondigital.vn/wp-content/plugins/elementor/assets/lib/font-awesome/webfonts/fa-brands-400.woff]
[lemondigital.vn/wp-content/plugins/elementor/assets/lib/font-awesome/webfonts/fa-brands-400.ttf]
[lemondigital.vn/wp-content/plugins/elementor/assets/lib/font-awesome/webfonts/fa-regular-400.eot]
[lemondigital.vn/wp-content/plugins/elementor/assets/lib/font-awesome/webfonts/fa-regular-400d41d.eot]
[lemondigital.vn/wp-content/plugins/elementor/assets/lib/font-awesome/webfonts/fa-regular-400.woff2]
[lemondigital.vn/wp-content/plugins/elementor/assets/lib/font-awesome/webfonts/fa-regular-400.woff]
[lemondigital.vn/wp-content/plugins/elementor/assets/lib/font-awesome/webfonts/fa-regular-400.ttf]
[lemondigital.vn/wp-content/plugins/elementor/assets/lib/font-awesome/webfonts/fa-solid-900.eot]
[lemondigital.vn/wp-content/plugins/elementor/assets/lib/font-awesome/webfonts/fa-solid-900d41d.eot]
[lemondigital.vn/wp-content/plugins/elementor/assets/lib/font-awesome/webfonts/fa-solid-900.woff2]
[lemondigital.vn/wp-content/plugins/elementor/assets/lib/font-awesome/webfonts/fa-solid-900.woff]
[lemondigital.vn/wp-content/plugins/elementor/assets/lib/font-awesome/webfonts/fa-solid-900.ttf]
[lemondigital.vn/wp-content/plugins/elementor/assets/lib/font-awesome/css/all.min20c8.css]
[lemondigital.vn/wp-content/plugins/elementor/assets/lib/font-awesome/css/v4-shims.min20c8.css]
[lemondigital.vn/wp-content/plugins/elementor/assets/lib/swiper/v8/css/swiper.min94a4.css]
[lemondigital.vn/wp-content/plugins/elementor/assets/css/conditionals/e-swiper.min20c8.css]
[lemondigital.vn/wp-content/plugins/elementor/assets/css/widget-image-carousel.min20c8.css]
[lemondigital.vn/wp-content/plugins/elementor/assets/lib/animations/styles/fadeInDown.min20c8.css]
[lemondigital.vn/wp-content/plugins/elementor/assets/lib/animations/styles/fadeInUp.min20c8.css]
[lemondigital.vn/wp-content/plugins/elementor/assets/css/widget-video.min20c8.css]
[lemondigital.vn/wp-content/plugins/elementor/assets/lib/animations/styles/fadeInLeft.min20c8.css]
[lemondigital.vn/wp-content/plugins/elementor/assets/lib/animations/styles/fadeInRight.min20c8.css]
[lemondigital.vn/wp-content/plugins/elementor/assets/lib/animations/styles/slideInLeft.min20c8.css]
[lemondigital.vn/wp-content/plugins/elementor/assets/lib/animations/styles/slideInRight.min20c8.css]
[lemondigital.vn/wp-content/plugins/elementor-pro/assets/css/widget-nested-carousel.mind92b.css]
[lemondigital.vn/wp-content/plugins/elementor/assets/css/widget-divider.min20c8.css]
[lemondigital.vn/wp-content/plugins/elementor-pro/assets/css/widget-gallery.mind92b.css]
[lemondigital.vn/wp-content/plugins/elementor/assets/lib/e-gallery/css/e-gallery.min7359.css]
[lemondigital.vn/wp-content/plugins/elementor-pro/assets/css/conditionals/transitions.mind92b.css]
[lemondigital.vn/wp-content/plugins/elementor/assets/lib/animations/styles/bounceInRight.min20c8.css]
[lemondigital.vn/wp-content/plugins/elementor/assets/lib/animations/styles/slideInUp.min20c8.css]
[lemondigital.vn/wp-content/plugins/elementor/assets/lib/animations/styles/bounceInUp.min20c8.css]
[lemondigital.vn/wp-content/uploads/2024/12/HERO_SECTION-scaled.png]
[lemondigital.vn/wp-content/uploads/2024/12/Rectangle-7-1-scaled-scaled.webp]
[lemondigital.vn/wp-content/uploads/2024/12/ABOUT_US_SECTION-scaled.png]
[lemondigital.vn/wp-content/uploads/2024/12/E-COM_SOLUTIONS-scaled.png]
[lemondigital.vn/wp-content/uploads/2024/12/DICH-VU-scaled.png]
[lemondigital.vn/wp-content/uploads/2024/12/CUSTOMER-scaled.png]
[lemondigital.vn/wp-content/uploads/elementor/css/post-106603.css]
[lemondigital.vn/wp-content/uploads/elementor/css/post-30912b.css]
[lemondigital.vn/wp-content/uploads/2024/12/FOOTER-scaled.png]
[lemondigital.vn/wp-content/uploads/2024/12/Rectangle-2-1.png]
[lemondigital.vn/wp-content/uploads/elementor/css/post-79912b.css]
[lemondigital.vn/wp-content/uploads/2024/12/group-8-scaled.webp]
[lemondigital.vn/wp-content/uploads/essential-addons-elementor/eael-10fa14.css]
[lemondigital.vn/wp-content/plugins/elementor-pro/assets/css/widget-post-info.mind92b.css]
[lemondigital.vn/wp-content/uploads/elementor/css/post-122a63.css]
[lemondigital.vn/wp-json/wp/v2/pages/12.json]
[lemondigital.vn/wp-json/oembed/1.0/embed4980.json]
[lemondigital.vn/wp-json/oembed/1.0/embed129d]
[lemondigital.vn/ve-chung-toi/index.html]
[lemondigital.vn/wp-content/uploads/essential-addons-elementor/eael-10fa14.js]
[lemondigital.vn/wp-content/uploads/essential-addons-elementor/eael-10ac24.css]
[lemondigital.vn/wp-content/uploads/elementor/css/post-5672a63.css]
[lemondigital.vn/wp-json/wp/v2/pages/567.json]
[lemondigital.vn/wp-json/oembed/1.0/embed9516.json]
[lemondigital.vn/wp-json/oembed/1.0/embeddd15]
[lemondigital.vn/wp-content/uploads/2024/12/Element-scaled.png]
[lemondigital.vn/nang-luc-cua-chung-toi/index.html]
[lemondigital.vn/wp-content/uploads/essential-addons-elementor/eael-10ac24.js]
[lemondigital.vn/wp-content/uploads/essential-addons-elementor/eael-107e16.css]
[lemondigital.vn/wp-content/uploads/elementor/css/custom-widget-nested-tabs.min91a6.css]
[lemondigital.vn/wp-content/uploads/elementor/css/post-5692a63.css]
[lemondigital.vn/wp-json/wp/v2/pages/569.json]
[lemondigital.vn/wp-json/oembed/1.0/embed2080.json]
[lemondigital.vn/wp-json/oembed/1.0/embed7889]
[lemondigital.vn/wp-content/uploads/2024/12/ưdsx.png]
[lemondigital.vn/wp-content/uploads/2024/12/Rectangle-92.png]
[lemondigital.vn/wp-content/uploads/2024/12/Rectangle-92-1.png]
[lemondigital.vn/wp-content/uploads/2024/12/Rectangle-92-2.png]
[lemondigital.vn/wp-content/uploads/2024/12/Rectangle-92-3.png]
[lemondigital.vn/van-de-chung-toi-giai-quyet/index.html]
[lemondigital.vn/wp-content/uploads/essential-addons-elementor/eael-107e16.js]
[lemondigital.vn/wp-content/uploads/essential-addons-elementor/eael-1092bd.css]
[lemondigital.vn/wp-content/uploads/elementor/css/post-5712a63.css]
[lemondigital.vn/wp-json/wp/v2/pages/571.json]
[lemondigital.vn/wp-json/oembed/1.0/embeddc03.json]
[lemondigital.vn/wp-json/oembed/1.0/embed4909]
[lemondigital.vn/wp-content/uploads/2024/12/daww-scaled.png]
[lemondigital.vn/wp-content/uploads/2024/12/Rectangle-92-4.png]
[lemondigital.vn/wp-content/uploads/2024/12/Rectangle-92-5.png]
[lemondigital.vn/wp-content/uploads/2024/12/Rectangle-92-6.png]
[lemondigital.vn/wp-content/uploads/2024/12/Rectangle-92-7.png]
[lemondigital.vn/gia-tri-cua-chung-toi/index.html]
[lemondigital.vn/wp-content/uploads/essential-addons-elementor/eael-1092bd.js]
[lemondigital.vn/wp-content/uploads/essential-addons-elementor/eael-10c812.css]
[lemondigital.vn/wp-content/uploads/essential-addons-elementor/eael-14c812.css]
[lemondigital.vn/wp-content/uploads/elementor/css/post-142a63.css]
[lemondigital.vn/wp-json/wp/v2/pages/14.json]
[lemondigital.vn/wp-json/oembed/1.0/embedf18d.json]
[lemondigital.vn/wp-json/oembed/1.0/embedb2cf]
[lemondigital.vn/wp-content/uploads/essential-addons-elementor/eael-10c812.js]
[lemondigital.vn/dich-vu/index.html]
[lemondigital.vn/wp-content/uploads/essential-addons-elementor/eael-14c812.js]
[lemondigital.vn/wp-content/uploads/essential-addons-elementor/eael-10229b.css]
[lemondigital.vn/wp-content/plugins/elementor/assets/css/widget-nested-accordion.min20c8.css]
[lemondigital.vn/wp-content/uploads/elementor/css/post-18c3ca.css]
[lemondigital.vn/wp-json/wp/v2/pages/18.json]
[lemondigital.vn/wp-json/oembed/1.0/embedbd03.json]
[lemondigital.vn/wp-json/oembed/1.0/embedb9bb]
[lemondigital.vn/wp-content/uploads/2024/12/rtew.png]
[lemondigital.vn/wp-content/uploads/2024/12/nvbn.png]
[lemondigital.vn/wp-content/uploads/2024/12/czscss-scaled.png]
[lemondigital.vn/wp-content/uploads/2024/12/cxccdgt.png]
[lemondigital.vn/wp-content/uploads/2024/12/nvy.png]
[lemondigital.vn/tai-nang/index.html]
[lemondigital.vn/wp-content/uploads/essential-addons-elementor/eael-10229b.js]
[lemondigital.vn/wp-content/uploads/essential-addons-elementor/eael-108b75.css]
[lemondigital.vn/wp-content/uploads/elementor/css/post-2592a63.css]
[lemondigital.vn/wp-content/uploads/2025/09/aws-la-gi_-.jpg]
[lemondigital.vn/wp-content/uploads/2025/09/Loi-M02-Shopee-la-gi_-Nguyen-nhan-va-6-cach-khac-phuc-hieu-qua.jpg]
[lemondigital.vn/wp-content/uploads/2025/09/TikTok-Pixel-la-gi_-Cach-cai-dat-va-su-dung-chi-tiet.jpg]
[lemondigital.vn/tin-tuc/page/2/index.html]
[lemondigital.vn/wp-content/uploads/2025/09/Reup-Video-TikTok-la-gi_-Huong-dan-reup-dung-cach-nhat.jpg]
[lemondigital.vn/wp-content/uploads/2025/09/SEO-TikTok-la-gi_-Huong-dan-8-buoc-len-xu-huong.jpg]
[lemondigital.vn/kien-thuc-shopee/cach-dang-ky-ban-hang-tren-shopee/index.html]
[lemondigital.vn/wp-content/uploads/2025/09/TikTok-Analytics-la-gi_-Huong-dan-doc-va-phan-tich-tu-A-Z.jpg]
[lemondigital.vn/wp-content/plugins/elementor-pro/assets/css/widget-loop-common.mind92b.css]
[lemondigital.vn/kien-thuc-shopee/loi-m02-shopee/index.html]
[lemondigital.vn/wp-content/uploads/elementor/css/custom-pro-widget-loop-grid.min91a6.css]
[lemondigital.vn/wp-content/uploads/essential-addons-elementor/eael-108b75.js]
[lemondigital.vn/tin-tuc/index.html]
[lemondigital.vn/wp-includes/js/imagesloaded.minbb93.js]
[lemondigital.vn/kien-thuc-tiktok/tiktok-pixel-la-gi/index.html]
[lemondigital.vn/kien-thuc-tiktok/reup-video-tiktok-la-gi-huong-dan-reup-dung-cach-nhat/index.html]
[lemondigital.vn/kien-thuc-tiktok/tiktok-analytics/index.html]
[lemondigital.vn/kien-thuc-tiktok/seo-tiktok/index.html]
[lemondigital.vn/wp-content/uploads/essential-addons-elementor/eael-101d30.css]
[lemondigital.vn/tin-tuc/index6401.html]
[lemondigital.vn/tin-tuc/index96eb.html]
[lemondigital.vn/tin-tuc/indexe655.html]
[lemondigital.vn/category/kien-thuc-tiktok/page/2/index.html]
[lemondigital.vn/wp-includes/css/dist/block-library/style.min32d4.css]
[lemondigital.vn/wp-content/uploads/elementor/css/post-3871ba4c.css]
[lemondigital.vn/category/kien-thuc-tiktok/feed/index.html]
[lemondigital.vn/wp-json/wp/v2/categories/29.json]
[lemondigital.vn/wp-content/uploads/2025/09/Cach-thiet-lap-trinh-quan-ly-quang-cao-TikTok-chi-tiet.jpg]
[lemondigital.vn/wp-content/uploads/2025/09/Dich-vu-san-xuat-video-TikTok-chuyen-nghiep-va-sang-tao.jpg]
[lemondigital.vn/wp-content/uploads/2025/09/Cap-nhat-phi-san-TikTok-moi-nhat-hien-nay-va-cong-thuc-tinh.jpg]
[lemondigital.vn/wp-content/uploads/2025/09/Tai-khoan-TikTok-bi-han-che_-Nguyen-nhan-va-cach-khac-phuc.jpg]
[lemondigital.vn/wp-content/uploads/2025/09/TikTok-Business-Center-la-gi_-Cach-thiet-lap-va-quan-ly.jpg]
[lemondigital.vn/category/kien-thuc-tiktok/index.html]
[lemondigital.vn/wp-content/uploads/essential-addons-elementor/eael-101d30.js]
[lemondigital.vn/kien-thuc-tiktok/phi-san-tiktok/index.html]
[lemondigital.vn/kien-thuc-tiktok/san-xuat-video-tiktok/index.html]
[lemondigital.vn/kien-thuc-tiktok/trinh-quan-ly-quang-cao-tiktok/index.html]
[lemondigital.vn/kien-thuc-tiktok/tai-khoan-tiktok-bi-han-che/index.html]
[lemondigital.vn/kien-thuc-tiktok/tiktok-business-center/index.html]
[lemondigital.vn/wp-json/wp/v2/categories/30.json]
[lemondigital.vn/category/kien-thuc-tiktok/index9b2f.html]
[lemondigital.vn/category/kien-thuc-tiktok/index2cc3.html]
[lemondigital.vn/category/kien-thuc-tiktok/indexf403.html]
[lemondigital.vn/wp-content/uploads/2025/09/Cach-xoa-tai-khoan-ShopeePay-chi-tiet-va-an-toan.jpg]
[lemondigital.vn/category/kien-thuc-shopee/page/2/index.html]
[lemondigital.vn/wp-content/uploads/2025/09/Cach-tai-Shopee-tren-may-tinh_-2-Phuong-phap-nhanh-chong.jpg]
[lemondigital.vn/category/kien-thuc-shopee/feed/index.html]
[lemondigital.vn/kien-thuc-shopee/cach-xoa-tai-khoan-shopee-pay/index.html]
[lemondigital.vn/wp-content/uploads/2025/09/Shopee-la-cua-nuoc-nao.jpg]
[lemondigital.vn/kien-thuc-shopee/shopee-la-cua-nuoc-nao/index.html]
[lemondigital.vn/kien-thuc-shopee/cach-tai-shopee-tren-may-tinh/index.html]
[lemondigital.vn/wp-content/uploads/2025/08/Cach-chay-quang-cao-Shopee-thu-hut-khach-hang-chi-tiet-nhat.jpg]
[lemondigital.vn/kien-thuc-shopee/cach-chay-quang-cao-shopee/index.html]
[lemondigital.vn/wp-content/uploads/2025/08/Lich-rut-tien-thu-cong-va-tu-dong-cua-Shopee.jpg]
[lemondigital.vn/kien-thuc-shopee/lich-rut-tien-shopee/index.html]
[lemondigital.vn/wp-content/uploads/2025/08/Cach-lien-ket-tai-khoan-ngan-hang-voi-Shopee-Pay-don-gian.jpg]
[lemondigital.vn/category/kien-thuc-shopee/index.html]
[lemondigital.vn/wp-content/uploads/2025/08/cach-livestream-tren-shopee-don-gian.jpg]
[lemondigital.vn/kien-thuc-shopee/cach-lien-ket-tai-khoan-ngan-hang-voi-shopee-pay/index.html]
[lemondigital.vn/kien-thuc-shopee/cach-livestream-tren-shopee/index.html]
[lemondigital.vn/category/kien-thuc-shopee/index9b2f.html]
[lemondigital.vn/category/kien-thuc-amazon/page/2/index.html]
[lemondigital.vn/category/kien-thuc-shopee/index2cc3.html]
[lemondigital.vn/wp-content/uploads/essential-addons-elementor/eael-109ae0.css]
[lemondigital.vn/category/kien-thuc-amazon/feed/index.html]
[lemondigital.vn/wp-json/wp/v2/categories/31.json]
[lemondigital.vn/wp-content/uploads/2025/08/Amazon-Prime-la-gi_-Dich-vu-va-tien-ich-cua-Amazon-Prime.jpg]
[lemondigital.vn/wp-content/uploads/2025/08/Amazon-FBA-la-gi_-Loi-ich-uu-va-nhuoc-diem-su-dung-FBA.jpg]
[lemondigital.vn/kien-thuc-amazon/amazon-prime-la-gi/index.html]
[lemondigital.vn/wp-content/uploads/2025/08/Amazon-la-gi_-Hanh-trinh-loi-ich-va-cach-mua-hang-Amazon.jpg]
[lemondigital.vn/wp-content/uploads/2025/08/Cach-lam-dropshipping-tren-Amazon-tu-A-Z-de-dang.jpg]
[lemondigital.vn/kien-thuc-amazon/amazon-fba-la-gi/index.html]
[lemondigital.vn/wp-content/uploads/2025/08/Cach-dang-ky-tai-khoan-Amazon-Kindle-chi-tiet.jpg]
[lemondigital.vn/wp-content/uploads/2025/07/LEMON-DIGITAL-11.png]
[lemondigital.vn/wp-content/uploads/2025/07/94.png]
[lemondigital.vn/kien-thuc-amazon/amazon-la-gi/index.html]
[lemondigital.vn/wp-content/uploads/2025/07/93.png]
[lemondigital.vn/wp-content/uploads/2025/07/92.png]
[lemondigital.vn/category/kien-thuc-amazon/index.html]
[lemondigital.vn/kien-thuc-amazon/cach-huy-don-hang-dinh-ky-tren-amazon-nhanh/index.html]
[lemondigital.vn/wp-content/uploads/essential-addons-elementor/eael-109ae0.js]
[lemondigital.vn/kien-thuc-amazon/cach-lam-dropshipping-tren-amazon/index.html]
[lemondigital.vn/kien-thuc-amazon/cach-dang-ky-tai-khoan-amazon-kindle/index.html]
[lemondigital.vn/kien-thuc-amazon/kiem-tien-voi-amazon-cung-11-meo/index.html]
[lemondigital.vn/tin-tuc/cach-ban-hang-tren-amazon-chi-tiet-tu-a-z/index.html]
[lemondigital.vn/kien-thuc-amazon/cach-mua-hang-tren-amazon/index.html]
[lemondigital.vn/category/kien-thuc-amazon/index9b2f.html]
[lemondigital.vn/wp-content/uploads/essential-addons-elementor/eael-102a98.css]
[lemondigital.vn/category/su-kien/feed/index.html]
[lemondigital.vn/wp-json/wp/v2/categories/40.json]
[lemondigital.vn/wp-content/uploads/2025/07/20250725-134203-1.png]
[lemondigital.vn/wp-content/uploads/2025/07/20250725-134148.png]
[lemondigital.vn/su-kien/lemon-digital-tai-tiktok-shop-vietnam-2025/index.html]
[lemondigital.vn/category/su-kien/index.html]
[lemondigital.vn/wp-content/uploads/essential-addons-elementor/eael-102a98.js]
[lemondigital.vn/wp-content/uploads/essential-addons-elementor/eael-10d61f.css]
[lemondigital.vn/su-kien/lemon-digital-duoc-shopee-vinh-danh-2025/index.html]
[lemondigital.vn/wp-content/uploads/elementor/css/post-2558a950.css]
[lemondigital.vn/wp-json/wp/v2/pages/2558.json]
[lemondigital.vn/wp-json/oembed/1.0/embed6793.json]
[lemondigital.vn/wp-json/oembed/1.0/embed9cbb]
[lemondigital.vn/wp-content/uploads/2025/05/1XOFOE5__TdviDBCMQrUEIYWLXYceJBIFO3IfCSqLs04.png]
[lemondigital.vn/wp-content/uploads/2025/05/s-blob-v1-IMAGE-F5Rz8LNivvY.png]
[lemondigital.vn/wp-content/uploads/2025/05/s-blob-v1-IMAGE-jybHz2MNjVs.png]
[lemondigital.vn/wp-content/uploads/2024/12/unnamed.png]
[lemondigital.vn/wp-content/uploads/2024/12/unnamed-6.png]
[lemondigital.vn/wp-content/uploads/2024/12/unnamed-5.png]
[lemondigital.vn/wp-content/uploads/2024/12/unnamed-4.png]
[lemondigital.vn/wp-content/uploads/2024/12/unnamed-3.png]
[lemondigital.vn/wp-content/uploads/2024/12/unnamed-1.png]
[lemondigital.vn/wp-content/uploads/2025/05/case1.png]
[lemondigital.vn/wp-content/uploads/2025/05/case2.png]
[lemondigital.vn/wp-content/uploads/2025/05/SLIDE-13-PISANI-4.png]
[lemondigital.vn/wp-content/uploads/2025/05/SLIDE-13-PISANI-3.png]
[lemondigital.vn/wp-content/uploads/2025/05/SLIDE-13-PISANI-2.png]
[lemondigital.vn/wp-content/uploads/2025/05/SLIDE-13-PISANI-1.png]
[lemondigital.vn/wp-content/uploads/2025/05/SLIDE-17-PISANI-BEFORE-3.jpg]
[lemondigital.vn/wp-content/uploads/2025/05/SLIDE-17-PISANI-BEFORE-2.jpg]
[lemondigital.vn/wp-content/uploads/2025/05/SLIDE-17-PISANI-BEFORE-1.jpg]
[lemondigital.vn/wp-content/uploads/2025/05/SLIDE-17-PISANI-BEFORE-4.jpg]
[lemondigital.vn/wp-content/uploads/2025/05/SLIDE-17-PISANI-AFTER-1.jpg]
[lemondigital.vn/wp-content/uploads/2025/05/SLIDE-17-PISANI-AFTER-2.jpg]
[lemondigital.vn/wp-content/uploads/2025/05/SLIDE-17-PISANI-AFTER-4.jpg]
[lemondigital.vn/wp-content/uploads/2025/05/SLIDE-17-PISANI-AFTER-3.jpg]
[lemondigital.vn/wp-content/uploads/2025/05/SLIDE-17-PISANI-AFTER-5.jpg]
[lemondigital.vn/wp-content/uploads/2025/05/SLIDE-17-PISANI-AFTER-6.jpg]
[lemondigital.vn/wp-content/uploads/2025/05/SLIDE-13-HEYS-1.png]
[lemondigital.vn/wp-content/uploads/2025/05/SLIDE-13-HEYS-4.png]
[lemondigital.vn/wp-content/uploads/2025/05/SLIDE-13-HEYS-3.png]
[lemondigital.vn/wp-content/uploads/2025/05/SLIDE-13-HEYS-2.png]
[lemondigital.vn/wp-content/uploads/2025/05/SLIDE-18-HEYS-BEFOR-1.jpg]
[lemondigital.vn/wp-content/uploads/2025/05/SLIDE-18-HEYS-BEFORE-2.jpg]
[lemondigital.vn/wp-content/uploads/2025/05/SLIDE-18-HEYS-BEFORE-3.jpg]
[lemondigital.vn/wp-content/uploads/2025/05/SLIDE-18-HEYS-BEFORE-4.jpg]
[lemondigital.vn/wp-content/uploads/2025/05/SLIDE-18-HEYS-AFTER-1.jpg]
[lemondigital.vn/wp-content/uploads/2025/05/SLIDE-18-HEYS-AFTER-2.jpg]
[lemondigital.vn/wp-content/uploads/2025/05/SLIDE-18-HEYS-AFTER-3.jpg]
[lemondigital.vn/wp-content/uploads/2025/05/SLIDE-18-HEYS-AFTER-4.jpg]
[lemondigital.vn/wp-content/uploads/2025/05/SLIDE-18-HEYS-AFTER-6.jpg]
[lemondigital.vn/wp-content/uploads/2025/05/SLIDE-18-HEYS-AFTER-5.jpg]
[lemondigital.vn/wp-content/uploads/2025/05/SLIDE-14-HERSCHEL-4.png]
[lemondigital.vn/wp-content/uploads/2025/05/SLIDE-14-HERSHCEL-3.png]
[lemondigital.vn/wp-content/uploads/2025/05/SLIDE-14-HERSCHEL-2.png]
[lemondigital.vn/wp-content/uploads/2025/05/SLIDE-14-HERSCHEL-1.png]
[lemondigital.vn/wp-content/uploads/2025/05/SLIDE-19-HERSCHEL-BEFORE-1.jpg]
[lemondigital.vn/wp-content/uploads/2025/05/SLIDE-19-HERSCHEL-BEFORE-3.jpg]
[lemondigital.vn/wp-content/uploads/2025/05/SLIDE-19-HERSCHEL-BEFORE-2.jpg]
[lemondigital.vn/wp-content/uploads/2025/05/SLIDE-19-HERSCHEL-AFTER-1.jpg]
[lemondigital.vn/wp-content/uploads/2025/05/SLIDE-19-HERSCHEL-AFTER-2.jpg]
[lemondigital.vn/wp-content/uploads/2025/05/SLIDE-19-HERSCHEL-AFTER-3.jpg]
[lemondigital.vn/wp-content/uploads/2025/05/SLIDE-19-HERSCHEL-AFTER-4.jpg]
[lemondigital.vn/wp-content/uploads/2025/05/SLIDE-19-HERSCHEL-AFTER-5.jpg]
[lemondigital.vn/wp-content/uploads/2025/05/SLIDE-19-HERSCHEL-AFTER-6.jpg]
[lemondigital.vn/wp-content/uploads/2025/05/SLIDE-14-SNEAKER-HOLIC.png]
[lemondigital.vn/wp-content/uploads/2025/01/1tv4Rid3vUkpzOlSIMSClj9eYKuwlZJmxyDyHhOuIa08.png]
[lemondigital.vn/wp-content/uploads/2025/01/1z9DqRS11gQgXm5gJhtRu8HQ5SerZhINtqX4lvoYiRQQ.png]
[lemondigital.vn/wp-content/uploads/2025/05/SLIDE-15-SHEGAN.png]
[lemondigital.vn/wp-content/uploads/2025/01/1x5OroUAlyYvKYW8t4zTiRgsLKI4rlavWE_s4mideGiY.png]
[lemondigital.vn/wp-content/uploads/2025/01/Shegan-af.png]
[lemondigital.vn/wp-content/uploads/2025/01/1AVECul8GDELy5zhZstkFjvM6Tkq6Hj4wlQ8AcuKFZX0.png]
[lemondigital.vn/wp-content/uploads/2025/01/1H9gSxGVezouNmK334i4iGA9KL7H4dszK-EXnSsseHXc.png]
[lemondigital.vn/wp-content/uploads/2025/05/SLIDE-15-PURADOR.png]
[lemondigital.vn/wp-content/uploads/2025/01/1TVC5CnU-Dtd_iNTeJiJtxBJQDoLNtRvIHZkvcSEWK-8.png]
[lemondigital.vn/wp-content/uploads/2025/01/1v0LwlkbITfQNgVX_W-xG4ZoK2R47TivAoPEyGtb63_s.png]
[lemondigital.vn/wp-content/uploads/2025/01/1NrBc95aqe9EChkIvQGIPNxnd9TOqug7dEDArop-tn6k.png]
[lemondigital.vn/wp-content/uploads/2025/01/17chUXFIZR2dzAnvlf6JEzKT6NhHuLs6qObMFSwcXRVE.png]
[lemondigital.vn/wp-content/uploads/2025/05/SLIDE-16-UV-GREEN.png]
[lemondigital.vn/wp-content/uploads/2025/01/1V-SbhK4zvJrkBnv3NeQQv3ECOddnfSnr8ZJ7UqOBwNU.png]
[lemondigital.vn/wp-content/uploads/2025/01/1YRa1bNLEwLR1End6C_rJwpnSXe2R-Jek2TXz6vVg1ek.png]
[lemondigital.vn/wp-content/uploads/2025/01/1hFOWgIbQSmdycC7bkWTTOnD37FEAs8wBOGn4mWNusBI.png]
[lemondigital.vn/wp-content/uploads/2025/01/1AedX63QkOBMVJMC609f2147byPZa_8Q4tAoRt9-JuKA.png]
[lemondigital.vn/wp-content/uploads/2025/05/SLIDE-16-GEARVN.png]
[lemondigital.vn/wp-content/uploads/2025/01/1mLKrvORcnrQgpAWWBkgHMp3bEvH0MKr0SgvtzszaSmI.png]
[lemondigital.vn/wp-content/uploads/2025/01/1g3BnsIu_OYY5zWMGyzLjDUWKvLTOfDrzn8pFsgUlPVk.png]
[lemondigital.vn/wp-content/uploads/2025/01/11rFy3ypekrr25IDJCrn0IN1P2dcL_BwUvL_YFte08-E.png]
[lemondigital.vn/wp-content/uploads/2025/01/1EsLAKwxTWiNYqbT69lZn_ReMCktxsJMP8fbqC3gu7WE.png]
[lemondigital.vn/wp-content/uploads/2025/01/11z-XbXcUBHakapjQ9KRvVaU3pWIqarOqWU33c2v9PKc.png]
[lemondigital.vn/setup-gian-hang/index.html]
[lemondigital.vn/wp-content/uploads/essential-addons-elementor/eael-10d61f.js]
[lemondigital.vn/wp-content/uploads/essential-addons-elementor/eael-102f02.css]
[lemondigital.vn/wp-content/uploads/elementor/css/post-2648ea09.css]
[lemondigital.vn/wp-json/wp/v2/pages/2648.json]
[lemondigital.vn/wp-json/oembed/1.0/embedd2fe.json]
[lemondigital.vn/wp-json/oembed/1.0/embed5ba7]
[lemondigital.vn/wp-content/uploads/2025/06/Slide-7.1.png]
[lemondigital.vn/wp-content/uploads/2025/06/Slide-7.2.png]
[lemondigital.vn/wp-content/uploads/2025/06/Slide-7.3.png]
[lemondigital.vn/wp-content/uploads/2025/06/Slide-7.4.png]
[lemondigital.vn/wp-content/uploads/2025/06/Slide-7.5.png]
[lemondigital.vn/wp-content/uploads/2025/06/Slide-7.6.png]
[lemondigital.vn/wp-content/uploads/2025/06/Slide-7.7.png]
[lemondigital.vn/wp-content/uploads/2025/06/Slide-7.8.png]
[lemondigital.vn/wp-content/uploads/2025/06/Slide-7.9.png]
[lemondigital.vn/wp-content/uploads/2025/06/Slide-8.9.png]
[lemondigital.vn/wp-content/uploads/2025/06/Slide-8.1.png]
[lemondigital.vn/wp-content/uploads/2025/06/Slide-8.2.png]
[lemondigital.vn/wp-content/uploads/2025/06/Slide-8.3.png]
[lemondigital.vn/wp-content/uploads/2025/06/Slide-8.4.png]
[lemondigital.vn/wp-content/uploads/2025/06/Slide-8.5.png]
[lemondigital.vn/wp-content/uploads/2025/06/Slide-8.6.png]
[lemondigital.vn/wp-content/uploads/2025/06/Slide-8.7.png]
[lemondigital.vn/wp-content/uploads/2025/06/Slide-8.8.png]
[lemondigital.vn/wp-content/uploads/2025/06/Slide-9.9.png]
[lemondigital.vn/wp-content/uploads/2025/06/Slide-9.1.png]
[lemondigital.vn/wp-content/uploads/2025/06/Slide-9.2.png]
[lemondigital.vn/wp-content/uploads/2025/06/Slide-9.3.png]
[lemondigital.vn/wp-content/uploads/2025/06/Slide-9.4.png]
[lemondigital.vn/wp-content/uploads/2025/06/Slide-9.5.png]
[lemondigital.vn/wp-content/uploads/2025/06/Slide-9.6.png]
[lemondigital.vn/wp-content/uploads/2025/06/Slide-9.7.png]
[lemondigital.vn/wp-content/uploads/2025/06/Slide-9.8.png]
[lemondigital.vn/tu-van-tang-truong-da-san-ecommerce/index.html]
[lemondigital.vn/wp-content/uploads/essential-addons-elementor/eael-102f02.js]
[lemondigital.vn/wp-content/uploads/essential-addons-elementor/eael-10479f.css]
[lemondigital.vn/wp-content/uploads/elementor/css/custom-widget-image-box.min91a6.css]
[lemondigital.vn/wp-content/uploads/elementor/css/post-29097039.css]
[lemondigital.vn/wp-json/wp/v2/pages/2909.json]
[lemondigital.vn/wp-json/oembed/1.0/embed7d4e.json]
[lemondigital.vn/wp-json/oembed/1.0/embed5cca]
[lemondigital.vn/wp-content/uploads/2025/06/Slide-7.1-1.png]
[lemondigital.vn/wp-content/uploads/2025/06/Slide-7.2-1.png]
[lemondigital.vn/wp-content/uploads/2025/06/bye.png]
[lemondigital.vn/wp-content/uploads/2025/06/Slide-8.6-1.png]
[lemondigital.vn/wp-content/uploads/2025/06/Slide-8.7-1.png]
[lemondigital.vn/wp-content/uploads/2025/06/Slide-8.8-1.png]
[lemondigital.vn/wp-content/uploads/2025/06/12.png]
[lemondigital.vn/wp-content/uploads/2025/06/13-scaled.png]
[lemondigital.vn/wp-content/uploads/2025/06/Silde-10.1-1.png]
[lemondigital.vn/wp-content/uploads/2025/06/Silde-10.2.png]
[lemondigital.vn/wp-content/uploads/2025/01/hotline.png]
[lemondigital.vn/wp-content/uploads/2025/01/K.png]
[lemondigital.vn/wp-content/uploads/2025/01/email.png]
[lemondigital.vn/wp-content/uploads/2025/01/telegram.png]
[lemondigital.vn/wp-content/uploads/2025/01/K-1.png]
[lemondigital.vn/wp-content/uploads/2025/01/1Pr7TLAOKGYk85lhLKRC4_Qjyz86Ta9mRE-nCnQzKbYU.png]
[lemondigital.vn/wp-content/uploads/2025/01/1knsSayl-X3lkFaHY7V8dzbNXU1GC4gG2uoLLk2wsJHQ.png]
[lemondigital.vn/wp-content/uploads/2025/01/1eHVtbgvxG2FD5bCoqZhKUTDNOq2ZK2Lkh-gqLpXElIM.png]
[lemondigital.vn/van-hanh-da-san-ecommerce/index.html]
[lemondigital.vn/wp-content/uploads/essential-addons-elementor/eael-10479f.js]
[lemondigital.vn/wp-content/uploads/essential-addons-elementor/eael-10e601.css]
[lemondigital.vn/wp-content/uploads/elementor/css/post-2995ccac.css]
[lemondigital.vn/wp-json/wp/v2/pages/2995.json]
[lemondigital.vn/wp-json/oembed/1.0/embed74b7.json]
[lemondigital.vn/wp-json/oembed/1.0/embed47dc]
[lemondigital.vn/wp-content/uploads/2025/05/1.png]
[lemondigital.vn/wp-content/uploads/2025/05/2.png]
[lemondigital.vn/wp-content/uploads/2025/01/s-blob-v1-IMAGE-hmWeB6A2vbY.jpg]
[lemondigital.vn/wp-content/uploads/2025/01/s-blob-v1-IMAGE-vc0tSptdlqQ.jpg]
[lemondigital.vn/wp-content/uploads/2025/01/unnamed-6-1.png]
[lemondigital.vn/wp-content/uploads/2025/05/Screenshot-2025-05-17-154116.png]
[lemondigital.vn/wp-content/uploads/2025/05/Screenshot-2025-05-17-154050.png]
[lemondigital.vn/wp-content/uploads/2025/05/VIETTEL-TIKTOKSHOP-1.png]
[lemondigital.vn/wp-content/uploads/2025/01/1-K4mQDYI3huygLOX6OIepktOYdvjRGuncScRE4iwYXU.png]
[lemondigital.vn/wp-content/uploads/2025/01/s-blob-v1-IMAGE-gO_2eWma2UA.png]
[lemondigital.vn/wp-content/uploads/2025/05/VIETTEL-TIKTOKSHOP.png]
[lemondigital.vn/wp-content/uploads/2025/05/BEAR-TIKTOKSHOP.png]
[lemondigital.vn/wp-content/uploads/2025/05/s-blob-v1-IMAGE-pXlspeHjMzk.png]
[lemondigital.vn/wp-content/uploads/2025/05/ROBOROCK-TIKTOKSHOP.png]
[lemondigital.vn/wp-content/uploads/2025/05/s-blob-v1-IMAGE-A-E9-oeo2hU.png]
[lemondigital.vn/wp-content/uploads/2025/05/IMOU-TIKTOKSHOP.png]
[lemondigital.vn/wp-content/uploads/2025/05/s-blob-v1-IMAGE-1mUJDufLknY.png]
[lemondigital.vn/wp-content/uploads/2025/05/TP-LINK-TIKTOKSHOP.png]
[lemondigital.vn/wp-content/uploads/2025/01/s-blob-v1-IMAGE-rZxNtZ98HnM.png]
[lemondigital.vn/wp-content/uploads/2025/05/MERCU-TIKTOKSHOP.png]
[lemondigital.vn/wp-content/uploads/2025/01/s-blob-v1-IMAGE-z00o1JZI6ZA.png]
[lemondigital.vn/wp-content/uploads/2025/05/UV-GREEN-TIKTOKSHOP.png]
[lemondigital.vn/wp-content/uploads/2025/01/s-blob-v1-IMAGE-TsV2-q8ltEs.png]
[lemondigital.vn/wp-content/uploads/2025/05/SHEGAN-TIKTOKSHOP.png]
[lemondigital.vn/wp-content/uploads/2025/01/s-blob-v1-IMAGE-2X3_jYT7Uv8.png]
[lemondigital.vn/wp-content/uploads/2025/05/SHEGAN-SHOPEE.png]
[lemondigital.vn/wp-content/uploads/2025/05/VASELINE-TIKTOKSHOP.png]
[lemondigital.vn/wp-content/uploads/2025/01/vaseline-klover-logo.png]
[lemondigital.vn/wp-content/uploads/2025/05/LANEIGE-SHOPEE.png]
[lemondigital.vn/wp-content/uploads/2025/01/1f2ffgAEti4hbHgIhMMPcjHuS6xK_cA2lhRc92Dqx73A.png]
[lemondigital.vn/wp-content/uploads/2025/05/DREAMTREND-TIKTOK.png]
[lemondigital.vn/wp-content/uploads/2025/01/s-blob-v1-IMAGE-HqtbkF_V8GI.png]
[lemondigital.vn/wp-content/uploads/2025/05/BODYMISS-TIKTOK.png]
[lemondigital.vn/wp-content/uploads/2025/01/1UOn6UAgf9hi6ZT6ietydJavejxEDuo8t-17w4EouA7k.png]
[lemondigital.vn/wp-content/uploads/2025/05/ITMF-TIKTOK.png]
[lemondigital.vn/wp-content/uploads/2025/01/s-blob-v1-IMAGE-oWaP3rGJT-U.png]
[lemondigital.vn/wp-content/uploads/2025/05/PURA-TIKTOK.png]
[lemondigital.vn/wp-content/uploads/2025/01/s-blob-v1-IMAGE-tiXnxqR0lYI.png]
[lemondigital.vn/wp-content/uploads/2025/05/FOELLIE-TIKTOK.png]
[lemondigital.vn/wp-content/uploads/2025/01/s-blob-v1-IMAGE-JlaU__sFCJw.png]
[lemondigital.vn/wp-content/uploads/2025/05/HEYS-SHOPEE.png]
[lemondigital.vn/wp-content/uploads/2025/05/s-blob-v1-IMAGE-r5TjL2wDbTI.png]
[lemondigital.vn/wp-content/uploads/2025/05/PSANI-SHOPEE.png]
[lemondigital.vn/wp-content/uploads/2025/05/s-blob-v1-IMAGE-xz_0Axc9oxk.png]
[lemondigital.vn/wp-content/uploads/2025/05/HERSCHEL-SHOPEE.png]
[lemondigital.vn/wp-content/uploads/2025/05/s-blob-v1-IMAGE-qdB9o95tLoo.png]
[lemondigital.vn/wp-content/uploads/2025/05/34-TIKTOK.png]
[lemondigital.vn/wp-content/uploads/2025/05/s-blob-v1-IMAGE-iIZeL816_6s.png]
[lemondigital.vn/wp-content/uploads/2025/05/MAINOMI-TIKTOK.png]
[lemondigital.vn/wp-content/uploads/2025/05/s-blob-v1-IMAGE-zTsnL26Ki_s-1.png]
[lemondigital.vn/wp-content/uploads/2025/05/HUSSIO-TIKTOK.png]
[lemondigital.vn/wp-content/uploads/2025/05/s-blob-v1-IMAGE-HSgKipAdG_M-1.png]
[lemondigital.vn/wp-content/uploads/2025/05/VICOLAS-SHOPEE.png]
[lemondigital.vn/wp-content/uploads/2025/01/1F3n7Q-VpG3slQU252cBpWUH11k1Zrl9AX9rV62uGXgU.png]
[lemondigital.vn/wp-content/uploads/2025/05/VICOLAS-TIKTOK-1.png]
[lemondigital.vn/wp-content/uploads/2025/05/HADU-TIKTOK.png]
[lemondigital.vn/wp-content/uploads/2025/01/s-blob-v1-IMAGE-W2qlCxrr7kg.png]
[lemondigital.vn/wp-content/uploads/2025/05/NANGBOUTI-SHOPEE.png]
[lemondigital.vn/wp-content/uploads/2025/05/s-blob-v1-IMAGE-tnxUGoLYthQ.png]
[lemondigital.vn/wp-content/uploads/2025/05/PIERRE-TIKTOK.png]
[lemondigital.vn/wp-content/uploads/2025/05/s-blob-v1-IMAGE-brFFZPyVWrs.png]
[lemondigital.vn/wp-content/uploads/2025/05/PIERRE-TIKTOK-1.png]
[lemondigital.vn/wp-content/uploads/2025/05/PIERRE-SHOPEE.png]
[lemondigital.vn/wp-content/uploads/2025/05/PIERRE-LAZADA.png]
[lemondigital.vn/wp-content/uploads/2025/05/PIERRE-FACEBOOK.png]
[lemondigital.vn/wp-content/uploads/2025/05/s-blob-v1-IMAGE-KeN6Qe9QYlE.png]
[lemondigital.vn/wp-content/uploads/2025/05/MEIJI-SHOPEE.png]
[lemondigital.vn/wp-content/uploads/2025/01/1ZLuxAB1_L5Yf2-S-W0uaKavnCVLAzupE4t6CyI2InWI.png]
[lemondigital.vn/wp-content/uploads/2025/05/VINAMIL-TIKTOK.png]
[lemondigital.vn/wp-content/uploads/2025/05/1i8OErmpP-AsO5JDFdlZ3GFtaR9P1Hx_XFfyUcGwdgAU.png]
[lemondigital.vn/wp-content/uploads/2025/05/PRISO-TIKTOK.png]
[lemondigital.vn/wp-content/uploads/2025/01/1y3oTr9Ixb3JhI83DT8FaNfFueHd-40l5LUV_Z-Ew9HA.png]
[lemondigital.vn/wp-content/uploads/2025/05/BLUESTONE-TIKTOK.png]
[lemondigital.vn/wp-content/uploads/2025/01/bluestone-logo.png]
[lemondigital.vn/wp-content/uploads/2025/05/BLUESTONE-TIKTOK-1.png]
[lemondigital.vn/van-hanh-livestream-da-nen-tang/index.html]
[lemondigital.vn/wp-content/uploads/essential-addons-elementor/eael-10e601.js]
[lemondigital.vn/wp-content/uploads/essential-addons-elementor/eael-104e3e.css]
[lemondigital.vn/wp-content/uploads/elementor/css/post-32127039.css]
[lemondigital.vn/wp-json/wp/v2/pages/3212.json]
[lemondigital.vn/wp-json/oembed/1.0/embed1476.json]
[lemondigital.vn/wp-json/oembed/1.0/embedb65e]
[lemondigital.vn/wp-content/uploads/2025/06/Slide-7.1-2-scaled.png]
[lemondigital.vn/wp-content/uploads/2025/06/Slide-7.2-2-scaled.png]
[lemondigital.vn/wp-content/uploads/2025/06/Slide-7.3-1-scaled.png]
[lemondigital.vn/wp-content/uploads/2025/06/Slide-7.4-1-scaled.png]
[lemondigital.vn/wp-content/uploads/2025/06/Slide-7.5-1.png]
[lemondigital.vn/wp-content/uploads/2025/06/Slide-7.6-1.png]
[lemondigital.vn/wp-content/uploads/2025/06/Slide-7.7-1.png]
[lemondigital.vn/wp-content/uploads/2025/06/Slide-7.8-1.png]
[lemondigital.vn/wp-content/uploads/2025/06/Slide-7.9-1.png]
[lemondigital.vn/wp-content/uploads/2025/06/Slide-7.10.png]
[lemondigital.vn/wp-content/uploads/2025/01/poloma-1.png]
[lemondigital.vn/wp-content/uploads/2025/01/poloma-2.png]
[lemondigital.vn/wp-content/uploads/2025/06/Slide-9-scaled.png]
[lemondigital.vn/wp-content/uploads/2025/06/55.png]
[lemondigital.vn/wp-content/uploads/2025/06/56.png]
[lemondigital.vn/wp-content/uploads/2025/06/57.png]
[lemondigital.vn/wp-content/uploads/2025/06/58.png]
[lemondigital.vn/wp-content/uploads/2025/06/59.png]
[lemondigital.vn/wp-content/uploads/2025/06/60.png]
[lemondigital.vn/wp-content/uploads/2025/06/61.png]
[lemondigital.vn/wp-content/uploads/2025/06/62.png]
[lemondigital.vn/wp-content/uploads/2025/01/1fIrD_R4s_1HB6c1EIvt4mcs_6AecQivKKqJboUWVnuU.png]
[lemondigital.vn/wp-content/uploads/2025/01/1jEPGzgKpx8BKK7ufStHmY47ZCHaILmWqq6MJvfmgq8c.png]
[lemondigital.vn/wp-content/uploads/2025/01/1iRzZGaJiXugCmNz-D3kDcUAjNVpgDKlzJa0I7HpRDU8.png]
[lemondigital.vn/wp-content/uploads/2025/06/Slide-16.2-1.png]
[lemondigital.vn/wp-content/uploads/2025/01/1usceUcAa3Q9B_kGbPk8uWMsLx932KF7-2W1ScNPAo3Y.png]
[lemondigital.vn/quang-cao-ecommerce-da-san/index.html]
[lemondigital.vn/wp-content/uploads/essential-addons-elementor/eael-104e3e.js]
[lemondigital.vn/wp-content/uploads/essential-addons-elementor/eael-1006d3.css]
[lemondigital.vn/wp-content/uploads/elementor/css/post-3333c3ca.css]
[lemondigital.vn/wp-json/wp/v2/pages/3333.json]
[lemondigital.vn/wp-json/oembed/1.0/embed83c7.json]
[lemondigital.vn/wp-json/oembed/1.0/embed3b9f]
[lemondigital.vn/wp-content/uploads/2025/06/viettel-store1.png]
[lemondigital.vn/wp-content/uploads/2025/06/mercusys-1.png]
[lemondigital.vn/wp-content/uploads/2025/06/TPLINK_Logo_2.svg-1.png]
[lemondigital.vn/wp-content/uploads/2025/06/Picture3-Photoroom.png]
[lemondigital.vn/wp-content/uploads/2025/06/TToOeICHy6.png]
[lemondigital.vn/wp-content/uploads/2025/06/Picture4.png]
[lemondigital.vn/wp-content/uploads/2025/06/cetaphil-logo.png]
[lemondigital.vn/wp-content/uploads/2025/06/Bifina-Photoroom.png]
[lemondigital.vn/wp-content/uploads/2025/06/Logo_Truong_Dai_hoc_FPT.svg.png]
[lemondigital.vn/wp-content/uploads/2025/06/Picture5.png]
[lemondigital.vn/wp-content/uploads/2025/06/Picture6.png]
[lemondigital.vn/wp-content/uploads/2025/06/Picture11.png]
[lemondigital.vn/wp-content/uploads/2025/06/Picture8.png]
[lemondigital.vn/wp-content/uploads/2025/06/Picture9.png]
[lemondigital.vn/san-xuat-video-da-nen-tang/index.html]
[lemondigital.vn/wp-content/uploads/essential-addons-elementor/eael-1006d3.js]
[lemondigital.vn/wp-content/uploads/essential-addons-elementor/eael-10ac36.css]
[lemondigital.vn/wp-content/uploads/elementor/css/post-27872a63.css]
[lemondigital.vn/wp-json/wp/v2/pages/2787.json]
[lemondigital.vn/wp-json/oembed/1.0/embedc516.json]
[lemondigital.vn/wp-json/oembed/1.0/embeda0e3]
[lemondigital.vn/giai-thuong-cua-lemon-digital/index.html]
[lemondigital.vn/wp-content/uploads/essential-addons-elementor/eael-10ac36.js]
[lemondigital.vn/wp-content/uploads/essential-addons-elementor/eael-106bbf.css]
[lemondigital.vn/wp-content/uploads/elementor/css/post-1252a63.css]
[lemondigital.vn/wp-json/wp/v2/pages/128.json]
[lemondigital.vn/wp-json/oembed/1.0/embede86c.json]
[lemondigital.vn/wp-json/oembed/1.0/embed756a]
[lemondigital.vn/dieu-khoan-va-dieu-kien/index.html]
[lemondigital.vn/wp-content/uploads/essential-addons-elementor/eael-106bbf.js]
[lemondigital.vn/wp-content/uploads/essential-addons-elementor/eael-10bcc4.css]
[lemondigital.vn/wp-json/wp/v2/pages/2285.json]
[lemondigital.vn/wp-json/oembed/1.0/embeddf77.json]
[lemondigital.vn/wp-json/oembed/1.0/embed9a6f]
[lemondigital.vn/chinh-sach-bao-mat/index.html]
[lemondigital.vn/wp-content/uploads/essential-addons-elementor/eael-10bcc4.js]
[lemondigital.vn/wp-content/uploads/essential-addons-elementor/eael-106dff.css]
[lemondigital.vn/wp-json/wp/v2/pages/2283.json]
[lemondigital.vn/wp-json/oembed/1.0/embed0f8d.json]
[lemondigital.vn/wp-json/oembed/1.0/embed0981]
[lemondigital.vn/tuyen-bo-mien-tru-trach-nhiem/index.html]
[lemondigital.vn/wp-content/plugins/woocommerce/assets/client/blocks/wc-blocksbf26.css]
[lemondigital.vn/wp-content/plugins/woocommerce/assets/images/icons/loader.svg]
[lemondigital.vn/wp-content/plugins/elementor/assets/lib/font-awesome/webfonts/fa-brands-400.svg]
[lemondigital.vn/wp-content/plugins/elementor/assets/lib/font-awesome/webfonts/fa-regular-400.svg]
[lemondigital.vn/wp-content/plugins/elementor/assets/lib/font-awesome/webfonts/fa-solid-900.svg]
[lemondigital.vn/wp-content/uploads/essential-addons-elementor/eael-106dff.js]
[lemondigital.vn/wp-content/uploads/essential-addons-elementor/eael-10fa14.css]
[lemondigital.vn/wp-content/plugins/elementor-pro/assets/css/widget-post-info.mind92b.css]
[lemondigital.vn/wp-content/uploads/2024/12/sfeee-scaled.png]
[lemondigital.vn/wp-content/uploads/2024/12/Artboard-1-2-scaled.webp]
[lemondigital.vn/wp-content/uploads/2024/12/RANKED-scaled.png]
[lemondigital.vn/wp-content/uploads/2024/12/Untitled-2.1-1-scaled-scaled.webp]
[lemondigital.vn/wp-content/uploads/elementor/css/post-122a63.css]
[lemondigital.vn/index678b.html]
[lemondigital.vn/2024/12/18/index.html]
[lemondigital.vn/wp-content/uploads/essential-addons-elementor/eael-10ac24.css]
[lemondigital.vn/wp-content/uploads/2024/12/adwww.png]
[lemondigital.vn/wp-content/uploads/elementor/css/post-5672a63.css]
[lemondigital.vn/index246f.html]
[lemondigital.vn/wp-content/uploads/essential-addons-elementor/eael-107e16.css]
[lemondigital.vn/wp-content/uploads/elementor/css/custom-widget-nested-tabs.min91a6.css]
[lemondigital.vn/wp-content/uploads/2024/12/ee-scaled.png]
[lemondigital.vn/wp-content/uploads/elementor/css/post-5692a63.css]
[lemondigital.vn/index475a.html]
[lemondigital.vn/wp-content/uploads/essential-addons-elementor/eael-1092bd.css]
[lemondigital.vn/wp-content/uploads/2024/12/SaÌÌc-doÌ£Ì_DoÌ£Ì-baÌo-hoÌa-1.png]
[lemondigital.vn/wp-content/uploads/elementor/css/post-5712a63.css]
[lemondigital.vn/index62bf.html]
[lemondigital.vn/wp-content/uploads/essential-addons-elementor/eael-10c812.css]
[lemondigital.vn/wp-content/uploads/essential-addons-elementor/eael-14c812.css]
[lemondigital.vn/wp-content/uploads/2024/12/gdrr-scaled.png]
[lemondigital.vn/wp-content/uploads/elementor/css/post-142a63.css]
[lemondigital.vn/index0b69.html]
[lemondigital.vn/wp-content/uploads/essential-addons-elementor/eael-10229b.css]
[lemondigital.vn/wp-content/plugins/elementor/assets/css/widget-nested-accordion.min20c8.css]
[lemondigital.vn/wp-content/uploads/elementor/css/post-18c3ca.css]
[lemondigital.vn/index0735.html]
[lemondigital.vn/wp-content/uploads/essential-addons-elementor/eael-104d45.css]
[lemondigital.vn/tin-tuc/page/2/index.html]
[lemondigital.vn/wp-content/uploads/essential-addons-elementor/eael-108b75.css]
[lemondigital.vn/wp-content/uploads/essential-addons-elementor/eael-104d45.js]
[lemondigital.vn/tin-tuc/page/3/index.html]
[lemondigital.vn/tin-tuc/indexed6c.html]
[lemondigital.vn/wp-content/uploads/2024/12/dswww-scaled.png]
[lemondigital.vn/wp-content/uploads/elementor/css/post-2592a63.css]
[lemondigital.vn/wp-content/plugins/elementor-pro/assets/css/widget-table-of-contents.mind92b.css]
[lemondigital.vn/wp-content/plugins/elementor-pro/assets/css/widget-posts.mind92b.css]
[lemondigital.vn/wp-content/uploads/elementor/css/post-4219b02.css]
[lemondigital.vn/kien-thuc-shopee/cach-dang-ky-ban-hang-tren-shopee/feed/index.html]
[lemondigital.vn/wp-json/wp/v2/posts/5730.json]
[lemondigital.vn/wp-json/oembed/1.0/embed72b0.json]
[lemondigital.vn/wp-json/oembed/1.0/embed07b9]
[lemondigital.vn/wp-content/uploads/2025/09/1.png]
[lemondigital.vn/wp-content/uploads/2025/09/2.png]
[lemondigital.vn/wp-content/uploads/2025/09/3.png]
[lemondigital.vn/wp-content/uploads/2025/09/4.png]
[lemondigital.vn/wp-content/uploads/2025/09/5.png]
[lemondigital.vn/wp-content/uploads/2025/09/6.png]
[lemondigital.vn/wp-content/uploads/2025/09/7.png]
[lemondigital.vn/wp-content/uploads/2025/09/8.png]
[lemondigital.vn/wp-content/uploads/2025/09/9.png]
[lemondigital.vn/wp-content/plugins/elementor-pro/assets/css/modules/sticky.mind92b.css]
[lemondigital.vn/kien-thuc-shopee/cach-dang-ky-ban-hang-tren-shopee/index.html]
[lemondigital.vn/wp-content/plugins/elementor-pro/assets/lib/sticky/jquery.sticky.mind92b.js]
[lemondigital.vn/wp-content/uploads/essential-addons-elementor/eael-107da5.css]
[lemondigital.vn/kien-thuc-shopee/loi-m02-shopee/feed/index.html]
[lemondigital.vn/wp-json/wp/v2/posts/5653.json]
[lemondigital.vn/wp-json/oembed/1.0/embed9b7d.json]
[lemondigital.vn/wp-json/oembed/1.0/embed1a5a]
[lemondigital.vn/wp-content/uploads/2025/09/Loi-M02-Shopee-la-gi.png]
[lemondigital.vn/wp-content/uploads/2025/09/Ma-giam-gia-da-het-luot-su-dung-hoac-het-han.png]
[lemondigital.vn/wp-content/uploads/2025/09/Vi-pham-chinh-sach-lam-dung-ma-giam-gia-cua-Shopee.png]
[lemondigital.vn/wp-content/uploads/2025/09/Loi-he-thong-tam-thoi-tu-Shopee.png]
[lemondigital.vn/wp-content/uploads/2025/09/Ap-dung-ma-khong-dung-dieu-kien-san-pham-don-hang.png]
[lemondigital.vn/wp-content/uploads/2025/09/Cach-1-Go-ma-giam-gia-va-dat-lai-don-hang.png]
[lemondigital.vn/wp-content/uploads/2025/09/Cach-3-Xoa-bo-nho-dem-cache-cua-ung-dung-Shopee.png]
[lemondigital.vn/wp-content/uploads/2025/09/Cach-4-Cho-doi-mot-khoang-thoi-gian-24h-roi-thu-lai.png]
[lemondigital.vn/wp-content/uploads/2025/09/Cach-5-Kiem-tra-lai-dieu-kien-ma-va-su-dung-ma-khac-tren-Shopee.png]
[lemondigital.vn/wp-content/uploads/2025/09/Cach-6-Lien-he-bo-phan-CSKH-Shopee-de-duoc-ho-tro.png]
[lemondigital.vn/wp-content/uploads/2025/09/Doc-ky-va-tuan-thu-dieu-kien-ma-giam-gia.png]
[lemondigital.vn/wp-content/uploads/2025/09/Duy-tri-su-on-dinh-ve-thiet-bi-va-tai-khoan-Shopee.png]
[lemondigital.vn/wp-content/uploads/2025/09/Tuyet-doi-khong-lam-dung-chinh-sach-khuyen-mai.png]
[lemondigital.vn/wp-content/uploads/2025/09/Tranh-cac-hanh-vi-mua-sam-bat-thuong.png]
[lemondigital.vn/kien-thuc-shopee/loi-m02-shopee/index.html]
[lemondigital.vn/wp-content/uploads/essential-addons-elementor/eael-107da5.js]
[lemondigital.vn/wp-json/wp/v2/posts/5576.json]
[lemondigital.vn/kien-thuc-tiktok/tiktok-pixel-la-gi/feed/index.html]
[lemondigital.vn/wp-json/oembed/1.0/embed72cf.json]
[lemondigital.vn/wp-json/oembed/1.0/embed8d2e]
[lemondigital.vn/wp-content/uploads/2025/09/1280X1280-45.png]
[lemondigital.vn/wp-content/uploads/2025/09/1280X1280-46.png]
[lemondigital.vn/wp-content/uploads/2025/09/1280X1280-47.png]
[lemondigital.vn/wp-content/uploads/2025/09/e3adb9fe-3df3-4710-8b94-0d36858ccdef.png]
[lemondigital.vn/wp-content/uploads/2025/09/938cfd9f-8f24-4d1e-9de1-17cfe96f2952.png]
[lemondigital.vn/wp-content/uploads/2025/09/c50c4c1b-c15d-4fab-901a-ba4e43300571.png]
[lemondigital.vn/wp-content/uploads/2025/09/93b2f699-87b3-47ff-84af-e86e86c4841b.png]
[lemondigital.vn/wp-content/uploads/2025/09/c8a6220d-1ffc-4feb-844b-93c9370c8034.png]
[lemondigital.vn/wp-content/uploads/2025/09/7a7c3aa8-e362-4de6-a794-c59af68b8b28.png]
[lemondigital.vn/kien-thuc-tiktok/tiktok-pixel-la-gi/index.html]
[lemondigital.vn/wp-content/uploads/essential-addons-elementor/eael-107894.css]
[lemondigital.vn/kien-thuc-tiktok/reup-video-tiktok-la-gi-huong-dan-reup-dung-cach-nhat/feed/index.html]
[lemondigital.vn/wp-json/wp/v2/posts/5568.json]
[lemondigital.vn/wp-json/oembed/1.0/embed4fc2.json]
[lemondigital.vn/wp-json/oembed/1.0/embed2ddd]
[lemondigital.vn/wp-content/uploads/2025/09/1280X1280-42.png]
[lemondigital.vn/wp-content/uploads/2025/09/1280X1280-43.png]
[lemondigital.vn/wp-content/uploads/2025/09/0dd60217-4552-41c2-ad5f-682bed549c9c.png]
[lemondigital.vn/wp-content/uploads/2025/09/5ec36644-bf6d-4ee1-b481-46a52eda87ef.png]
[lemondigital.vn/wp-content/uploads/2025/09/a300213b-3808-4be8-aca8-df484d36c9a2.png]
[lemondigital.vn/kien-thuc-tiktok/reup-video-tiktok-la-gi-huong-dan-reup-dung-cach-nhat/index.html]
[lemondigital.vn/wp-content/uploads/essential-addons-elementor/eael-107894.js]
[lemondigital.vn/wp-content/uploads/essential-addons-elementor/eael-10207f.css]
[lemondigital.vn/kien-thuc-tiktok/seo-tiktok/feed/index.html]
[lemondigital.vn/wp-json/wp/v2/posts/5553.json]
[lemondigital.vn/wp-json/oembed/1.0/embed92e4.json]
[lemondigital.vn/wp-json/oembed/1.0/embed26d0]
[lemondigital.vn/wp-content/uploads/2025/09/1280X1280-39.png]
[lemondigital.vn/wp-content/uploads/2025/09/1280X1280-40.png]
[lemondigital.vn/wp-content/uploads/2025/09/f91e99e2-9cb0-4343-82c1-c497acbdc473.png]
[lemondigital.vn/wp-content/uploads/2025/09/1f87286e-9e7c-4470-99d6-b951ac9cc0e2.png]
[lemondigital.vn/wp-content/uploads/2025/09/8a1ce68b-043c-489b-ac3a-df46ba91393a.png]
[lemondigital.vn/wp-content/uploads/2025/09/bf60648f-e8f3-49d0-b368-6d6abf5b69fc.png]
[lemondigital.vn/wp-content/uploads/2025/09/98df242e-d4d9-4d1d-b2e7-e22d7db99445.png]
[lemondigital.vn/wp-content/uploads/2025/09/0388a2a8-670e-46a6-beb0-5fdfe878c4e2.png]
[lemondigital.vn/wp-content/uploads/2025/09/75990810-9574-45be-9969-8e1e452e3872.png]
[lemondigital.vn/wp-content/uploads/2025/09/4de21d23-6d9a-43e2-b115-15d6000abc67.png]
[lemondigital.vn/wp-content/uploads/2025/09/d88437f7-3a6a-4392-bc8c-44031e70156f.png]
[lemondigital.vn/wp-content/uploads/2025/09/244143a9-f180-4127-a8b4-b3b70170e658.png]
[lemondigital.vn/kien-thuc-tiktok/seo-tiktok/index.html]
[lemondigital.vn/wp-content/uploads/essential-addons-elementor/eael-10207f.js]
[lemondigital.vn/wp-content/uploads/essential-addons-elementor/eael-100f44.css]
[lemondigital.vn/kien-thuc-tiktok/tiktok-analytics/feed/index.html]
[lemondigital.vn/wp-json/wp/v2/posts/5541.json]
[lemondigital.vn/wp-json/oembed/1.0/embed9749.json]
[lemondigital.vn/wp-json/oembed/1.0/embed2c12]
[lemondigital.vn/wp-content/uploads/2025/09/1280X1280-35.png]
[lemondigital.vn/wp-content/uploads/2025/09/1280X1280-36.png]
[lemondigital.vn/wp-content/uploads/2025/09/1280X1280-37.png]
[lemondigital.vn/wp-content/uploads/2025/09/5c5630c5-6693-4150-9be0-46a2c1b86a7b.png]
[lemondigital.vn/wp-content/uploads/2025/09/0cc8bd9b-6a19-493f-a0fe-bc90fdbc0d80.png]
[lemondigital.vn/wp-content/uploads/2025/09/a560ffe2-0ae7-4ba1-a180-b8960d2e4fc4.png]
[lemondigital.vn/wp-content/uploads/2025/09/36c2c568-a0d4-4d5d-8ff0-d7fb5b23de8c.png]
[lemondigital.vn/wp-content/uploads/2025/09/915a025e-2b1a-4fff-be56-ad840def0278.png]
[lemondigital.vn/wp-content/uploads/2025/09/22fd4a06-e172-479c-9768-6b08a672b481.png]
[lemondigital.vn/kien-thuc-tiktok/tiktok-analytics/index.html]
[lemondigital.vn/wp-content/uploads/essential-addons-elementor/eael-100f44.js]
[lemondigital.vn/tin-tuc/index6401.html]
[lemondigital.vn/wp-content/uploads/2025/09/TikTok-Live-Studio-la-gi_-Cach-cai-dat-va-su-dung-tu-A-Z.jpg]
[lemondigital.vn/tin-tuc/index96eb.html]
[lemondigital.vn/kien-thuc-tiktok/tiktok-live-studio/index.html]
[lemondigital.vn/wp-content/uploads/2025/08/Cach-chay-GMV-Max-TikTok.jpg]
[lemondigital.vn/kien-thuc-tiktok/cach-chay-gmv-max-tiktok/index.html]
[lemondigital.vn/wp-content/uploads/2025/08/Shopee-Express-la-gi_-Dich-vu-tra-buu-cuc-don-hang.jpg]
[lemondigital.vn/wp-content/uploads/2025/08/Cach-tai-Tiktok-ve-may-tinh-don-gian-nhanh-chong.jpg]
[lemondigital.vn/kien-thuc-shopee/shopee-express-la-gi/index.html]
[lemondigital.vn/wp-content/uploads/2025/08/Live-GMV-Max_-Gioi-thieu-tinh-nang-va-cach-thiet-lap.jpg]
[lemondigital.vn/wp-content/uploads/2025/08/GMV-Max-khong-can-tien-phai-lam-sao.jpg]
[lemondigital.vn/kien-thuc-tiktok/cach-tai-tiktok-ve-may-tinh/index.html]
[lemondigital.vn/wp-content/uploads/2025/08/GMV-Max-la-gi-Huong-dan-A-Z-cho-nha-ban-hang-TikTok.jpg]
[lemondigital.vn/tin-tuc/indexe655.html]
[lemondigital.vn/wp-content/plugins/elementor-pro/assets/css/widget-loop-common.mind92b.css]
[lemondigital.vn/wp-content/uploads/elementor/css/custom-pro-widget-loop-grid.min91a6.css]
[lemondigital.vn/kien-thuc-tiktok/gmv-max-khong-can-tien/index.html]
[lemondigital.vn/kien-thuc-tiktok/live-gmv-max/index.html]
[lemondigital.vn/wp-content/uploads/essential-addons-elementor/eael-109431.css]
[lemondigital.vn/kien-thuc-tiktok/gmv-max-la-gi/index.html]
[lemondigital.vn/category/kien-thuc-tiktok/page/3/index.html]
[lemondigital.vn/wp-content/uploads/2025/08/98.png]
[lemondigital.vn/kien-thuc-tiktok/hashtag-tiktok-tong-hop-hashtag-dang-trend/index.html]
[lemondigital.vn/wp-content/uploads/2025/08/97.png]
[lemondigital.vn/wp-content/uploads/2025/08/96.png]
[lemondigital.vn/kien-thuc-tiktok/flop-la-gi-nguyen-nhan-khien-video-bi-flop/index.html]
[lemondigital.vn/kien-thuc-tiktok/cach-luu-anh-tren-tiktok/index.html]
[lemondigital.vn/category/kien-thuc-tiktok/page/2/index.html]
[lemondigital.vn/wp-content/uploads/essential-addons-elementor/eael-101d30.css]
[lemondigital.vn/wp-includes/css/dist/block-library/style.min32d4.css]
[lemondigital.vn/wp-content/uploads/elementor/css/post-3871ba4c.css]
[lemondigital.vn/wp-content/uploads/essential-addons-elementor/eael-109431.js]
[lemondigital.vn/category/kien-thuc-tiktok/indexef52.html]
[lemondigital.vn/wp-content/uploads/essential-addons-elementor/eael-10efb5.css]
[lemondigital.vn/kien-thuc-tiktok/trinh-quan-ly-quang-cao-tiktok/feed/index.html]
[lemondigital.vn/wp-json/wp/v2/posts/5448.json]
[lemondigital.vn/wp-json/oembed/1.0/embedc6a3.json]
[lemondigital.vn/wp-json/oembed/1.0/embedc834]
[lemondigital.vn/wp-content/uploads/2025/09/1280X1280-31.png]
[lemondigital.vn/wp-content/uploads/2025/09/1280X1280-32.png]
[lemondigital.vn/wp-content/uploads/2025/09/1280X1280-33.png]
[lemondigital.vn/wp-content/uploads/2025/09/e3b6cf11-33d1-4b7f-a38d-b9ec43529795.png]
[lemondigital.vn/wp-content/uploads/2025/09/a5803e92-212b-4545-9f67-18eff3f5ac36.png]
[lemondigital.vn/wp-content/uploads/2025/09/2fbeaff5-eee7-4f2e-b8c4-bff1d658a848.png]
[lemondigital.vn/wp-content/uploads/2025/09/c48c0743-169a-410f-951a-e6f524c80472.png]
[lemondigital.vn/wp-content/uploads/2025/09/f0e758bc-635d-47a7-b7cb-20cdd4b8ba59.png]
[lemondigital.vn/wp-content/uploads/2025/09/e41d0695-420b-422e-8ac5-1e92bb81eb36.png]
[lemondigital.vn/wp-content/uploads/2025/09/f6dd7921-c038-4bdb-ae78-5cd9467c2fa1.png]
[lemondigital.vn/wp-content/uploads/2025/09/ada0cf49-9c0b-453e-97a5-43b6002288a8.png]
[lemondigital.vn/kien-thuc-tiktok/trinh-quan-ly-quang-cao-tiktok/index.html]
[lemondigital.vn/wp-content/uploads/essential-addons-elementor/eael-10efb5.js]
[lemondigital.vn/wp-content/uploads/essential-addons-elementor/eael-108aef.css]
[lemondigital.vn/kien-thuc-tiktok/san-xuat-video-tiktok/feed/index.html]
[lemondigital.vn/wp-json/wp/v2/posts/5440.json]
[lemondigital.vn/wp-content/uploads/2025/09/1280X1280-28.png]
[lemondigital.vn/wp-content/uploads/2025/09/1280X1280-29.png]
[lemondigital.vn/wp-content/uploads/2025/09/1280X1280-30.png]
[lemondigital.vn/wp-content/uploads/2025/09/40530fdc-b356-418a-8961-549de59d44eb.png]
[lemondigital.vn/wp-content/uploads/2025/09/53e1e201-c21b-4f15-9dad-48d3b29e1ea4.png]
[lemondigital.vn/kien-thuc-tiktok/san-xuat-video-tiktok/index.html]
[lemondigital.vn/wp-content/uploads/essential-addons-elementor/eael-108aef.js]
[lemondigital.vn/wp-content/uploads/essential-addons-elementor/eael-109c9d.css]
[lemondigital.vn/kien-thuc-tiktok/phi-san-tiktok/feed/index.html]
[lemondigital.vn/wp-json/wp/v2/posts/5428.json]
[lemondigital.vn/wp-json/oembed/1.0/embedfdc0.json]
[lemondigital.vn/wp-json/oembed/1.0/embed6cb7]
[lemondigital.vn/wp-content/uploads/2025/09/1280X1280-24.png]
[lemondigital.vn/wp-content/uploads/2025/09/1280X1280-26.png]
[lemondigital.vn/wp-content/uploads/2025/09/56e4a550-7b07-4fad-8562-8a687b4f706e.png]
[lemondigital.vn/kien-thuc-tiktok/phi-san-tiktok/index.html]
[lemondigital.vn/wp-content/uploads/essential-addons-elementor/eael-109c9d.js]
[lemondigital.vn/wp-content/uploads/essential-addons-elementor/eael-10d13b.css]
[lemondigital.vn/kien-thuc-tiktok/tai-khoan-tiktok-bi-han-che/feed/index.html]
[lemondigital.vn/wp-json/wp/v2/posts/5608.json]
[lemondigital.vn/wp-json/oembed/1.0/embed97ea.json]
[lemondigital.vn/wp-json/oembed/1.0/embed057a]
[lemondigital.vn/wp-content/uploads/2025/09/Tai-khoan-TikTok-bi-han-che-la-gi.png]
[lemondigital.vn/wp-content/uploads/2025/09/Han-che-Tuong-tac-TikTok.png]
[lemondigital.vn/wp-content/uploads/2025/09/Han-che-Nhan-thuong-TikTok.png]
[lemondigital.vn/wp-content/uploads/2025/09/Han-che-tam-thoi-va-Dinh-chi-khoa-tai-khoan-TikTok.png]
[lemondigital.vn/wp-content/uploads/2025/09/Top-5-nguyen-nhan-pho-bien-khien-tai-khoan-TikTok-bi-han-che.png]
[lemondigital.vn/wp-content/uploads/2025/09/Lam-tuong-pho-bien-Bi-han-che-do-Che-do-han-che-tren-TikTok.png]
[lemondigital.vn/wp-content/uploads/2025/09/Buoc-1-Kiem-tra-thong-bao-trong-Hop-thu-he-thong.png]
[lemondigital.vn/wp-content/uploads/2025/09/Buoc-2-Gui-khieu-nai-theo-huong-dan-tren-TikTok.png]
[lemondigital.vn/wp-content/uploads/2025/09/Buoc-3-Lien-he-bo-phan-ho-tro-cua-TikTok.png]
[lemondigital.vn/kien-thuc-tiktok/tai-khoan-tiktok-bi-han-che/index.html]
[lemondigital.vn/wp-content/uploads/essential-addons-elementor/eael-10d13b.js]
[lemondigital.vn/wp-content/uploads/essential-addons-elementor/eael-10f4c5.css]
[lemondigital.vn/kien-thuc-tiktok/tiktok-business-center/feed/index.html]
[lemondigital.vn/wp-json/wp/v2/posts/5600.json]
[lemondigital.vn/wp-json/oembed/1.0/embed84a8.json]
[lemondigital.vn/wp-json/oembed/1.0/embedd05f]
[lemondigital.vn/wp-content/uploads/2025/09/TikTok-Business-Center-la-gi.png]
[lemondigital.vn/wp-content/uploads/2025/09/Ai-nen-su-dung-TikTok-Business-Center.png]
[lemondigital.vn/wp-content/uploads/2025/09/Loi-ich-chinh-khi-su-dung-TikTok-Business-Center.png]
[lemondigital.vn/wp-content/uploads/2025/09/Huong-dan-thiet-lap-tai-khoan-TikTok-Business-Center.png]
[lemondigital.vn/wp-content/uploads/2025/09/Danh-cho-Agency-Quan-ly-nhieu-khach-hang-voi-Business-Center.png]
[lemondigital.vn/kien-thuc-tiktok/tiktok-business-center/index.html]
[lemondigital.vn/category/kien-thuc-tiktok/index9b2f.html]
[lemondigital.vn/wp-content/uploads/essential-addons-elementor/eael-10f4c5.js]
[lemondigital.vn/wp-content/uploads/2025/08/94.png]
[lemondigital.vn/wp-content/uploads/2025/07/96.png]
[lemondigital.vn/kien-thuc-tiktok/16-cach-tang-follow-tiktok-mien-phi-2025/index.html]
[lemondigital.vn/wp-content/uploads/2025/07/95-1.png]
[lemondigital.vn/wp-content/uploads/2025/07/94-1.png]
[lemondigital.vn/kien-thuc-tiktok/15-cach-tai-video-tiktok-khong-logo/index.html]
[lemondigital.vn/wp-content/uploads/2025/07/93-1.png]
[lemondigital.vn/kien-thuc-tiktok/16-cach-kiem-tien-tren-tiktok/index.html]
[lemondigital.vn/kien-thuc-tiktok/cach-sao-chep-lien-ket-tiktok/index.html]
[lemondigital.vn/wp-content/uploads/2025/07/92-1.png]
[lemondigital.vn/kien-thuc-tiktok/cach-tang-tim-tren-tiktok-hieu-qua/index.html]
[lemondigital.vn/wp-content/uploads/2025/07/29-1.png]
[lemondigital.vn/tin-tuc/cach-chan-bo-chan-nguoi-dung-tren-tiktok/index.html]
[lemondigital.vn/tin-tuc/cach-doi-ten-tiktok-tren-dien-thoai-va-may-tinh/index.html]
[lemondigital.vn/wp-content/uploads/2025/07/LEMON-DIGITAL-3-1.png]
[lemondigital.vn/wp-content/uploads/2025/07/21-1.png]
[lemondigital.vn/category/kien-thuc-tiktok/index2cc3.html]
[lemondigital.vn/tin-tuc/18-cach-kiem-tien-tren-tiktok-2025/index.html]
[lemondigital.vn/wp-content/uploads/2025/05/8-4.png]
[lemondigital.vn/kien-thuc-tiktok/cach-xem-video-da-xem-tren-tiktok-cuc-don-gian/index.html]
[lemondigital.vn/wp-content/uploads/2025/05/7-2.png]
[lemondigital.vn/tin-tuc/tick-xanh-tiktok-la-gi/index.html]
[lemondigital.vn/kien-thuc-tiktok/cach-tao-tiktok-shop/index.html]
[lemondigital.vn/wp-content/uploads/2025/05/6-1.png]
[lemondigital.vn/tin-tuc/dieu-kien-mo-tiktok-shop-chi-tiet-2025/index.html]
[lemondigital.vn/wp-content/uploads/2025/05/5-2.png]
[lemondigital.vn/wp-content/uploads/2025/05/4-2.png]
[lemondigital.vn/wp-content/uploads/2025/05/3.png]
[lemondigital.vn/wp-content/uploads/2025/05/2-1.png]
[lemondigital.vn/tin-tuc/6-buoc-ban-hang-tren-tiktok-shop/index.html]
[lemondigital.vn/wp-content/uploads/2025/05/1-4.png]
[lemondigital.vn/category/kien-thuc-tiktok/indexf403.html]
[lemondigital.vn/tin-tuc/cach-ban-hang-tren-tiktok-shop/index.html]
[lemondigital.vn/kien-thuc-tiktok/tiktok-creator-marketplace/index.html]
[lemondigital.vn/kien-thuc-tiktok/dich-vu-quang-cao-tiktok-ads/index.html]
[lemondigital.vn/kien-thuc-tiktok/tiktok-agency/index.html]
[lemondigital.vn/wp-content/uploads/essential-addons-elementor/eael-105802.css]
[lemondigital.vn/wp-content/uploads/2025/06/10.png]
[lemondigital.vn/wp-content/uploads/2025/06/9.png]
[lemondigital.vn/category/kien-thuc-shopee/page/3/index.html]
[lemondigital.vn/wp-content/uploads/2025/06/8.png]
[lemondigital.vn/tin-tuc/shopee-mall-la-gi-dieu-kien-cach-dang-ky/index.html]
[lemondigital.vn/tin-tuc/shopee-affiliate-la-gi-kiem-tien-de-dang/index.html]
[lemondigital.vn/wp-content/uploads/2025/06/7.png]
[lemondigital.vn/tin-tuc/cach-huy-don-hang-tren-shopee/index.html]
[lemondigital.vn/tin-tuc/shopee-cua-nuoc-nao/index.html]
[lemondigital.vn/wp-content/uploads/2025/06/6.png]
[lemondigital.vn/tin-tuc/cach-san-sale-shopee-khong-lo-ve-gia/index.html]
[lemondigital.vn/wp-content/uploads/2025/06/5.png]
[lemondigital.vn/tin-tuc/cach-ban-hang-tren-shopee-hieu-qua/index.html]
[lemondigital.vn/wp-content/uploads/2025/06/4.png]
[lemondigital.vn/tin-tuc/vi-shopee-pay-la-gi/index.html]
[lemondigital.vn/wp-content/uploads/2025/06/3-1.png]
[lemondigital.vn/tin-tuc/cach-dang-ky-thuong-hieu-tren-shopee/index.html]
[lemondigital.vn/category/kien-thuc-shopee/page/2/index.html]
[lemondigital.vn/wp-content/uploads/essential-addons-elementor/eael-105802.js]
[lemondigital.vn/kien-thuc-shopee/cach-xoa-tai-khoan-shopee-pay/feed/index.html]
[lemondigital.vn/wp-json/wp/v2/posts/5643.json]
[lemondigital.vn/wp-json/oembed/1.0/embede1d1.json]
[lemondigital.vn/wp-json/oembed/1.0/embed4730]
[lemondigital.vn/wp-content/uploads/2025/09/Co-the-xoa-tai-khoan-ShopeePay-vinh-vien-khong.png]
[lemondigital.vn/wp-content/uploads/2025/09/Rut-toan-bo-so-du-ve-tai-khoan-ngan-hang.png]
[lemondigital.vn/wp-content/uploads/2025/09/Huy-lien-ket-ShopeePay-tat-ca-cac-the-tai-khoan-ngan-hang.png]
[lemondigital.vn/wp-content/uploads/2025/09/Khong-co-giao-dich-nao-dang-cho-xu-ly.png]
[lemondigital.vn/wp-content/uploads/2025/09/Vi-ShopeePay-dang-o-trang-thai-hoat-dong-binh-thuong.png]
[lemondigital.vn/wp-content/uploads/2025/09/Huong-dan-cach-xoa-tai-khoan-ShopeePay-chi-tiet.png]
[lemondigital.vn/kien-thuc-shopee/cach-xoa-tai-khoan-shopee-pay/index.html]
[lemondigital.vn/wp-content/uploads/essential-addons-elementor/eael-1046db.css]
[lemondigital.vn/kien-thuc-shopee/cach-tai-shopee-tren-may-tinh/feed/index.html]
[lemondigital.vn/wp-json/wp/v2/posts/5634.json]
[lemondigital.vn/wp-json/oembed/1.0/embed7933.json]
[lemondigital.vn/wp-json/oembed/1.0/embed7a92]
[lemondigital.vn/wp-content/uploads/2025/09/Tai-sao-nen-tai-Shopee-ve-may-tinh.png]
[lemondigital.vn/wp-content/uploads/2025/09/Cach-1-Tai-Shopee-ve-may-tinh-bang-Google-Chrome.png]
[lemondigital.vn/wp-content/uploads/2025/09/Cach-2-Tai-Shopee-bang-phan-mem-gia-lap-Android.png]
[lemondigital.vn/wp-content/uploads/2025/09/Buoc-1-Tai-va-cai-dat-mot-phan-mem-gia-lap-Vi-du-NoxPlayer.png]
[lemondigital.vn/wp-content/uploads/2025/09/Buoc-2-Mo-CH-Play-trong-gia-lap.png]
[lemondigital.vn/wp-content/uploads/2025/09/Buoc-3-Tim-va-cai-dat-ung-dung-Shopee.png]
[lemondigital.vn/kien-thuc-shopee/cach-tai-shopee-tren-may-tinh/index.html]
[lemondigital.vn/wp-content/uploads/essential-addons-elementor/eael-1046db.js]
[lemondigital.vn/wp-content/uploads/essential-addons-elementor/eael-103d55.css]
[lemondigital.vn/kien-thuc-shopee/shopee-la-cua-nuoc-nao/feed/index.html]
[lemondigital.vn/wp-json/wp/v2/posts/5623.json]
[lemondigital.vn/wp-json/oembed/1.0/embed1e5f.json]
[lemondigital.vn/wp-json/oembed/1.0/embedb0cf]
[lemondigital.vn/wp-content/uploads/2025/09/Shopee-la-cua-nuoc-nao.png]
[lemondigital.vn/wp-content/uploads/2025/09/Lich-su-hinh-thanh-va-cong-ty-me-cua-Shopee.png]
[lemondigital.vn/wp-content/uploads/2025/09/Gia-nhap-thi-truong-va-nhanh-chong-thong-linh.png]
[lemondigital.vn/wp-content/uploads/2025/09/Nhung-chien-luoc-giup-Shopee-thanh-cong-tai-Viet-Nam.png]
[lemondigital.vn/wp-content/uploads/2025/09/36fffcf5-a3db-439d-8722-916309b9f836.png]
[lemondigital.vn/kien-thuc-shopee/shopee-la-cua-nuoc-nao/index.html]
[lemondigital.vn/wp-content/uploads/essential-addons-elementor/eael-103d55.js]
[lemondigital.vn/wp-content/uploads/essential-addons-elementor/eael-10b2ee.css]
[lemondigital.vn/kien-thuc-shopee/cach-chay-quang-cao-shopee/feed/index.html]
[lemondigital.vn/wp-json/wp/v2/posts/5320.json]
[lemondigital.vn/wp-json/oembed/1.0/embed3642.json]
[lemondigital.vn/wp-json/oembed/1.0/embed6f09]
[lemondigital.vn/wp-content/uploads/2025/08/0fc44b4e-f08d-4444-a214-6c5b58b39a54.png]
[lemondigital.vn/wp-content/uploads/2025/08/2288ddcf-b58d-4a7a-a322-ec8c4e3a200d.png]
[lemondigital.vn/wp-content/uploads/2025/08/771ab3ce-aea8-4529-aaf1-74ce7139c17d.png]
[lemondigital.vn/wp-content/uploads/2025/08/93ca4217-dfb8-418b-a98d-4cbfda828cb4.png]
[lemondigital.vn/wp-content/uploads/2025/08/a32353ae-416e-40f5-8955-cbca83e5d4cb.png]
[lemondigital.vn/wp-content/uploads/2025/08/f50a07da-0f6a-4701-bf1f-3944d45ce18a.png]
[lemondigital.vn/wp-content/uploads/2025/08/73748219-98c3-4202-aaa0-13b99e480515.png]
[lemondigital.vn/wp-content/uploads/2025/08/082b087a-4f78-4202-a2ff-0cd4a600a99b.png]
[lemondigital.vn/kien-thuc-shopee/cach-chay-quang-cao-shopee/index.html]
[lemondigital.vn/wp-content/uploads/essential-addons-elementor/eael-10b2ee.js]
[lemondigital.vn/wp-content/uploads/essential-addons-elementor/eael-10900b.css]
[lemondigital.vn/kien-thuc-shopee/lich-rut-tien-shopee/feed/index.html]
[lemondigital.vn/wp-json/wp/v2/posts/5310.json]
[lemondigital.vn/wp-json/oembed/1.0/embed5083.json]
[lemondigital.vn/wp-json/oembed/1.0/embed9926]
[lemondigital.vn/wp-content/uploads/2025/08/613cb758-3583-4a75-8404-92e4568d9c7a.png]
[lemondigital.vn/wp-content/uploads/2025/08/79c2af14-aeac-4043-8014-10dde7a3bd9c.png]
[lemondigital.vn/wp-content/uploads/2025/08/bcc56629-bc04-4f44-b915-0bd7ec6bea0d.png]
[lemondigital.vn/wp-content/uploads/2025/08/6ea5b0b4-560f-49f7-8339-979556f993f3.png]
[lemondigital.vn/kien-thuc-shopee/lich-rut-tien-shopee/index.html]
[lemondigital.vn/wp-content/uploads/essential-addons-elementor/eael-10900b.js]
[lemondigital.vn/wp-content/uploads/essential-addons-elementor/eael-102898.css]
[lemondigital.vn/kien-thuc-shopee/cach-lien-ket-tai-khoan-ngan-hang-voi-shopee-pay/feed/index.html]
[lemondigital.vn/wp-json/wp/v2/posts/5304.json]
[lemondigital.vn/wp-json/oembed/1.0/embede2dd.json]
[lemondigital.vn/wp-json/oembed/1.0/embed0a59]
[lemondigital.vn/wp-content/uploads/2025/08/60544347-245e-4327-a213-a927d2e91166.png]
[lemondigital.vn/wp-content/uploads/2025/08/f65202a3-0af9-4186-88e3-9c1a2d9add0c.png]
[lemondigital.vn/wp-content/uploads/2025/08/78c8b10f-559f-42e5-8ce4-9769b50b06e6.png]
[lemondigital.vn/kien-thuc-shopee/cach-lien-ket-tai-khoan-ngan-hang-voi-shopee-pay/index.html]
[lemondigital.vn/wp-content/uploads/essential-addons-elementor/eael-102898.js]
[lemondigital.vn/wp-content/uploads/essential-addons-elementor/eael-10cd30.css]
[lemondigital.vn/kien-thuc-shopee/cach-livestream-tren-shopee/feed/index.html]
[lemondigital.vn/wp-json/wp/v2/posts/5294.json]
[lemondigital.vn/wp-json/oembed/1.0/embed28d1.json]
[lemondigital.vn/wp-json/oembed/1.0/embed91d6]
[lemondigital.vn/wp-content/uploads/2025/08/f6a219ba-25a1-418b-82a1-fc94c55ecdb8.png]
[lemondigital.vn/wp-content/uploads/2025/08/ba60e3e1-db01-44d2-9eaf-0c347981c901.png]
[lemondigital.vn/wp-content/uploads/2025/08/09293031-47a0-411e-805b-068aee86fabf.png]
[lemondigital.vn/wp-content/uploads/2025/08/dcb41bf0-d6e4-4366-9364-9e51821b2aa8.png]
[lemondigital.vn/wp-content/uploads/2025/08/9270abd1-cad3-43a8-b28f-86371be43b6c.png]
[lemondigital.vn/wp-content/uploads/2025/08/780782c5-e7ba-4c3d-aa6f-4e9d6bf855cc.png]
[lemondigital.vn/wp-content/uploads/2025/08/b6307d59-4b46-401a-88ac-d7742834a0a4.png]
[lemondigital.vn/kien-thuc-shopee/cach-livestream-tren-shopee/index.html]
[lemondigital.vn/category/kien-thuc-shopee/index9b2f.html]
[lemondigital.vn/wp-content/uploads/essential-addons-elementor/eael-10cd30.js]
[lemondigital.vn/wp-content/uploads/2025/06/2.png]
[lemondigital.vn/tin-tuc/phi-dich-vu-shopee-la-gi/index.html]
[lemondigital.vn/wp-content/uploads/2025/06/1-2.png]
[lemondigital.vn/wp-content/uploads/2024/12/5224.jpg]
[lemondigital.vn/tin-tuc/dich-vu-van-hanh-shopee-chuyen-nghiep/index.html]
[lemondigital.vn/kien-thuc-shopee/shopee-du-doan-3-xu-huong-tieu-dung-noi-bat-tai-viet-nam-nam-2023/index.html]
[lemondigital.vn/kien-thuc-shopee/10-san-thuong-mai-dien-tu-hut-khach-nhat-viet-nam/index.html]
[lemondigital.vn/wp-content/uploads/2024/12/300445492-1295443631260046-1157767861855340834-n-238.png]
[lemondigital.vn/wp-content/uploads/2024/12/cach-tim-san-pham-ban-chay-tren-shopee-1.jpg]
[lemondigital.vn/category/kien-thuc-shopee/index2cc3.html]
[lemondigital.vn/wp-content/uploads/essential-addons-elementor/eael-10c5a1.css]
[lemondigital.vn/kien-thuc-shopee/huong-dan-cach-tim-sản-phẩm-ban-chạy-trên-shopee/index.html]
[lemondigital.vn/wp-content/uploads/2025/07/91-1.png]
[lemondigital.vn/category/kien-thuc-amazon/page/2/index.html]
[lemondigital.vn/wp-content/uploads/essential-addons-elementor/eael-109ae0.css]
[lemondigital.vn/wp-content/uploads/essential-addons-elementor/eael-10c5a1.js]
[lemondigital.vn/tin-tuc/dich-vu-van-hanh-amazon-hieu-qua/index.html]
[lemondigital.vn/wp-json/wp/v2/posts/5372.json]
[lemondigital.vn/kien-thuc-amazon/amazon-prime-la-gi/feed/index.html]
[lemondigital.vn/wp-json/oembed/1.0/embeda366.json]
[lemondigital.vn/wp-json/oembed/1.0/embed10db]
[lemondigital.vn/wp-content/uploads/2025/08/141dfa93-cc62-4d9e-9e7c-4c310d0028c5.png]
[lemondigital.vn/wp-content/uploads/2025/08/5f401876-0cc0-4e00-b71f-819c9c820a76.png]
[lemondigital.vn/wp-content/uploads/2025/08/74b51aab-f425-466f-a5bf-42ccfe4cd7b2.png]
[lemondigital.vn/wp-content/uploads/2025/08/3a4f6a66-d9c7-4f36-bd80-ad42619e5f4d.png]
[lemondigital.vn/wp-content/uploads/2025/08/8d5c4114-0e68-4fc1-9f26-3f202da8782b.png]
[lemondigital.vn/wp-content/uploads/2025/08/e628ab5b-d634-45df-b9c0-f58e4497add6.png]
[lemondigital.vn/wp-content/uploads/2025/08/c7ccbb69-ec2a-4385-ad94-2653a4cc79dd.png]
[lemondigital.vn/wp-content/uploads/2025/08/b5efd10d-08a6-4a99-a422-69edceb2763b.png]
[lemondigital.vn/kien-thuc-amazon/amazon-prime-la-gi/index.html]
[lemondigital.vn/wp-content/uploads/essential-addons-elementor/eael-104445.css]
[lemondigital.vn/kien-thuc-amazon/amazon-fba-la-gi/feed/index.html]
[lemondigital.vn/wp-json/wp/v2/posts/5364.json]
[lemondigital.vn/wp-json/oembed/1.0/embed375e.json]
[lemondigital.vn/wp-json/oembed/1.0/embed885c]
[lemondigital.vn/wp-content/uploads/2025/08/437ec72c-fb8b-4204-8360-e671fba5685a.png]
[lemondigital.vn/wp-content/uploads/2025/08/e67ec166-c173-4ac0-b7f4-d048cce11527.png]
[lemondigital.vn/wp-content/uploads/2025/08/df6ee788-4a52-4f56-8969-c1081236b742.png]
[lemondigital.vn/wp-content/uploads/2025/08/7186e9ec-cc63-44aa-8973-bac0cf8186ab.png]
[lemondigital.vn/wp-content/uploads/2025/08/16bbac5f-b4c2-4a2d-b748-b404bebb9fe2.png]
[lemondigital.vn/kien-thuc-amazon/amazon-fba-la-gi/index.html]
[lemondigital.vn/wp-content/uploads/essential-addons-elementor/eael-104445.js]
[lemondigital.vn/wp-content/uploads/essential-addons-elementor/eael-109f06.css]
[lemondigital.vn/kien-thuc-amazon/amazon-la-gi/feed/index.html]
[lemondigital.vn/wp-json/wp/v2/posts/5355.json]
[lemondigital.vn/wp-json/oembed/1.0/embedc9ea.json]
[lemondigital.vn/wp-json/oembed/1.0/embed2f1c]
[lemondigital.vn/wp-content/uploads/2025/08/d0d76748-1766-42b2-86e9-2f49fafad184.png]
[lemondigital.vn/wp-content/uploads/2025/08/ee9a8963-3532-4f18-ab79-37495128752e.png]
[lemondigital.vn/wp-content/uploads/2025/08/6234730a-b5aa-4678-a08b-719eb902f333.png]
[lemondigital.vn/wp-content/uploads/2025/08/a6757846-d0e0-43fc-9fb3-85067edc5209.png]
[lemondigital.vn/wp-content/uploads/2025/08/41246270-832b-40c0-ac73-b7733459b8de.png]
[lemondigital.vn/wp-content/uploads/2025/08/69e2c9f5-d567-480a-839b-b0ced04ad0d3.png]
[lemondigital.vn/kien-thuc-amazon/amazon-la-gi/index.html]
[lemondigital.vn/wp-content/uploads/essential-addons-elementor/eael-109f06.js]
[lemondigital.vn/wp-content/uploads/essential-addons-elementor/eael-109d31.css]
[lemondigital.vn/kien-thuc-amazon/cach-lam-dropshipping-tren-amazon/feed/index.html]
[lemondigital.vn/wp-json/wp/v2/posts/5342.json]
[lemondigital.vn/wp-json/oembed/1.0/embed5fda.json]
[lemondigital.vn/wp-json/oembed/1.0/embedc3d7]
[lemondigital.vn/wp-content/uploads/2025/08/fe4d336a-53b7-44c1-b9b5-6940063e07cc.png]
[lemondigital.vn/wp-content/uploads/2025/08/222a6e2b-86f7-47ea-b8cc-544eab1ba13a.png]
[lemondigital.vn/wp-content/uploads/2025/08/2d01eb0c-829f-4538-88de-57fc82e34787.png]
[lemondigital.vn/wp-content/uploads/2025/08/752d89ad-736e-40cb-86f2-e62cd571338f.png]
[lemondigital.vn/wp-content/uploads/2025/08/a6efcb49-b4e0-4794-92a5-9c638b0f9a5f.png]
[lemondigital.vn/wp-content/uploads/2025/08/4db2c2eb-8294-43f3-b297-27dfbcbb520b.png]
[lemondigital.vn/wp-content/uploads/2025/08/a43a55ac-80b4-4347-9086-1d8e4bb7e303.png]
[lemondigital.vn/kien-thuc-amazon/cach-lam-dropshipping-tren-amazon/index.html]
[lemondigital.vn/wp-content/uploads/essential-addons-elementor/eael-109d31.js]
[lemondigital.vn/wp-content/uploads/essential-addons-elementor/eael-10ed77.css]
[lemondigital.vn/kien-thuc-amazon/cach-dang-ky-tai-khoan-amazon-kindle/feed/index.html]
[lemondigital.vn/wp-json/wp/v2/posts/5331.json]
[lemondigital.vn/wp-json/oembed/1.0/embed8750.json]
[lemondigital.vn/wp-json/oembed/1.0/embedeb92]
[lemondigital.vn/wp-content/uploads/2025/08/f11a339e-9415-4310-a2e6-cfbf75d60471.png]
[lemondigital.vn/wp-content/uploads/2025/08/df028794-03a2-440e-b370-926209be91f2.png]
[lemondigital.vn/wp-content/uploads/2025/08/0a0e05aa-d8b6-463d-b23c-0349c6a8bc99.png]
[lemondigital.vn/wp-content/uploads/2025/08/648a259c-0191-447f-8bed-915afc301983.png]
[lemondigital.vn/wp-content/uploads/2025/08/b5e666a1-f55e-4916-8618-4e525a591f86.png]
[lemondigital.vn/wp-content/uploads/2025/08/bb7bac54-44f2-45a4-aa9e-52d35b7dc2f3.png]
[lemondigital.vn/wp-content/uploads/2025/08/60d24341-57d2-465a-aaf0-e294cfc94da1.png]
[lemondigital.vn/kien-thuc-amazon/cach-dang-ky-tai-khoan-amazon-kindle/index.html]
[lemondigital.vn/wp-content/uploads/essential-addons-elementor/eael-10ed77.js]
[lemondigital.vn/wp-content/uploads/essential-addons-elementor/eael-10e5a6.css]
[lemondigital.vn/kien-thuc-amazon/cach-huy-don-hang-dinh-ky-tren-amazon-nhanh/feed/index.html]
[lemondigital.vn/wp-json/wp/v2/posts/4604.json]
[lemondigital.vn/wp-json/oembed/1.0/embed1070.json]
[lemondigital.vn/wp-json/oembed/1.0/embedcc34]
[lemondigital.vn/wp-content/uploads/2025/07/59-2.png]
[lemondigital.vn/wp-content/uploads/2025/07/LEMON-DIGITAL-10.png]
[lemondigital.vn/wp-content/uploads/2025/07/58.png]
[lemondigital.vn/wp-content/uploads/2025/07/LEMON-DIGITAL-3.png]
[lemondigital.vn/wp-content/uploads/2025/07/59-1.png]
[lemondigital.vn/kien-thuc-amazon/cach-huy-don-hang-dinh-ky-tren-amazon-nhanh/index.html]
[lemondigital.vn/wp-content/uploads/essential-addons-elementor/eael-10e5a6.js]
[lemondigital.vn/wp-content/uploads/essential-addons-elementor/eael-105e6c.css]
[lemondigital.vn/kien-thuc-amazon/kiem-tien-voi-amazon-cung-11-meo/feed/index.html]
[lemondigital.vn/wp-json/wp/v2/posts/4591.json]
[lemondigital.vn/wp-json/oembed/1.0/embed2017.json]
[lemondigital.vn/wp-json/oembed/1.0/embed7d86]
[lemondigital.vn/wp-content/uploads/2025/07/65-2.png]
[lemondigital.vn/wp-content/uploads/2025/07/67.png]
[lemondigital.vn/wp-content/uploads/2025/07/LEMON-DIGITAL-9.png]
[lemondigital.vn/wp-content/uploads/2025/07/LEMON-DIGITAL-4.png]
[lemondigital.vn/wp-content/uploads/2025/07/LEMON-DIGITAL-8.png]
[lemondigital.vn/wp-content/uploads/2025/07/LEMON-DIGITAL-6.png]
[lemondigital.vn/wp-content/uploads/2025/07/LEMON-DIGITAL-7.png]
[lemondigital.vn/wp-content/uploads/2025/07/LEMON-DIGITAL-5-1.png]
[lemondigital.vn/kien-thuc-amazon/kiem-tien-voi-amazon-cung-11-meo/index.html]
[lemondigital.vn/wp-content/uploads/essential-addons-elementor/eael-105e6c.js]
[lemondigital.vn/wp-content/uploads/essential-addons-elementor/eael-10ed92.css]
[lemondigital.vn/kien-thuc-amazon/cach-mua-hang-tren-amazon/feed/index.html]
[lemondigital.vn/wp-json/wp/v2/posts/4586.json]
[lemondigital.vn/wp-json/oembed/1.0/embed8520.json]
[lemondigital.vn/wp-json/oembed/1.0/embed9251]
[lemondigital.vn/wp-content/uploads/2025/07/56.png]
[lemondigital.vn/wp-content/uploads/2025/07/65-1.png]
[lemondigital.vn/wp-content/uploads/2025/07/54.png]
[lemondigital.vn/kien-thuc-amazon/cach-mua-hang-tren-amazon/index.html]
[lemondigital.vn/wp-content/uploads/essential-addons-elementor/eael-10ed92.js]
[lemondigital.vn/wp-content/uploads/essential-addons-elementor/eael-101e5d.css]
[lemondigital.vn/tin-tuc/cach-ban-hang-tren-amazon-chi-tiet-tu-a-z/feed/index.html]
[lemondigital.vn/wp-json/wp/v2/posts/4561.json]
[lemondigital.vn/wp-json/oembed/1.0/embedb6c7.json]
[lemondigital.vn/wp-json/oembed/1.0/embed3e49]
[lemondigital.vn/wp-content/uploads/2025/07/55.png]
[lemondigital.vn/wp-content/uploads/2025/07/LEMON-DIGITAL-5.png]
[lemondigital.vn/tin-tuc/cach-ban-hang-tren-amazon-chi-tiet-tu-a-z/index.html]
[lemondigital.vn/category/kien-thuc-amazon/index9b2f.html]
[lemondigital.vn/wp-content/uploads/essential-addons-elementor/eael-102a98.css]
[lemondigital.vn/wp-content/uploads/essential-addons-elementor/eael-101e5d.js]
[lemondigital.vn/su-kien/lemon-digital-tai-tiktok-shop-vietnam-2025/feed/index.html]
[lemondigital.vn/wp-json/wp/v2/posts/4879.json]
[lemondigital.vn/wp-json/oembed/1.0/embedc552.json]
[lemondigital.vn/wp-json/oembed/1.0/embedb83d]
[lemondigital.vn/wp-content/uploads/2025/07/48.png]
[lemondigital.vn/wp-content/uploads/2025/07/50.png]
[lemondigital.vn/wp-content/uploads/2025/07/53-3.png]
[lemondigital.vn/wp-content/uploads/2025/07/55-2.png]
[lemondigital.vn/wp-content/uploads/2025/07/54-2.png]
[lemondigital.vn/wp-content/uploads/2025/07/51-1.png]
[lemondigital.vn/wp-content/uploads/2025/07/49.png]
[lemondigital.vn/su-kien/lemon-digital-tai-tiktok-shop-vietnam-2025/index.html]
[lemondigital.vn/wp-content/uploads/essential-addons-elementor/eael-104d62.css]
[lemondigital.vn/su-kien/lemon-digital-duoc-shopee-vinh-danh-2025/feed/index.html]
[lemondigital.vn/wp-json/wp/v2/posts/4680.json]
[lemondigital.vn/wp-json/oembed/1.0/embed042a.json]
[lemondigital.vn/wp-json/oembed/1.0/embed39f3]
[lemondigital.vn/wp-content/uploads/2025/07/142.png]
[lemondigital.vn/wp-content/uploads/2025/07/141.png]
[lemondigital.vn/wp-content/uploads/2025/07/139.png]
[lemondigital.vn/wp-content/uploads/2025/07/137.png]
[lemondigital.vn/wp-content/uploads/2025/07/135.png]
[lemondigital.vn/wp-content/uploads/2025/07/35.png]
[lemondigital.vn/wp-content/uploads/2025/07/41.png]
[lemondigital.vn/wp-content/uploads/2025/07/138.png]
[lemondigital.vn/wp-content/uploads/2025/07/136.png]
[lemondigital.vn/su-kien/lemon-digital-duoc-shopee-vinh-danh-2025/index.html]
[lemondigital.vn/wp-content/uploads/essential-addons-elementor/eael-10d61f.css]
[lemondigital.vn/wp-content/uploads/essential-addons-elementor/eael-104d62.js]
[lemondigital.vn/wp-content/uploads/2024/12/Artboard-1-copy-1.png]
[lemondigital.vn/wp-content/uploads/elementor/css/post-2558a950.css]
[lemondigital.vn/index5caa.html]
[lemondigital.vn/wp-content/uploads/essential-addons-elementor/eael-102f02.css]
[lemondigital.vn/wp-content/uploads/2024/12/sdfee-scaled.png]
[lemondigital.vn/wp-content/uploads/elementor/css/post-2648ea09.css]
[lemondigital.vn/index16e6.html]
[lemondigital.vn/wp-content/uploads/essential-addons-elementor/eael-10479f.css]
[lemondigital.vn/wp-content/uploads/elementor/css/custom-widget-image-box.min91a6.css]
[lemondigital.vn/wp-content/uploads/elementor/css/post-29097039.css]
[lemondigital.vn/index0614.html]
[lemondigital.vn/wp-content/uploads/essential-addons-elementor/eael-10e601.css]
[lemondigital.vn/wp-content/uploads/elementor/css/post-2995ccac.css]
[lemondigital.vn/index1b7a.html]
[lemondigital.vn/wp-content/uploads/2025/05/SAMSUNG-SHOPEE.png]
[lemondigital.vn/wp-content/uploads/2025/05/SAMSUNG-LAZADA.png]
[lemondigital.vn/wp-content/uploads/essential-addons-elementor/eael-104e3e.css]
[lemondigital.vn/wp-content/uploads/elementor/css/post-32127039.css]
[lemondigital.vn/index4811.html]
[lemondigital.vn/wp-content/uploads/essential-addons-elementor/eael-1006d3.css]
[lemondigital.vn/wp-content/uploads/elementor/css/post-3333c3ca.css]
[lemondigital.vn/indexa951.html]
[lemondigital.vn/wp-content/uploads/essential-addons-elementor/eael-10ac36.css]
[lemondigital.vn/wp-content/uploads/elementor/css/post-27872a63.css]
[lemondigital.vn/index29be.html]
[lemondigital.vn/wp-content/uploads/essential-addons-elementor/eael-106bbf.css]
[lemondigital.vn/wp-content/uploads/elementor/css/post-1252a63.css]
[lemondigital.vn/index913e.html]
[lemondigital.vn/2024/12/19/index.html]
[lemondigital.vn/wp-content/uploads/essential-addons-elementor/eael-10bcc4.css]
[lemondigital.vn/index7f8f.html]
[lemondigital.vn/2024/12/29/index.html]
[lemondigital.vn/wp-content/uploads/essential-addons-elementor/eael-106dff.css]
[lemondigital.vn/index1001.html]
[lemondigital.vn/wp-content/uploads/2024/12/SaÌÌc-doÌ£Ì_DoÌ£Ì-baÌo-hoÌa-1.png]
[lemondigital.vn/tin-tuc/page/3/index.html]
[lemondigital.vn/wp-content/uploads/essential-addons-elementor/eael-104d45.css]
[lemondigital.vn/tin-tuc/indexed6c.html]
[lemondigital.vn/wp-content/plugins/elementor-pro/assets/css/widget-table-of-contents.mind92b.css]
[lemondigital.vn/wp-content/plugins/elementor-pro/assets/css/widget-posts.mind92b.css]
[lemondigital.vn/wp-content/uploads/elementor/css/post-4219b02.css]
[lemondigital.vn/indexfb62.html]
[lemondigital.vn/2025/09/26/index.html]
[lemondigital.vn/wp-content/plugins/elementor-pro/assets/css/modules/sticky.mind92b.css]
[lemondigital.vn/wp-content/uploads/essential-addons-elementor/eael-107da5.css]
[lemondigital.vn/indexc35a.html]
[lemondigital.vn/2025/09/20/index.html]
[lemondigital.vn/index963b.html]
[lemondigital.vn/2025/09/18/index.html]
[lemondigital.vn/wp-content/uploads/essential-addons-elementor/eael-107894.css]
[lemondigital.vn/indexdf9c.html]
[lemondigital.vn/wp-content/uploads/essential-addons-elementor/eael-10207f.css]
[lemondigital.vn/index701f.html]
[lemondigital.vn/2025/09/17/index.html]
[lemondigital.vn/wp-content/uploads/essential-addons-elementor/eael-100f44.css]
[lemondigital.vn/index6dbb.html]
[lemondigital.vn/wp-content/uploads/2025/05/s-blob-v1-IMAGE-cNTShA8n_K4.png]
[lemondigital.vn/wp-json/wp/v2/posts/5588.json]
[lemondigital.vn/tin-tuc/page/4/index.html]
[lemondigital.vn/kien-thuc-tiktok/tiktok-live-studio/feed/index.html]
[lemondigital.vn/wp-json/oembed/1.0/embed0ee5.json]
[lemondigital.vn/wp-json/oembed/1.0/embedefe5]
[lemondigital.vn/wp-content/uploads/2025/09/TikTok-Live-Studio-la-gi.png]
[lemondigital.vn/wp-content/uploads/2025/09/Cac-tinh-nang-chinh-danh-cho-nha-sang-tao-chuyen-nghiep.png]
[lemondigital.vn/wp-content/uploads/2025/09/Loi-ich-khi-su-dung-TikTok-Live-Studio-de-livestream.png]
[lemondigital.vn/wp-content/uploads/2025/09/So-sanh-TikTok-Live-Studio-va-tinh-nang-Live-tren-dien-thoai.png]
[lemondigital.vn/wp-content/uploads/2025/09/Huong-dan-cai-dat-va-su-dung-TikTok-Live-Studio-chi-tiet.png]
[lemondigital.vn/wp-content/uploads/2025/09/5-Meo-tang-tuong-tac-khi-livestream-bang-TikTok-Live-Studio.png]
[lemondigital.vn/kien-thuc-tiktok/tiktok-live-studio/index.html]
[lemondigital.vn/wp-content/uploads/essential-addons-elementor/eael-101d54.css]
[lemondigital.vn/kien-thuc-tiktok/cach-chay-gmv-max-tiktok/feed/index.html]
[lemondigital.vn/wp-json/wp/v2/posts/5260.json]
[lemondigital.vn/wp-json/oembed/1.0/embed96a8.json]
[lemondigital.vn/wp-json/oembed/1.0/embedc4fb]
[lemondigital.vn/wp-content/uploads/2025/08/0dfbe3f4-0391-456f-9432-29b82c6f76ca.png]
[lemondigital.vn/wp-content/uploads/2025/08/a1b7281a-5fc2-44dd-8571-e2c45a883f82.png]
[lemondigital.vn/wp-content/uploads/2025/08/196ee85d-2dea-4f84-ada0-7de60c7dadf9.png]
[lemondigital.vn/wp-content/uploads/2025/08/6c25b03e-cdc3-4310-b6f9-da30a2d447a2.png]
[lemondigital.vn/wp-content/uploads/2025/08/41af46c6-073d-48e7-902f-cffd24799848.png]
[lemondigital.vn/wp-content/uploads/2025/08/524e7fcc-2ee7-47ba-a733-db32ee61ca02.png]
[lemondigital.vn/wp-content/uploads/2025/08/1d7ab0f9-2398-489b-863c-c7370624178d.png]
[lemondigital.vn/wp-content/uploads/2025/08/81526fcc-5dcb-4929-ab7f-5b9461ba0004.png]
[lemondigital.vn/wp-content/uploads/2025/08/d9511886-be3a-4b15-af51-5fc0f2124aeb.png]
[lemondigital.vn/wp-content/uploads/2025/08/ad6a77c6-7ac0-49c2-8ac4-97563ed0f8de.png]
[lemondigital.vn/wp-content/uploads/2025/08/32e1bd5e-930f-47fa-9db7-efece6c4d592.png]
[lemondigital.vn/wp-content/uploads/2025/08/4f4015c1-7df9-4c12-b286-dd8ac10c28fb.png]
[lemondigital.vn/wp-content/uploads/2025/08/e1db2a16-ac68-47fd-806a-0ac42406c10d.png]
[lemondigital.vn/kien-thuc-tiktok/cach-chay-gmv-max-tiktok/index.html]
[lemondigital.vn/wp-content/uploads/essential-addons-elementor/eael-101d54.js]
[lemondigital.vn/kien-thuc-shopee/shopee-express-la-gi/feed/index.html]
[lemondigital.vn/wp-json/wp/v2/posts/5286.json]
[lemondigital.vn/wp-json/oembed/1.0/embeda36c.json]
[lemondigital.vn/wp-json/oembed/1.0/embedfdde]
[lemondigital.vn/wp-content/uploads/2025/08/f0444f01-170d-4efe-9a62-343bc580d25e.png]
[lemondigital.vn/wp-content/uploads/2025/08/9ccb9b92-c949-4341-a157-1c7ed6009387.png]
[lemondigital.vn/wp-content/uploads/2025/08/7d34ba2b-fdf1-4219-9232-0578852deed3.png]
[lemondigital.vn/wp-content/uploads/2025/08/efe19a3c-65cc-403f-8c34-d3a659903343.png]
[lemondigital.vn/kien-thuc-shopee/shopee-express-la-gi/index.html]
[lemondigital.vn/wp-content/uploads/essential-addons-elementor/eael-103ddd.css]
[lemondigital.vn/kien-thuc-tiktok/cach-tai-tiktok-ve-may-tinh/feed/index.html]
[lemondigital.vn/wp-json/wp/v2/posts/5275.json]
[lemondigital.vn/wp-json/oembed/1.0/embedb7c2.json]
[lemondigital.vn/wp-json/oembed/1.0/embedd2bd]
[lemondigital.vn/wp-content/uploads/2025/08/a750c2a3-1436-453a-8a63-a411c4e649d1.png]
[lemondigital.vn/wp-content/uploads/2025/08/0442e234-0042-4ee6-9d8c-d0573ff9c791.png]
[lemondigital.vn/wp-content/uploads/2025/08/02f51961-27d4-4680-83f7-b339580f38df.png]
[lemondigital.vn/wp-content/uploads/2025/08/b938569a-db5d-4692-8db1-1f7ce713de57.png]
[lemondigital.vn/wp-content/uploads/2025/08/d5eaf2e3-2547-4a48-b22d-3d04f592fca4.png]
[lemondigital.vn/wp-content/uploads/2025/08/83a4ccd6-9a05-4477-b369-9d7827f9b103.png]
[lemondigital.vn/wp-content/uploads/2025/08/8355b19e-47c6-4fb5-9c14-27ef0bd0ca8c.png]
[lemondigital.vn/kien-thuc-tiktok/cach-tai-tiktok-ve-may-tinh/index.html]
[lemondigital.vn/wp-content/uploads/essential-addons-elementor/eael-103ddd.js]
[lemondigital.vn/wp-content/uploads/essential-addons-elementor/eael-105be0.css]
[lemondigital.vn/kien-thuc-tiktok/live-gmv-max/feed/index.html]
[lemondigital.vn/wp-json/wp/v2/posts/5248.json]
[lemondigital.vn/wp-json/oembed/1.0/embed12b5.json]
[lemondigital.vn/wp-json/oembed/1.0/embedb560]
[lemondigital.vn/wp-content/uploads/2025/08/5da149a4-6b6c-4cfc-845e-fb7217a55506.png]
[lemondigital.vn/wp-content/uploads/2025/08/8c41c605-93ed-4e2d-b5e0-473b26bffe13.png]
[lemondigital.vn/wp-content/uploads/2025/08/1962e528-fe06-4a77-9a63-d5ae1519aeec.png]
[lemondigital.vn/kien-thuc-tiktok/live-gmv-max/index.html]
[lemondigital.vn/wp-content/uploads/essential-addons-elementor/eael-105be0.js]
[lemondigital.vn/wp-content/uploads/essential-addons-elementor/eael-102912.css]
[lemondigital.vn/kien-thuc-tiktok/gmv-max-khong-can-tien/feed/index.html]
[lemondigital.vn/wp-json/wp/v2/posts/5233.json]
[lemondigital.vn/wp-content/uploads/2025/08/a9fe00bf-6e38-45d1-bf3b-31f7ed0c5d11.png]
[lemondigital.vn/wp-content/uploads/2025/08/ee8ece03-3bc1-42d9-a6da-a837395027b2.png]
[lemondigital.vn/wp-content/uploads/2025/08/2157146e-fa44-4189-b677-fd1d04e87bae.png]
[lemondigital.vn/wp-content/uploads/2025/08/435a698e-2bc8-40aa-abed-0573c24b69a4.png]
[lemondigital.vn/wp-content/uploads/2025/08/142934a6-906d-4cf0-81de-dabe49b5ac2d.png]
[lemondigital.vn/wp-content/uploads/2025/08/cb220125-c216-4f63-9fd3-25e4267cc508.png]
[lemondigital.vn/kien-thuc-tiktok/gmv-max-khong-can-tien/index.html]
[lemondigital.vn/wp-content/uploads/essential-addons-elementor/eael-102912.js]
[lemondigital.vn/wp-content/uploads/essential-addons-elementor/eael-10ebcb.css]
[lemondigital.vn/kien-thuc-tiktok/gmv-max-la-gi/feed/index.html]
[lemondigital.vn/wp-json/wp/v2/posts/5224.json]
[lemondigital.vn/wp-json/oembed/1.0/embedeb9d.json]
[lemondigital.vn/wp-json/oembed/1.0/embedd28f]
[lemondigital.vn/wp-content/uploads/2025/08/26cae2b4-e82c-49df-863a-b32a53aaed07.png]
[lemondigital.vn/wp-content/uploads/2025/08/f5877b7d-76f9-4012-bf87-a5c5d69c19d7.png]
[lemondigital.vn/wp-content/uploads/2025/08/73ae257f-aeda-4784-84f1-690f16d4d8dd.png]
[lemondigital.vn/wp-content/uploads/2025/08/88a88653-8793-499c-8a30-9a12ba6e7ca1.png]
[lemondigital.vn/kien-thuc-tiktok/gmv-max-la-gi/index.html]
[lemondigital.vn/wp-content/uploads/essential-addons-elementor/eael-10ebcb.js]
[lemondigital.vn/wp-content/uploads/essential-addons-elementor/eael-100db0.css]
[lemondigital.vn/category/kien-thuc-tiktok/page/3/index.html]
[lemondigital.vn/wp-content/uploads/essential-addons-elementor/eael-109431.css]
[lemondigital.vn/wp-content/uploads/essential-addons-elementor/eael-100db0.js]
[lemondigital.vn/wp-content/uploads/essential-addons-elementor/eael-10ab4e.css]
[lemondigital.vn/category/kien-thuc-tiktok/page/4/index.html]
[lemondigital.vn/kien-thuc-tiktok/hashtag-tiktok-tong-hop-hashtag-dang-trend/feed/index.html]
[lemondigital.vn/wp-json/wp/v2/posts/4984.json]
[lemondigital.vn/wp-json/oembed/1.0/embedb514.json]
[lemondigital.vn/wp-json/oembed/1.0/embed3806]
[lemondigital.vn/wp-content/uploads/2025/08/Ket-hop-hashtag-trending-va-niche-–-Su-dung-3–5-hashta.png]
[lemondigital.vn/wp-content/uploads/2025/08/Tang-kha-nang-hien-thi-tren-For-You-–-Thuat-toan-TikTok.png]
[lemondigital.vn/wp-content/uploads/2025/08/Tiep-can-dung-nhom-khan-gia-muc-tieu-–-Gan-hashtag.png]
[lemondigital.vn/wp-content/uploads/2025/08/Xay-dung-thuong-hieu-cong-dong-–-Hashtag-thu.png]
[lemondigital.vn/wp-content/uploads/2025/08/Hashtag-TikTok.png]
[lemondigital.vn/wp-content/uploads/2025/08/Ca-nhan-hoa-hashtag-thuong-hieu-–-Tao-hashtag-doc-quyen-nhu-ShopCuaToi-hoac-TenBan.png]
[lemondigital.vn/wp-content/uploads/2025/08/Them-hashtag-vao-phan-mo-ta-video.png]
[lemondigital.vn/wp-content/uploads/2025/08/Da-dang-hoa-hashtag-–-Ket-hop-pho-bien-it-canh-tranh-va-chuyen-biet.png]
[lemondigital.vn/wp-content/uploads/2025/08/Theo-doi-va-cap-nhat-hashtag-xu-huong-lien-tuc-–-Kiem-tra-muc-Kham-pha-moi-ngay.png]
[lemondigital.vn/wp-content/uploads/2025/08/Phan-tich-hashtag-cua-doi-thu.png]
[lemondigital.vn/kien-thuc-tiktok/hashtag-tiktok-tong-hop-hashtag-dang-trend/index.html]
[lemondigital.vn/wp-content/uploads/essential-addons-elementor/eael-10ab4e.js]
[lemondigital.vn/wp-content/uploads/essential-addons-elementor/eael-10d9b8.css]
[lemondigital.vn/kien-thuc-tiktok/flop-la-gi-nguyen-nhan-khien-video-bi-flop/feed/index.html]
[lemondigital.vn/wp-json/wp/v2/posts/4982.json]
[lemondigital.vn/wp-json/oembed/1.0/embed47d1.json]
[lemondigital.vn/wp-json/oembed/1.0/embed57c1]
[lemondigital.vn/wp-content/uploads/2025/08/Flop-la-gi.png]
[lemondigital.vn/wp-content/uploads/2025/08/Noi-dung-kem-hap-dan-hoac-thieu-sang-tao.png]
[lemondigital.vn/wp-content/uploads/2025/08/Vi-pham-tieu-chuan-cong-dong.png]
[lemondigital.vn/wp-content/uploads/2025/08/Tang-tai-quang-cao-hoac-dan-link-ben-ngoai.png]
[lemondigital.vn/wp-content/uploads/2025/08/Shadowban-hoac-tai-khoan-bi-han-che.png]
[lemondigital.vn/kien-thuc-tiktok/flop-la-gi-nguyen-nhan-khien-video-bi-flop/index.html]
[lemondigital.vn/wp-content/uploads/essential-addons-elementor/eael-10d9b8.js]
[lemondigital.vn/wp-content/uploads/essential-addons-elementor/eael-10719c.css]
[lemondigital.vn/kien-thuc-tiktok/cach-luu-anh-tren-tiktok/feed/index.html]
[lemondigital.vn/wp-json/wp/v2/posts/4980.json]
[lemondigital.vn/wp-content/uploads/2025/08/27.png]
[lemondigital.vn/wp-content/uploads/2025/08/LIVE.png]
[lemondigital.vn/wp-content/uploads/2025/08/ban-quyen.png]
[lemondigital.vn/wp-content/uploads/2025/08/An-toan-bao-mat-khi-dung-cong-cu-ben-thu-3.png]
[lemondigital.vn/kien-thuc-tiktok/cach-luu-anh-tren-tiktok/index.html]
[lemondigital.vn/wp-content/uploads/essential-addons-elementor/eael-10719c.js]
[lemondigital.vn/wp-content/uploads/2025/07/20-1.png]
[lemondigital.vn/wp-content/uploads/2025/07/19-1.png]
[lemondigital.vn/tin-tuc/cach-xoa-logo-tiktok-don-gian-full-hd/index.html]
[lemondigital.vn/kien-thuc-tiktok/cach-chup-hinh-tren-tiktok-sieu-don-gian/index.html]
[lemondigital.vn/wp-content/uploads/2025/07/Banner-Lemon-Digital.png]
[lemondigital.vn/tin-tuc/cach-live-tren-tiktok-sieu-de/index.html]
[lemondigital.vn/wp-content/uploads/2025/06/14.png]
[lemondigital.vn/tin-tuc/dich-vu-thue-tai-khoan-quang-cao-tiktok/index.html]
[lemondigital.vn/wp-content/uploads/2025/06/13-1.png]
[lemondigital.vn/wp-content/uploads/2025/06/12-1.png]
[lemondigital.vn/tin-tuc/tiktok-shop-partner-la-gi/index.html]
[lemondigital.vn/wp-content/uploads/2025/05/11-2.png]
[lemondigital.vn/wp-content/uploads/2025/05/10-1.png]
[lemondigital.vn/tin-tuc/tiktok-ads-la-gi/index.html]
[lemondigital.vn/wp-content/uploads/2025/05/9-2.png]
[lemondigital.vn/category/kien-thuc-tiktok/indexef52.html]
[lemondigital.vn/wp-content/uploads/essential-addons-elementor/eael-10efb5.css]
[lemondigital.vn/indexa6bb.html]
[lemondigital.vn/wp-content/uploads/essential-addons-elementor/eael-108aef.css]
[lemondigital.vn/tin-tuc/chi-phi-quang-cao-tiktok-chi-tiet-2025/index.html]
[lemondigital.vn/kien-thuc-tiktok/15-cach-xay-kenh-tiktok-len-xu-huong/index.html]
[lemondigital.vn/tin-tuc/cach-chay-quang-cao-video-tren-tiktok/index.html]
[lemondigital.vn/index5de7.html]
[lemondigital.vn/wp-content/uploads/essential-addons-elementor/eael-109c9d.css]
[lemondigital.vn/index3d61.html]
[lemondigital.vn/wp-json/oembed/1.0/embeda6f8]
[lemondigital.vn/wp-json/oembed/1.0/embed1a06]
[lemondigital.vn/wp-content/uploads/essential-addons-elementor/eael-10d13b.css]
[lemondigital.vn/index25b5.html]
[lemondigital.vn/2025/09/05/index.html]
[lemondigital.vn/wp-content/uploads/essential-addons-elementor/eael-10f4c5.css]
[lemondigital.vn/indexa055.html]
[lemondigital.vn/2025/09/03/index.html]
[lemondigital.vn/wp-content/uploads/2025/09/Buoc-2-Tim-den-muc-tuy-chon-noi-dung.png]
[lemondigital.vn/wp-content/uploads/2025/09/Buoc-1-Truy-cap-vao-menu-Cai-dat.png]
[lemondigital.vn/kien-thuc-tiktok/16-cach-tang-follow-tiktok-mien-phi-2025/feed/index.html]
[lemondigital.vn/wp-json/wp/v2/posts/4969.json]
[lemondigital.vn/wp-json/oembed/1.0/embededff.json]
[lemondigital.vn/wp-json/oembed/1.0/embed4a7a]
[lemondigital.vn/wp-content/uploads/2025/08/Vi-sao-nen-tang-follow-TikTok.png]
[lemondigital.vn/wp-content/uploads/2025/08/16-Cach-tang-follow-TikTok-1.png]
[lemondigital.vn/wp-content/uploads/2025/08/Chuyen-tai-khoan-sang-che-do-cong-khai-Public.png]
[lemondigital.vn/wp-content/uploads/2025/08/Dang-ky-tai-khoan-Pro.png]
[lemondigital.vn/wp-content/uploads/2025/08/Toi-uu-avatar-username-va-bio.png]
[lemondigital.vn/wp-content/uploads/2025/08/Viet-kich-ban-co-hook.png]
[lemondigital.vn/wp-content/uploads/2025/08/Quay-video-chat-luong-cao.png]
[lemondigital.vn/wp-content/uploads/2025/08/Bat-trend-remix-trend.png]
[lemondigital.vn/wp-content/uploads/2025/08/Dung-hashtag-hot-niche.png]
[lemondigital.vn/wp-content/uploads/2025/08/Chon-nhac-filter-dang-viral.png]
[lemondigital.vn/wp-content/uploads/2025/08/Dang-vao-gio-vang-duy-tri-lich-deu-dan.png]
[lemondigital.vn/wp-content/uploads/2025/08/Like-comment-chat-luong-tren-video-khac.png]
[lemondigital.vn/wp-content/uploads/2025/08/Tra-loi-comment-de-giu-chan-follower.png]
[lemondigital.vn/wp-content/uploads/2025/08/Hop-tac-qua-Duet-Stitch.png]
[lemondigital.vn/wp-content/uploads/2025/08/Chia-se-link-TikTok-len-Facebook_Instagram_YouTube.png]
[lemondigital.vn/wp-content/uploads/2025/08/Tham-gia-nhom-trao-doi-follow-tren-FB_Zalo.png]
[lemondigital.vn/wp-content/uploads/2025/08/Nghien-cuu-doi-thu-de-hoc-hook-format-viral.png]
[lemondigital.vn/wp-content/uploads/2025/08/Su-dung-cong-cu_web-ho-tro-tang-follow.png]
[lemondigital.vn/kien-thuc-tiktok/16-cach-tang-follow-tiktok-mien-phi-2025/index.html]
[lemondigital.vn/wp-content/uploads/essential-addons-elementor/eael-109aa3.css]
[lemondigital.vn/kien-thuc-tiktok/15-cach-tai-video-tiktok-khong-logo/feed/index.html]
[lemondigital.vn/wp-json/wp/v2/posts/4943.json]
[lemondigital.vn/wp-json/oembed/1.0/embed4800.json]
[lemondigital.vn/wp-json/oembed/1.0/embed6dd7]
[lemondigital.vn/wp-content/uploads/2025/07/4-5.png]
[lemondigital.vn/wp-content/uploads/2025/07/LEMON-DIGITAL-6-1.png]
[lemondigital.vn/wp-content/uploads/2025/07/LEMON-DIGITAL-7-1.png]
[lemondigital.vn/wp-content/uploads/2025/07/7-4.png]
[lemondigital.vn/wp-content/uploads/2025/07/8-1.png]
[lemondigital.vn/wp-content/uploads/2025/07/9-1.png]
[lemondigital.vn/wp-content/uploads/2025/07/10-1.png]
[lemondigital.vn/wp-content/uploads/2025/07/11-1.png]
[lemondigital.vn/wp-content/uploads/2025/07/12-2.png]
[lemondigital.vn/wp-content/uploads/2025/07/13-2.png]
[lemondigital.vn/wp-content/uploads/2025/07/14-3.png]
[lemondigital.vn/wp-content/uploads/2025/07/15-2.png]
[lemondigital.vn/wp-content/uploads/2025/07/16-2.png]
[lemondigital.vn/wp-content/uploads/2025/07/17-2.png]
[lemondigital.vn/wp-content/uploads/2025/07/18-2.png]
[lemondigital.vn/wp-content/uploads/2025/07/19-3.png]
[lemondigital.vn/wp-content/uploads/2025/07/3-6.png]
[lemondigital.vn/kien-thuc-tiktok/15-cach-tai-video-tiktok-khong-logo/index.html]
[lemondigital.vn/wp-content/uploads/essential-addons-elementor/eael-109aa3.js]
[lemondigital.vn/wp-content/uploads/essential-addons-elementor/eael-100e5a.css]
[lemondigital.vn/kien-thuc-tiktok/cach-sao-chep-lien-ket-tiktok/feed/index.html]
[lemondigital.vn/wp-json/wp/v2/posts/4936.json]
[lemondigital.vn/wp-json/oembed/1.0/embed97de.json]
[lemondigital.vn/wp-json/oembed/1.0/embed4772]
[lemondigital.vn/wp-content/uploads/2025/07/1-7.png]
[lemondigital.vn/wp-content/uploads/2025/07/LEMON-DIGITAL-5-2.png]
[lemondigital.vn/wp-content/uploads/2025/07/2-7.png]
[lemondigital.vn/kien-thuc-tiktok/cach-sao-chep-lien-ket-tiktok/index.html]
[lemondigital.vn/wp-content/uploads/essential-addons-elementor/eael-100e5a.js]
[lemondigital.vn/wp-content/uploads/essential-addons-elementor/eael-10de73.css]
[lemondigital.vn/kien-thuc-tiktok/16-cach-kiem-tien-tren-tiktok/feed/index.html]
[lemondigital.vn/wp-json/wp/v2/posts/4914.json]
[lemondigital.vn/wp-json/oembed/1.0/embed3e05.json]
[lemondigital.vn/wp-json/oembed/1.0/embedc076]
[lemondigital.vn/wp-content/uploads/2025/07/1-5.png]
[lemondigital.vn/wp-content/uploads/2025/07/3-5.png]
[lemondigital.vn/wp-content/uploads/2025/07/4-4.png]
[lemondigital.vn/wp-content/uploads/2025/07/7-3.png]
[lemondigital.vn/wp-content/uploads/2025/07/8.png]
[lemondigital.vn/wp-content/uploads/2025/07/9.png]
[lemondigital.vn/wp-content/uploads/2025/07/10.png]
[lemondigital.vn/wp-content/uploads/2025/07/19-2.png]
[lemondigital.vn/wp-content/uploads/2025/07/12.png]
[lemondigital.vn/wp-content/uploads/2025/07/13.png]
[lemondigital.vn/wp-content/uploads/2025/07/14-1.png]
[lemondigital.vn/wp-content/uploads/2025/07/15-1.png]
[lemondigital.vn/wp-content/uploads/2025/07/27-1.png]
[lemondigital.vn/wp-content/uploads/2025/07/16-1.png]
[lemondigital.vn/wp-content/uploads/2025/07/17-1.png]
[lemondigital.vn/wp-content/uploads/2025/07/18-1.png]
[lemondigital.vn/wp-content/uploads/2025/07/LEMON-DIGITAL-13.png]
[lemondigital.vn/wp-content/uploads/2025/07/2-6.png]
[lemondigital.vn/kien-thuc-tiktok/16-cach-kiem-tien-tren-tiktok/index.html]
[lemondigital.vn/wp-content/uploads/essential-addons-elementor/eael-10de73.js]
[lemondigital.vn/wp-content/uploads/essential-addons-elementor/eael-1037d1.css]
[lemondigital.vn/kien-thuc-tiktok/cach-tang-tim-tren-tiktok-hieu-qua/feed/index.html]
[lemondigital.vn/wp-json/wp/v2/posts/4905.json]
[lemondigital.vn/wp-json/oembed/1.0/embedfce4.json]
[lemondigital.vn/wp-json/oembed/1.0/embed324e]
[lemondigital.vn/wp-content/uploads/2025/07/2-5.png]
[lemondigital.vn/wp-content/uploads/2025/07/4-3.png]
[lemondigital.vn/wp-content/uploads/2025/07/5-2.png]
[lemondigital.vn/wp-content/uploads/2025/07/3-4.png]
[lemondigital.vn/wp-content/uploads/2025/07/LEMON-DIGITAL-4-1.png]
[lemondigital.vn/wp-content/uploads/2025/07/7-2.png]
[lemondigital.vn/kien-thuc-tiktok/cach-tang-tim-tren-tiktok-hieu-qua/index.html]
[lemondigital.vn/wp-content/uploads/essential-addons-elementor/eael-1037d1.js]
[lemondigital.vn/wp-content/uploads/essential-addons-elementor/eael-109f4c.css]
[lemondigital.vn/tin-tuc/cach-chan-bo-chan-nguoi-dung-tren-tiktok/feed/index.html]
[lemondigital.vn/wp-json/wp/v2/posts/4896.json]
[lemondigital.vn/wp-json/oembed/1.0/embed32f6.json]
[lemondigital.vn/wp-json/oembed/1.0/embed6da8]
[lemondigital.vn/wp-content/uploads/2025/07/1-4.png]
[lemondigital.vn/wp-content/uploads/2025/07/CHAN.png]
[lemondigital.vn/wp-content/uploads/2025/07/BO-CHAN.png]
[lemondigital.vn/wp-content/uploads/2025/07/2-4.png]
[lemondigital.vn/tin-tuc/cach-chan-bo-chan-nguoi-dung-tren-tiktok/index.html]
[lemondigital.vn/wp-content/uploads/essential-addons-elementor/eael-109f4c.js]
[lemondigital.vn/wp-content/uploads/essential-addons-elementor/eael-10c8df.css]
[lemondigital.vn/tin-tuc/cach-doi-ten-tiktok-tren-dien-thoai-va-may-tinh/feed/index.html]
[lemondigital.vn/wp-json/wp/v2/posts/4865.json]
[lemondigital.vn/wp-json/oembed/1.0/embed3350.json]
[lemondigital.vn/wp-json/oembed/1.0/embedd55b]
[lemondigital.vn/wp-content/uploads/2025/07/14.png]
[lemondigital.vn/wp-content/uploads/2025/07/15.png]
[lemondigital.vn/wp-content/uploads/2025/07/16.png]
[lemondigital.vn/wp-content/uploads/2025/07/18.png]
[lemondigital.vn/tin-tuc/cach-doi-ten-tiktok-tren-dien-thoai-va-may-tinh/index.html]
[lemondigital.vn/wp-content/uploads/essential-addons-elementor/eael-10c8df.js]
[lemondigital.vn/wp-content/uploads/essential-addons-elementor/eael-10a140.css]
[lemondigital.vn/tin-tuc/18-cach-kiem-tien-tren-tiktok-2025/feed/index.html]
[lemondigital.vn/wp-json/wp/v2/posts/4839.json]
[lemondigital.vn/wp-json/oembed/1.0/embed150a.json]
[lemondigital.vn/wp-json/oembed/1.0/embed2fd3]
[lemondigital.vn/wp-content/uploads/2025/06/32.png]
[lemondigital.vn/wp-content/uploads/2025/07/22.png]
[lemondigital.vn/wp-content/uploads/2025/07/23.png]
[lemondigital.vn/wp-content/uploads/2025/07/24.png]
[lemondigital.vn/wp-content/uploads/2025/07/25.png]
[lemondigital.vn/wp-content/uploads/2025/07/26.png]
[lemondigital.vn/wp-content/uploads/2025/07/27.png]
[lemondigital.vn/wp-content/uploads/2025/07/28.png]
[lemondigital.vn/wp-content/uploads/2025/07/29.png]
[lemondigital.vn/wp-content/uploads/2025/07/30.png]
[lemondigital.vn/wp-content/uploads/2025/07/31.png]
[lemondigital.vn/wp-content/uploads/2025/07/35-1.png]
[lemondigital.vn/wp-content/uploads/2025/07/33.png]
[lemondigital.vn/wp-content/uploads/2025/07/36.png]
[lemondigital.vn/wp-content/uploads/2025/07/34.png]
[lemondigital.vn/wp-content/uploads/2025/07/37.png]
[lemondigital.vn/wp-content/uploads/2025/06/32-2.png]
[lemondigital.vn/tin-tuc/18-cach-kiem-tien-tren-tiktok-2025/index.html]
[lemondigital.vn/wp-content/uploads/essential-addons-elementor/eael-10a140.js]
[lemondigital.vn/wp-content/uploads/essential-addons-elementor/eael-10d64a.css]
[lemondigital.vn/kien-thuc-tiktok/cach-xem-video-da-xem-tren-tiktok-cuc-don-gian/feed/index.html]
[lemondigital.vn/wp-json/wp/v2/posts/4823.json]
[lemondigital.vn/wp-json/oembed/1.0/embeda706.json]
[lemondigital.vn/wp-json/oembed/1.0/embedc625]
[lemondigital.vn/wp-content/uploads/2025/05/24.png]
[lemondigital.vn/wp-content/uploads/2025/07/3-2.png]
[lemondigital.vn/wp-content/uploads/2025/07/1-3.png]
[lemondigital.vn/wp-content/uploads/2025/07/2-2.png]
[lemondigital.vn/wp-content/uploads/2025/07/2-3.png]
[lemondigital.vn/wp-content/uploads/2025/07/3-3.png]
[lemondigital.vn/wp-content/uploads/2025/07/LEMON-DIGITAL-12.png]
[lemondigital.vn/kien-thuc-tiktok/cach-xem-video-da-xem-tren-tiktok-cuc-don-gian/index.html]
[lemondigital.vn/wp-content/uploads/essential-addons-elementor/eael-10d64a.js]
[lemondigital.vn/wp-content/uploads/essential-addons-elementor/eael-1063ac.css]
[lemondigital.vn/tin-tuc/tick-xanh-tiktok-la-gi/feed/index.html]
[lemondigital.vn/wp-json/wp/v2/posts/4038.json]
[lemondigital.vn/wp-json/oembed/1.0/embed5b90.json]
[lemondigital.vn/wp-json/oembed/1.0/embed4678]
[lemondigital.vn/wp-content/uploads/2025/05/24-2.png]
[lemondigital.vn/wp-content/uploads/2025/05/26-2.png]
[lemondigital.vn/wp-content/uploads/2025/05/25-2.png]
[lemondigital.vn/wp-content/uploads/2025/05/27-1.png]
[lemondigital.vn/category/tin-tuc/index.html]
[lemondigital.vn/tin-tuc/tick-xanh-tiktok-la-gi/index.html]
[lemondigital.vn/wp-content/uploads/essential-addons-elementor/eael-1063ac.js]
[lemondigital.vn/wp-content/uploads/essential-addons-elementor/eael-107b74.css]
[lemondigital.vn/kien-thuc-tiktok/cach-tao-tiktok-shop/feed/index.html]
[lemondigital.vn/wp-json/wp/v2/posts/4015.json]
[lemondigital.vn/wp-json/oembed/1.0/embed9380.json]
[lemondigital.vn/wp-json/oembed/1.0/embed2be0]
[lemondigital.vn/wp-content/uploads/2025/05/23-2.png]
[lemondigital.vn/wp-content/uploads/2025/05/26-1.png]
[lemondigital.vn/wp-content/uploads/2025/05/22-2.png]
[lemondigital.vn/wp-content/uploads/2025/05/Phi-hoa-hong-nen-tang-TikTok-Shop-Viet-Nam-tu-ngay-1-thang-4-nam-2025.pdf]
[lemondigital.vn/wp-content/uploads/2025/05/TikTok-Shop-VN-Phi-Suat-Phi-Hoa-Hong-Nen-Tang.pdf]
[lemondigital.vn/wp-content/uploads/2025/05/so-1-Lemonn.-vn-14-1.png]
[lemondigital.vn/kien-thuc-tiktok/cach-tao-tiktok-shop/index.html]
[lemondigital.vn/wp-content/uploads/essential-addons-elementor/eael-107b74.js]
[lemondigital.vn/wp-content/uploads/essential-addons-elementor/eael-10141d.css]
[lemondigital.vn/tin-tuc/dieu-kien-mo-tiktok-shop-chi-tiet-2025/feed/index.html]
[lemondigital.vn/wp-json/wp/v2/posts/4002.json]
[lemondigital.vn/wp-json/oembed/1.0/embed815d.json]
[lemondigital.vn/wp-json/oembed/1.0/embed4a93]
[lemondigital.vn/wp-content/uploads/2025/05/22-1.png]
[lemondigital.vn/wp-content/uploads/2025/05/23-1.png]
[lemondigital.vn/wp-content/uploads/2025/05/25.png]
[lemondigital.vn/wp-content/uploads/2025/05/26.png]
[lemondigital.vn/tin-tuc/dieu-kien-mo-tiktok-shop-chi-tiet-2025/index.html]
[lemondigital.vn/wp-content/uploads/essential-addons-elementor/eael-10141d.js]
[lemondigital.vn/wp-content/uploads/essential-addons-elementor/eael-103b12.css]
[lemondigital.vn/tin-tuc/6-buoc-ban-hang-tren-tiktok-shop/feed/index.html]
[lemondigital.vn/wp-json/wp/v2/posts/3993.json]
[lemondigital.vn/wp-json/oembed/1.0/embed16d1.json]
[lemondigital.vn/wp-json/oembed/1.0/embede5b4]
[lemondigital.vn/wp-content/uploads/2025/05/22.png]
[lemondigital.vn/wp-content/uploads/2025/05/21.png]
[lemondigital.vn/wp-content/uploads/2025/05/20.png]
[lemondigital.vn/wp-content/uploads/2025/05/23.png]
[lemondigital.vn/tin-tuc/6-buoc-ban-hang-tren-tiktok-shop/index.html]
[lemondigital.vn/wp-content/uploads/essential-addons-elementor/eael-103b12.js]
[lemondigital.vn/wp-content/uploads/essential-addons-elementor/eael-10a5ac.css]
[lemondigital.vn/tin-tuc/cach-ban-hang-tren-tiktok-shop/feed/index.html]
[lemondigital.vn/wp-json/wp/v2/posts/3972.json]
[lemondigital.vn/wp-json/oembed/1.0/embedd524.json]
[lemondigital.vn/wp-json/oembed/1.0/embed28c3]
[lemondigital.vn/wp-content/uploads/2025/05/so-1-Lemonn.-vn-18.png]
[lemondigital.vn/wp-content/uploads/2025/05/so-1-Lemonn.-vn-19.png]
[lemondigital.vn/wp-content/uploads/2025/05/9-1.png]
[lemondigital.vn/wp-content/uploads/2025/05/11-1.png]
[lemondigital.vn/tin-tuc/cach-ban-hang-tren-tiktok-shop/index.html]
[lemondigital.vn/wp-content/uploads/essential-addons-elementor/eael-10a5ac.js]
[lemondigital.vn/wp-content/uploads/essential-addons-elementor/eael-102ecf.css]
[lemondigital.vn/kien-thuc-tiktok/tiktok-creator-marketplace/feed/index.html]
[lemondigital.vn/wp-json/wp/v2/posts/3928.json]
[lemondigital.vn/wp-json/oembed/1.0/embed2fbd.json]
[lemondigital.vn/wp-json/oembed/1.0/embed12df]
[lemondigital.vn/wp-content/uploads/2025/05/9.png]
[lemondigital.vn/wp-content/uploads/2025/05/8-1.png]
[lemondigital.vn/wp-content/uploads/2025/05/7-1.png]
[lemondigital.vn/wp-content/uploads/2025/05/10.png]
[lemondigital.vn/wp-content/uploads/2025/05/11.png]
[lemondigital.vn/kien-thuc-tiktok/tiktok-creator-marketplace/index.html]
[lemondigital.vn/wp-content/uploads/essential-addons-elementor/eael-102ecf.js]
[lemondigital.vn/wp-content/uploads/essential-addons-elementor/eael-10f47b.css]
[lemondigital.vn/kien-thuc-tiktok/dich-vu-quang-cao-tiktok-ads/feed/index.html]
[lemondigital.vn/wp-json/wp/v2/posts/3873.json]
[lemondigital.vn/wp-json/oembed/1.0/embed9e1b.json]
[lemondigital.vn/wp-json/oembed/1.0/embedb2dc]
[lemondigital.vn/wp-content/uploads/2025/05/4.png]
[lemondigital.vn/wp-content/uploads/2025/05/5.png]
[lemondigital.vn/wp-content/uploads/2025/05/6.png]
[lemondigital.vn/wp-content/uploads/2025/05/so-1-Lemonn.-vn-6.png]
[lemondigital.vn/wp-content/uploads/2025/05/7.png]
[lemondigital.vn/wp-content/uploads/2025/05/8.png]
[lemondigital.vn/kien-thuc-tiktok/dich-vu-quang-cao-tiktok-ads/index.html]
[lemondigital.vn/wp-content/uploads/essential-addons-elementor/eael-10f47b.js]
[lemondigital.vn/wp-content/uploads/essential-addons-elementor/eael-109e4a.css]
[lemondigital.vn/kien-thuc-tiktok/tiktok-agency/feed/index.html]
[lemondigital.vn/wp-json/wp/v2/posts/3813.json]
[lemondigital.vn/wp-json/oembed/1.0/embed553a.json]
[lemondigital.vn/wp-json/oembed/1.0/embed42b6]
[lemondigital.vn/wp-content/uploads/2025/05/so-1-lemon.vn_-1-300x157.png]
[lemondigital.vn/wp-content/uploads/2025/05/so-1-Lemonn.-vn-1.png]
[lemondigital.vn/wp-content/uploads/2025/05/so-1-Lemonn.-vn-7.png]
[lemondigital.vn/wp-content/uploads/2025/05/so-1-Lemonn.-vn-1-1.png]
[lemondigital.vn/kien-thuc-tiktok/tiktok-agency/index.html]
[lemondigital.vn/wp-content/uploads/essential-addons-elementor/eael-109e4a.js]
[lemondigital.vn/wp-content/uploads/essential-addons-elementor/eael-102805.css]
[lemondigital.vn/category/kien-thuc-shopee/page/3/index.html]
[lemondigital.vn/wp-content/uploads/essential-addons-elementor/eael-105802.css]
[lemondigital.vn/wp-content/uploads/essential-addons-elementor/eael-102805.js]
[lemondigital.vn/wp-content/uploads/essential-addons-elementor/eael-105512.css]
[lemondigital.vn/tin-tuc/shopee-mall-la-gi-dieu-kien-cach-dang-ky/feed/index.html]
[lemondigital.vn/wp-json/wp/v2/posts/4546.json]
[lemondigital.vn/wp-json/oembed/1.0/embedf1f3.json]
[lemondigital.vn/wp-json/oembed/1.0/embedf4d5]
[lemondigital.vn/wp-content/uploads/2025/07/91.png]
[lemondigital.vn/wp-content/uploads/2025/07/90.png]
[lemondigital.vn/wp-content/uploads/2025/07/89.png]
[lemondigital.vn/wp-content/uploads/2025/07/88.png]
[lemondigital.vn/wp-content/uploads/2025/07/1.png]
[lemondigital.vn/tin-tuc/shopee-mall-la-gi-dieu-kien-cach-dang-ky/index.html]
[lemondigital.vn/wp-content/uploads/essential-addons-elementor/eael-105512.js]
[lemondigital.vn/wp-content/uploads/essential-addons-elementor/eael-1020df.css]
[lemondigital.vn/tin-tuc/shopee-affiliate-la-gi-kiem-tien-de-dang/feed/index.html]
[lemondigital.vn/wp-json/wp/v2/posts/4533.json]
[lemondigital.vn/wp-json/oembed/1.0/embedaf70.json]
[lemondigital.vn/wp-json/oembed/1.0/embed3473]
[lemondigital.vn/wp-content/uploads/2025/07/80.png]
[lemondigital.vn/wp-content/uploads/2025/07/LEMON-DIGITAL-1.png]
[lemondigital.vn/wp-content/uploads/2025/07/79.png]
[lemondigital.vn/tin-tuc/shopee-affiliate-la-gi-kiem-tien-de-dang/index.html]
[lemondigital.vn/wp-content/uploads/essential-addons-elementor/eael-1020df.js]
[lemondigital.vn/wp-content/uploads/essential-addons-elementor/eael-10e333.css]
[lemondigital.vn/wp-json/wp/v2/posts/4525.json]
[lemondigital.vn/tin-tuc/cach-huy-don-hang-tren-shopee/feed/index.html]
[lemondigital.vn/wp-json/oembed/1.0/embedf3c1.json]
[lemondigital.vn/wp-json/oembed/1.0/embed24eb]
[lemondigital.vn/wp-content/uploads/2025/07/52.png]
[lemondigital.vn/wp-content/uploads/2025/07/40.png]
[lemondigital.vn/wp-content/uploads/2025/07/53.png]
[lemondigital.vn/tin-tuc/cach-huy-don-hang-tren-shopee/index.html]
[lemondigital.vn/wp-content/uploads/essential-addons-elementor/eael-10e333.js]
[lemondigital.vn/wp-content/uploads/essential-addons-elementor/eael-106fdf.css]
[lemondigital.vn/tin-tuc/shopee-cua-nuoc-nao/feed/index.html]
[lemondigital.vn/wp-json/wp/v2/posts/4507.json]
[lemondigital.vn/wp-json/oembed/1.0/embed890b.json]
[lemondigital.vn/wp-json/oembed/1.0/embedeb32]
[lemondigital.vn/wp-content/uploads/2025/07/43.png]
[lemondigital.vn/wp-content/uploads/2025/07/65.png]
[lemondigital.vn/wp-content/uploads/2025/07/66.png]
[lemondigital.vn/wp-content/uploads/2025/07/51.png]
[lemondigital.vn/wp-content/uploads/2025/07/59.png]
[lemondigital.vn/tin-tuc/shopee-cua-nuoc-nao/index.html]
[lemondigital.vn/wp-content/uploads/essential-addons-elementor/eael-106fdf.js]
[lemondigital.vn/wp-content/uploads/essential-addons-elementor/eael-108c15.css]
[lemondigital.vn/tin-tuc/cach-san-sale-shopee-khong-lo-ve-gia/feed/index.html]
[lemondigital.vn/wp-json/wp/v2/posts/4493.json]
[lemondigital.vn/wp-json/oembed/1.0/embedf3ee.json]
[lemondigital.vn/wp-json/oembed/1.0/embed148c]
[lemondigital.vn/wp-content/uploads/2025/06/3.png]
[lemondigital.vn/wp-content/uploads/2025/06/55-1.png]
[lemondigital.vn/wp-content/uploads/2025/06/54.png]
[lemondigital.vn/wp-content/uploads/2025/06/56-1.png]
[lemondigital.vn/tin-tuc/cach-san-sale-shopee-khong-lo-ve-gia/index.html]
[lemondigital.vn/wp-content/uploads/essential-addons-elementor/eael-108c15.js]
[lemondigital.vn/wp-content/uploads/essential-addons-elementor/eael-10cae7.css]
[lemondigital.vn/tin-tuc/cach-ban-hang-tren-shopee-hieu-qua/feed/index.html]
[lemondigital.vn/wp-json/wp/v2/posts/4480.json]
[lemondigital.vn/wp-json/oembed/1.0/embedeb49.json]
[lemondigital.vn/wp-json/oembed/1.0/embed4c17]
[lemondigital.vn/wp-content/uploads/2025/06/49-1.png]
[lemondigital.vn/wp-content/uploads/2025/06/52.png]
[lemondigital.vn/wp-content/uploads/2025/06/LEMON-DIGITAL-2.png]
[lemondigital.vn/wp-content/uploads/2025/06/LEMON-DIGITAL-1.png]
[lemondigital.vn/tin-tuc/cach-ban-hang-tren-shopee-hieu-qua/index.html]
[lemondigital.vn/wp-content/uploads/essential-addons-elementor/eael-10cae7.js]
[lemondigital.vn/wp-content/uploads/essential-addons-elementor/eael-10cdaa.css]
[lemondigital.vn/tin-tuc/vi-shopee-pay-la-gi/feed/index.html]
[lemondigital.vn/wp-json/wp/v2/posts/4472.json]
[lemondigital.vn/wp-json/oembed/1.0/embed483b.json]
[lemondigital.vn/wp-json/oembed/1.0/embed7ba6]
[lemondigital.vn/wp-content/uploads/2025/06/456.png]
[lemondigital.vn/wp-content/uploads/2025/06/523.png]
[lemondigital.vn/wp-content/uploads/2025/06/121.png]
[lemondigital.vn/tin-tuc/vi-shopee-pay-la-gi/index.html]
[lemondigital.vn/wp-content/uploads/essential-addons-elementor/eael-10cdaa.js]
[lemondigital.vn/wp-content/uploads/essential-addons-elementor/eael-10e50b.css]
[lemondigital.vn/tin-tuc/cach-dang-ky-thuong-hieu-tren-shopee/feed/index.html]
[lemondigital.vn/wp-json/wp/v2/posts/4456.json]
[lemondigital.vn/wp-json/oembed/1.0/embed0653.json]
[lemondigital.vn/wp-json/oembed/1.0/embed3b50]
[lemondigital.vn/wp-content/uploads/2025/06/40-1.png]
[lemondigital.vn/wp-content/uploads/2025/06/39-1.png]
[lemondigital.vn/wp-content/uploads/2025/06/60-1.png]
[lemondigital.vn/tin-tuc/cach-dang-ky-thuong-hieu-tren-shopee/index.html]
[lemondigital.vn/index0368.html]
[lemondigital.vn/2025/09/13/index.html]
[lemondigital.vn/wp-content/uploads/essential-addons-elementor/eael-1046db.css]
[lemondigital.vn/index3522.html]
[lemondigital.vn/2025/09/09/index.html]
[lemondigital.vn/wp-content/uploads/essential-addons-elementor/eael-103d55.css]
[lemondigital.vn/indexceaa.html]
[lemondigital.vn/2025/09/07/index.html]
[lemondigital.vn/wp-content/uploads/essential-addons-elementor/eael-10b2ee.css]
[lemondigital.vn/index8f1c.html]
[lemondigital.vn/2025/08/30/index.html]
[lemondigital.vn/wp-content/uploads/essential-addons-elementor/eael-10900b.css]
[lemondigital.vn/indexb809.html]
[lemondigital.vn/2025/08/29/index.html]
[lemondigital.vn/wp-content/uploads/essential-addons-elementor/eael-102898.css]
[lemondigital.vn/indexe27f.html]
[lemondigital.vn/wp-content/uploads/essential-addons-elementor/eael-10cd30.css]
[lemondigital.vn/indexe686.html]
[lemondigital.vn/wp-content/uploads/essential-addons-elementor/eael-10e50b.js]
[lemondigital.vn/tin-tuc/phi-dich-vu-shopee-la-gi/feed/index.html]
[lemondigital.vn/wp-json/wp/v2/posts/4392.json]
[lemondigital.vn/wp-json/oembed/1.0/embed9e0e.json]
[lemondigital.vn/wp-json/oembed/1.0/embedcd27]
[lemondigital.vn/wp-content/uploads/2025/06/1.png]
[lemondigital.vn/tin-tuc/phi-dich-vu-shopee-la-gi/index.html]
[lemondigital.vn/wp-content/uploads/essential-addons-elementor/eael-10f38b.css]
[lemondigital.vn/tin-tuc/dich-vu-van-hanh-shopee-chuyen-nghiep/feed/index.html]
[lemondigital.vn/wp-json/wp/v2/posts/4379.json]
[lemondigital.vn/wp-json/oembed/1.0/embed7b0c.json]
[lemondigital.vn/wp-json/oembed/1.0/embedfbc9]
[lemondigital.vn/wp-content/uploads/2025/06/48.png]
[lemondigital.vn/wp-content/uploads/2025/06/53.png]
[lemondigital.vn/tin-tuc/dich-vu-van-hanh-shopee-chuyen-nghiep/index.html]
[lemondigital.vn/wp-content/uploads/essential-addons-elementor/eael-10f38b.js]
[lemondigital.vn/wp-content/uploads/essential-addons-elementor/eael-1031e5.css]
[lemondigital.vn/kien-thuc-shopee/shopee-du-doan-3-xu-huong-tieu-dung-noi-bat-tai-viet-nam-nam-2023/feed/index.html]
[lemondigital.vn/wp-json/wp/v2/posts/122.json]
[lemondigital.vn/wp-json/oembed/1.0/embedd04e.json]
[lemondigital.vn/wp-json/oembed/1.0/embed35dd]
[lemondigital.vn/kien-thuc-shopee/shopee-du-doan-3-xu-huong-tieu-dung-noi-bat-tai-viet-nam-nam-2023/index.html]
[lemondigital.vn/wp-content/uploads/essential-addons-elementor/eael-1031e5.js]
[lemondigital.vn/wp-content/uploads/essential-addons-elementor/eael-103487.css]
[lemondigital.vn/kien-thuc-shopee/10-san-thuong-mai-dien-tu-hut-khach-nhat-viet-nam/feed/index.html]
[lemondigital.vn/wp-json/wp/v2/posts/119.json]
[lemondigital.vn/wp-json/oembed/1.0/embed54d2.json]
[lemondigital.vn/wp-json/oembed/1.0/embed68f3]
[photo-cms-viettimes.zadn.vn/w820/Uploaded/2023/obfipuo/2022_09_17/300445492-1295443631260046-1157767861855340834-n-238.png]
[photo-cms-viettimes.zadn.vn/w820/Uploaded/2023/obfipuo/2022_09_17/4f2a2d54-790b-4195-8dc3-361d72e44d50-2017.png]
[lemondigital.vn/kien-thuc-shopee/10-san-thuong-mai-dien-tu-hut-khach-nhat-viet-nam/index.html]
[lemondigital.vn/kien-thuc-shopee/huong-dan-cach-tim-sản-phẩm-ban-chạy-trên-shopee/index.html]
[lemondigital.vn/wp-content/uploads/essential-addons-elementor/eael-10c5a1.css]
[lemondigital.vn/wp-content/uploads/essential-addons-elementor/eael-103487.js]
[lemondigital.vn/tin-tuc/dich-vu-van-hanh-amazon-hieu-qua/feed/index.html]
[lemondigital.vn/wp-json/wp/v2/posts/4559.json]
[lemondigital.vn/wp-json/oembed/1.0/embed4892.json]
[lemondigital.vn/wp-json/oembed/1.0/embed86da]
[lemondigital.vn/wp-content/uploads/2025/07/53-1.png]
[lemondigital.vn/wp-content/uploads/2025/07/60.png]
[lemondigital.vn/tin-tuc/dich-vu-van-hanh-amazon-hieu-qua/index.html]
[lemondigital.vn/indexbeb9.html]
[lemondigital.vn/2025/08/31/index.html]
[lemondigital.vn/wp-content/uploads/essential-addons-elementor/eael-104445.css]
[lemondigital.vn/indexa784.html]
[lemondigital.vn/wp-content/uploads/essential-addons-elementor/eael-109f06.css]
[lemondigital.vn/indexf36e.html]
[lemondigital.vn/wp-content/uploads/essential-addons-elementor/eael-109d31.css]
[lemondigital.vn/index4de4.html]
[lemondigital.vn/wp-content/uploads/essential-addons-elementor/eael-10ed77.css]
[lemondigital.vn/index249f.html]
[lemondigital.vn/wp-content/uploads/essential-addons-elementor/eael-10e5a6.css]
[lemondigital.vn/index0863.html]
[lemondigital.vn/2025/07/07/index.html]
[lemondigital.vn/wp-content/uploads/essential-addons-elementor/eael-105e6c.css]
[lemondigital.vn/index8d99.html]
[lemondigital.vn/wp-content/uploads/essential-addons-elementor/eael-10ed92.css]
[lemondigital.vn/indexd2a7.html]
[lemondigital.vn/wp-content/uploads/essential-addons-elementor/eael-101e5d.css]
[lemondigital.vn/indexb75a.html]
[lemondigital.vn/index3560.html]
[lemondigital.vn/2025/07/30/index.html]
[lemondigital.vn/wp-content/uploads/essential-addons-elementor/eael-104d62.css]
[lemondigital.vn/index4ed2.html]
[lemondigital.vn/2025/07/22/index.html]
[lemon.kp3.website/wp-content/uploads/2024/12/Group-36-1.png]
[lemondigital.vn/tin-tuc/page/4/index.html]
[lemondigital.vn/index4dc7.html]
[lemondigital.vn/2025/09/01/index.html]
[lemondigital.vn/wp-content/uploads/essential-addons-elementor/eael-101d54.css]
[lemondigital.vn/index4063.html]
[lemondigital.vn/2025/08/28/index.html]
[lemondigital.vn/index4f85.html]
[lemondigital.vn/wp-content/uploads/essential-addons-elementor/eael-103ddd.css]
[lemondigital.vn/index5dd1.html]
[lemondigital.vn/wp-content/uploads/essential-addons-elementor/eael-105be0.css]
[lemondigital.vn/index6bdb.html]
[lemondigital.vn/2025/08/27/index.html]
[lemondigital.vn/wp-content/uploads/essential-addons-elementor/eael-102912.css]
[lemondigital.vn/indexdca4.html]
[lemondigital.vn/wp-content/uploads/2025/08/cb887a88-f378-45d8-96dd-3c1b023789a2.png]
[lemondigital.vn/tin-tuc/page/5/index.html]
[lemondigital.vn/wp-content/uploads/essential-addons-elementor/eael-10ebcb.css]
[lemondigital.vn/index16d3.html]
[lemondigital.vn/wp-json/oembed/1.0/embedc045]
[lemondigital.vn/wp-json/oembed/1.0/embedb180]
[lemondigital.vn/wp-content/uploads/essential-addons-elementor/eael-10ec7c.css]
[lemondigital.vn/category/kien-thuc-tiktok/page/4/index.html]
[lemondigital.vn/wp-content/uploads/essential-addons-elementor/eael-100db0.css]
[lemondigital.vn/wp-content/uploads/essential-addons-elementor/eael-10ab4e.css]
[lemondigital.vn/index36e1.html]
[lemondigital.vn/2025/08/07/index.html]
[lemondigital.vn/wp-content/uploads/essential-addons-elementor/eael-10d9b8.css]
[lemondigital.vn/index163a.html]
[lemondigital.vn/2025/08/06/index.html]
[lemondigital.vn/wp-content/uploads/essential-addons-elementor/eael-10719c.css]
[lemondigital.vn/index2c33.html]
[lemondigital.vn/wp-content/uploads/essential-addons-elementor/eael-10ec7c.js]
[lemondigital.vn/2025/08/05/index.html]
[lemondigital.vn/wp-content/uploads/2025/08/topic.png]
[lemondigital.vn/wp-content/uploads/2025/08/28.png]
[lemondigital.vn/category/kien-thuc-tiktok/page/5/index.html]
[lemondigital.vn/wp-json/oembed/1.0/embed82dd]
[lemondigital.vn/wp-json/oembed/1.0/embedbdf9]
[lemondigital.vn/wp-json/wp/v2/posts/4811.json]
[lemondigital.vn/tin-tuc/cach-xoa-logo-tiktok-don-gian-full-hd/feed/index.html]
[lemondigital.vn/wp-json/oembed/1.0/embed7ff5.json]
[lemondigital.vn/wp-json/oembed/1.0/embed33be]
[lemondigital.vn/wp-content/uploads/2025/07/2-1.png]
[lemondigital.vn/wp-content/uploads/2025/07/4-1.png]
[lemondigital.vn/wp-content/uploads/2025/07/3-1.png]
[lemondigital.vn/wp-content/uploads/2025/07/1-2.png]
[lemondigital.vn/wp-content/uploads/2025/07/5-1.png]
[lemondigital.vn/wp-content/uploads/2025/07/6-1.png]
[lemondigital.vn/wp-content/uploads/2025/07/5.png]
[lemondigital.vn/wp-content/uploads/2025/07/7-1.png]
[lemondigital.vn/tin-tuc/cach-xoa-logo-tiktok-don-gian-full-hd/index.html]
[lemondigital.vn/wp-content/uploads/essential-addons-elementor/eael-10530d.css]
[lemondigital.vn/kien-thuc-tiktok/cach-chup-hinh-tren-tiktok-sieu-don-gian/feed/index.html]
[lemondigital.vn/wp-json/wp/v2/posts/4799.json]
[lemondigital.vn/wp-json/oembed/1.0/embed89c0.json]
[lemondigital.vn/wp-json/oembed/1.0/embed2b06]
[lemondigital.vn/wp-content/uploads/2025/07/1-1.png]
[lemondigital.vn/wp-content/uploads/2025/07/2.png]
[lemondigital.vn/wp-content/uploads/2025/07/4.png]
[lemondigital.vn/wp-content/uploads/2025/07/7.png]
[lemondigital.vn/wp-content/uploads/2025/07/6.png]
[lemondigital.vn/kien-thuc-tiktok/cach-chup-hinh-tren-tiktok-sieu-don-gian/index.html]
[lemondigital.vn/wp-content/uploads/essential-addons-elementor/eael-10530d.js]
[lemondigital.vn/wp-content/uploads/essential-addons-elementor/eael-108d94.css]
[lemondigital.vn/tin-tuc/cach-live-tren-tiktok-sieu-de/feed/index.html]
[lemondigital.vn/wp-json/wp/v2/posts/4612.json]
[lemondigital.vn/wp-json/oembed/1.0/embed4447.json]
[lemondigital.vn/wp-json/oembed/1.0/embed7e61]
[lemondigital.vn/wp-content/uploads/2025/07/60-1.png]
[lemondigital.vn/wp-content/uploads/2025/07/58-1.png]
[lemondigital.vn/wp-content/uploads/2025/07/61.png]
[lemondigital.vn/tin-tuc/cach-live-tren-tiktok-sieu-de/index.html]
[lemondigital.vn/wp-content/uploads/essential-addons-elementor/eael-108d94.js]
[lemondigital.vn/wp-content/uploads/essential-addons-elementor/eael-10c406.css]
[lemondigital.vn/tin-tuc/dich-vu-thue-tai-khoan-quang-cao-tiktok/feed/index.html]
[lemondigital.vn/wp-json/wp/v2/posts/4131.json]
[lemondigital.vn/wp-json/oembed/1.0/embed8f72.json]
[lemondigital.vn/wp-json/oembed/1.0/embedeb16]
[lemondigital.vn/wp-content/uploads/2025/06/33-3.png]
[lemondigital.vn/wp-content/uploads/2025/06/36-1.png]
[lemondigital.vn/wp-content/uploads/2025/06/35-2.png]
[lemondigital.vn/wp-content/uploads/2025/06/34-3.png]
[lemondigital.vn/tin-tuc/dich-vu-thue-tai-khoan-quang-cao-tiktok/index.html]
[lemondigital.vn/wp-content/uploads/essential-addons-elementor/eael-10c406.js]
[lemondigital.vn/wp-content/uploads/essential-addons-elementor/eael-1046bb.css]
[lemondigital.vn/tin-tuc/tiktok-shop-partner-la-gi/feed/index.html]
[lemondigital.vn/wp-json/wp/v2/posts/4123.json]
[lemondigital.vn/wp-json/oembed/1.0/embed86d4.json]
[lemondigital.vn/wp-json/oembed/1.0/embedd1c1]
[lemondigital.vn/wp-content/uploads/2025/06/so-1-Lemonn.-vn-10.png]
[lemondigital.vn/wp-content/uploads/2025/06/34-2.png]
[lemondigital.vn/wp-content/uploads/2025/06/35-1.png]
[lemondigital.vn/tin-tuc/tiktok-shop-partner-la-gi/index.html]
[lemondigital.vn/wp-content/uploads/essential-addons-elementor/eael-1046bb.js]
[lemondigital.vn/wp-content/uploads/essential-addons-elementor/eael-1092d5.css]
[lemondigital.vn/tin-tuc/tiktok-ads-la-gi/feed/index.html]
[lemondigital.vn/wp-json/wp/v2/posts/4111.json]
[lemondigital.vn/wp-json/oembed/1.0/embed062c.json]
[lemondigital.vn/wp-json/oembed/1.0/embedea00]
[lemondigital.vn/wp-content/uploads/2025/06/35.png]
[lemondigital.vn/wp-content/uploads/2025/06/33-1.png]
[lemondigital.vn/wp-content/uploads/2025/06/34-1.png]
[lemondigital.vn/wp-content/uploads/2025/06/37.png]
[lemondigital.vn/tin-tuc/tiktok-ads-la-gi/index.html]
[lemondigital.vn/wp-content/uploads/essential-addons-elementor/eael-1092d5.js]
[lemondigital.vn/wp-content/uploads/essential-addons-elementor/eael-1092ab.css]
[lemondigital.vn/kien-thuc-tiktok/15-cach-xay-kenh-tiktok-len-xu-huong/feed/index.html]
[lemondigital.vn/wp-json/wp/v2/posts/4086.json]
[lemondigital.vn/wp-json/oembed/1.0/embed1a61.json]
[lemondigital.vn/wp-json/oembed/1.0/embedcef1]
[lemondigital.vn/wp-content/uploads/2025/06/30.png]
[lemondigital.vn/wp-content/uploads/2025/06/30-1.png]
[lemondigital.vn/wp-content/uploads/2025/06/34.png]
[lemondigital.vn/wp-content/uploads/2025/06/32-1.png]
[lemondigital.vn/kien-thuc-tiktok/15-cach-xay-kenh-tiktok-len-xu-huong/index.html]
[lemondigital.vn/wp-content/uploads/essential-addons-elementor/eael-1092ab.js]
[lemondigital.vn/wp-content/uploads/essential-addons-elementor/eael-101538.css]
[lemondigital.vn/tin-tuc/chi-phi-quang-cao-tiktok-chi-tiet-2025/feed/index.html]
[lemondigital.vn/wp-json/wp/v2/posts/4075.json]
[lemondigital.vn/wp-json/oembed/1.0/embed2b1f.json]
[lemondigital.vn/wp-json/oembed/1.0/embed4346]
[lemondigital.vn/wp-content/uploads/2025/06/so-1-Lemonn.-vn-1.png]
[lemondigital.vn/wp-content/uploads/2025/06/23.png]
[lemondigital.vn/wp-content/uploads/2025/06/28.png]
[lemondigital.vn/wp-content/uploads/2025/06/26.png]
[lemondigital.vn/wp-content/uploads/2025/06/27.png]
[lemondigital.vn/tin-tuc/chi-phi-quang-cao-tiktok-chi-tiet-2025/index.html]
[lemondigital.vn/wp-content/uploads/essential-addons-elementor/eael-101538.js]
[lemondigital.vn/wp-content/uploads/essential-addons-elementor/eael-107790.css]
[lemondigital.vn/tin-tuc/cach-chay-quang-cao-video-tren-tiktok/feed/index.html]
[lemondigital.vn/wp-json/wp/v2/posts/4052.json]
[lemondigital.vn/wp-json/oembed/1.0/embed8db5.json]
[lemondigital.vn/wp-json/oembed/1.0/embed33c3]
[lemondigital.vn/wp-content/uploads/2025/05/so-1-Lemonn.-vn-24-1.png]
[lemondigital.vn/wp-content/uploads/2025/05/26-3.png]
[lemondigital.vn/wp-content/uploads/2025/05/24-3.png]
[lemondigital.vn/wp-content/uploads/2025/05/25-3.png]
[lemondigital.vn/tin-tuc/cach-chay-quang-cao-video-tren-tiktok/index.html]
[lemondigital.vn/xmlrpc0db0.php]
[lemondigital.vn/dich-vu]
[lemondigital.vn/wp-content/uploads/2025/09/d8414e68-b0af-4555-a7bd-88d5fdaba722.png]
[lemondigital.vn/wp-content/uploads/2025/09/7e6082ea-bc1a-40ae-8336-fccfe5c6b4aa.png]
[lemondigital.vn/wp-content/uploads/2025/09/c508f724-4cd0-4947-bacf-9eea64e7ca58.png]
[lemondigital.vn/wp-content/uploads/essential-addons-elementor/eael-107790.js]
[lemondigital.vn/index130d.html]
[lemondigital.vn/2025/08/03/index.html]
[lemondigital.vn/wp-content/uploads/essential-addons-elementor/eael-109aa3.css]
[lemondigital.vn/index26fc.html]
[lemondigital.vn/2025/07/31/index.html]
[lemondigital.vn/wp-content/uploads/essential-addons-elementor/eael-100e5a.css]
[lemondigital.vn/indexb95c.html]
[lemondigital.vn/wp-content/uploads/essential-addons-elementor/eael-10de73.css]
[lemondigital.vn/indexe205.html]
[lemondigital.vn/wp-content/uploads/essential-addons-elementor/eael-1037d1.css]
[lemondigital.vn/indexc01a.html]
[lemondigital.vn/wp-content/uploads/essential-addons-elementor/eael-109f4c.css]
[lemondigital.vn/index0e6c.html]
[lemondigital.vn/wp-content/uploads/essential-addons-elementor/eael-10c8df.css]
[lemondigital.vn/indexbfe2.html]
[lemondigital.vn/2025/07/28/index.html]
[lemondigital.vn/wp-content/uploads/essential-addons-elementor/eael-10a140.css]
[lemondigital.vn/index6524.html]
[lemondigital.vn/2025/07/27/index.html]
[lemondigital.vn/wp-content/uploads/essential-addons-elementor/eael-10d64a.css]
[lemondigital.vn/index511e.html]
[lemondigital.vn/2025/07/26/index.html]
[lemondigital.vn/wp-content/uploads/essential-addons-elementor/eael-1063ac.css]
[lemondigital.vn/index9945.html]
[lemondigital.vn/wp-content/uploads/2025/09/04f19c14-d211-496c-ae00-51550d1032ac.png]
[lemondigital.vn/wp-content/uploads/2025/09/Buoc-3-Tat-Che-do-han-che-tren-TikTok.png]
[lemondigital.vn/category/tin-tuc/page/2/index.html]
[lemondigital.vn/wp-json/wp/v2/categories/1.json]
[lemondigital.vn/category/tin-tuc/index.html]
[lemondigital.vn/category/tin-tuc/index2cc3.html]
[lemondigital.vn/category/tin-tuc/indexf403.html]
[lemondigital.vn/category/tin-tuc/feed/index.html]
[lemondigital.vn/2025/05/31/index.html]
[lemondigital.vn/wp-content/uploads/essential-addons-elementor/eael-107b74.css]
[lemondigital.vn/indexa640.html]
[lemondigital.vn/2025/05/30/index.html]
[lemondigital.vn/wp-content/uploads/essential-addons-elementor/eael-10141d.css]
[lemondigital.vn/indexa5c8.html]
[lemondigital.vn/2025/05/29/index.html]
[lemondigital.vn/wp-content/uploads/essential-addons-elementor/eael-103b12.css]
[lemondigital.vn/index9f49.html]
[lemondigital.vn/2025/05/28/index.html]
[lemondigital.vn/wp-content/uploads/essential-addons-elementor/eael-10a5ac.css]
[lemondigital.vn/indexb1e8.html]
[lemondigital.vn/2025/05/27/index.html]
[lemondigital.vn/wp-content/uploads/essential-addons-elementor/eael-102ecf.css]
[lemondigital.vn/index6085.html]
[lemondigital.vn/2025/05/26/index.html]
[lemondigital.vn/wp-content/uploads/essential-addons-elementor/eael-10f47b.css]
[lemondigital.vn/index9f38.html]
[lemondigital.vn/2025/05/25/index.html]
[lemondigital.vn/wp-content/uploads/essential-addons-elementor/eael-109e4a.css]
[lemondigital.vn/indexbd7a.html]
[lemondigital.vn/2025/05/24/index.html]
[lemondigital.vn/wp-content/uploads/essential-addons-elementor/eael-102805.css]
[lemondigital.vn/wp-content/uploads/essential-addons-elementor/eael-105512.css]
[lemondigital.vn/indexe5df.html]
[lemondigital.vn/2025/07/04/index.html]
[lemondigital.vn/wp-content/uploads/essential-addons-elementor/eael-1020df.css]
[lemondigital.vn/index43d3.html]
[lemondigital.vn/2025/07/03/index.html]
[lemondigital.vn/wp-content/uploads/essential-addons-elementor/eael-10e333.css]
[lemondigital.vn/index2841.html]
[lemondigital.vn/2025/07/02/index.html]
[lemondigital.vn/wp-content/uploads/essential-addons-elementor/eael-106fdf.css]
[lemondigital.vn/index62d0.html]
[lemondigital.vn/2025/07/01/index.html]
[lemondigital.vn/wp-content/uploads/essential-addons-elementor/eael-108c15.css]
[lemondigital.vn/index3c6d.html]
[lemondigital.vn/2025/06/30/index.html]
[lemondigital.vn/wp-content/uploads/essential-addons-elementor/eael-10cae7.css]
[lemondigital.vn/index6b7d.html]
[lemondigital.vn/2025/06/28/index.html]
[lemondigital.vn/wp-content/uploads/essential-addons-elementor/eael-10cdaa.css]
[lemondigital.vn/index531b.html]
[lemondigital.vn/2025/06/27/index.html]
[lemondigital.vn/wp-content/uploads/essential-addons-elementor/eael-10e50b.css]
[lemondigital.vn/indexf36b.html]
[lemondigital.vn/2025/06/26/index.html]
[lemondigital.vn/index218b.html]
[lemondigital.vn/2025/06/25/index.html]
[lemondigital.vn/wp-content/uploads/essential-addons-elementor/eael-10f38b.css]
[lemondigital.vn/indexa272.html]
[lemondigital.vn/2025/06/24/index.html]
[lemondigital.vn/wp-content/uploads/essential-addons-elementor/eael-1031e5.css]
[lemondigital.vn/indexdb84.html]
[lemondigital.vn/wp-content/uploads/essential-addons-elementor/eael-103487.css]
[lemondigital.vn/index7737.html]
[lemondigital.vn/indexa2f1.html]
[lemondigital.vn/category/tin-tuc/index9b2f.html]
[lemondigital.vn/tin-tuc/page/5/index.html]
[lemondigital.vn/category/kien-thuc-tiktok/page/5/index.html]
[lemondigital.vn/wp-content/uploads/essential-addons-elementor/eael-10ec7c.css]
[lemondigital.vn/index6c78.html]
[lemondigital.vn/2025/07/25/index.html]
[lemondigital.vn/wp-content/uploads/essential-addons-elementor/eael-10530d.css]
[lemondigital.vn/indexde2d.html]
[lemondigital.vn/2025/07/24/index.html]
[lemondigital.vn/wp-content/uploads/essential-addons-elementor/eael-108d94.css]
[lemondigital.vn/index0257.html]
[lemondigital.vn/wp-content/uploads/essential-addons-elementor/eael-10c406.css]
[lemondigital.vn/indexa8ea.html]
[lemondigital.vn/2025/06/06/index.html]
[lemondigital.vn/wp-content/uploads/essential-addons-elementor/eael-1046bb.css]
[lemondigital.vn/indexb663.html]
[lemondigital.vn/2025/06/05/index.html]
[lemondigital.vn/wp-content/uploads/essential-addons-elementor/eael-1092d5.css]
[lemondigital.vn/index7ac9.html]
[lemondigital.vn/2025/06/04/index.html]
[lemondigital.vn/wp-content/uploads/essential-addons-elementor/eael-1092ab.css]
[lemondigital.vn/indexdead.html]
[lemondigital.vn/2025/06/03/index.html]
[lemondigital.vn/wp-content/uploads/essential-addons-elementor/eael-101538.css]
[lemondigital.vn/index3c89.html]
[lemondigital.vn/2025/06/02/index.html]
[lemondigital.vn/wp-content/uploads/essential-addons-elementor/eael-107790.css]
[lemondigital.vn/indexc6f8.html]
[lemondigital.vn/2025/06/01/index.html]
[lemondigital.vn/category/tin-tuc/page/2/index.html]
[lemondigital.vn/category/tin-tuc/index9b2f.html]
[lemondigital.vn/category/tin-tuc/index2cc3.html]
[lemondigital.vn/category/tin-tuc/indexf403.html]
[lemondigital.vn/tin-tuc/page/6/index.html]
[lemondigital.vn/wp-content/uploads/2025/08/95.png]
[lemondigital.vn/tin-tuc/page/6/index.html]
[lemondigital.vn/category/tin-tuc/page/3/index.html]
[lemondigital.vn/category/tin-tuc/indexef52.html]
[lemondigital.vn/category/tin-tuc/page/3/index.html]
[lemondigital.vn/tin-tuc/page/7/index.html]
[lemondigital.vn/category/tin-tuc/indexef52.html]
[lemondigital.vn/tin-tuc/page/7/index.html]
[lemondigital.vn/tin-tuc/cach-doi-ngay-thang-nam-sinh-tren-tiktok/index.html]
[lemondigital.vn/category/tin-tuc/page/4/index.html]
[lemondigital.vn/tin-tuc/page/8/index.html]
[lemondigital.vn/wp-content/uploads/essential-addons-elementor/eael-10e4cc.css]
[lemondigital.vn/tin-tuc/cach-doi-ngay-thang-nam-sinh-tren-tiktok/feed/index.html]
[lemondigital.vn/wp-json/wp/v2/posts/4975.json]
[lemondigital.vn/wp-json/oembed/1.0/embed2d8d.json]
[lemondigital.vn/wp-json/oembed/1.0/embedded3]
[lemondigital.vn/wp-content/uploads/2025/08/21.png]
[lemondigital.vn/wp-content/uploads/2025/08/22.png]
[lemondigital.vn/wp-content/uploads/2025/08/23.png]
[lemondigital.vn/tin-tuc/cach-doi-ngay-thang-nam-sinh-tren-tiktok/index.html]
[lemondigital.vn/category/tin-tuc/page/4/index.html]
[lemondigital.vn/wp-content/uploads/essential-addons-elementor/eael-10e4cc.js]
[lemondigital.vn/wp-content/uploads/essential-addons-elementor/eael-10c8b5.css]
[lemondigital.vn/tin-tuc/page/8/index.html]
[lemondigital.vn/wp-content/uploads/essential-addons-elementor/eael-10e4cc.css]
[lemondigital.vn/index0fdb.html]
[lemondigital.vn/2025/08/04/index.html]
[lemondigital.vn/wp-content/uploads/essential-addons-elementor/eael-10c8b5.js]
[lemondigital.vn/category/tin-tuc/page/5/index.html]
[lemondigital.vn/category/tin-tuc/page/5/index.html]
[lemondigital.vn/tin-tuc/page/9/index.html]
[lemondigital.vn/tin-tuc/page/9/index.html]
[lemondigital.vn/wp-content/uploads/essential-addons-elementor/eael-10c8b5.css]
[lemondigital.vn/category/tin-tuc/page/6/index.html]
[lemondigital.vn/category/tin-tuc/page/6/index.html]
[lemondigital.vn/category/tin-tuc/page/7/index.html]
[lemondigital.vn/category/tin-tuc/page/7/index.html]
[lemondigital.vn/category/tin-tuc/page/8/index.html]
[lemondigital.vn/wp-content/uploads/2025/06/15.png]
[lemondigital.vn/category/tin-tuc/page/8/index.html]
[lemondigital.vn/tin-tuc/doi-tac-tiktok-shop-la-gi/index.html]
[lemondigital.vn/category/tin-tuc/page/9/index.html]
[lemondigital.vn/category/tin-tuc/page/9/index.html]
[lemondigital.vn/tin-tuc/doi-tac-tiktok-shop-la-gi/feed/index.html]
[lemondigital.vn/wp-json/wp/v2/posts/4142.json]
[lemondigital.vn/wp-json/oembed/1.0/embed3b9d.json]
[lemondigital.vn/wp-json/oembed/1.0/embed5497]
[lemondigital.vn/wp-content/uploads/2025/06/so-1-Lemonn.-vn-38.png]
[lemondigital.vn/wp-content/uploads/2025/06/35-3.png]
[lemondigital.vn/wp-content/uploads/2025/06/so-1-Lemonn.-vn-37.png]
[lemondigital.vn/tin-tuc/doi-tac-tiktok-shop-la-gi/index.html]
[lemondigital.vn/indexb765.html]
[lemondigital.vn/2025/06/07/index.html]
